station_id,station_name,timestamp,temperature,pressure,humidity,label,fault_type,ground_truth_is_anomaly,ground_truth_sensor
AWS-002,Mumbai Colaba,2026-08-01 00:00:00,26.46,1011.2,89.4,normal,none,0,none
AWS-002,Mumbai Colaba,2026-08-01 00:10:00,25.59,1011.59,88.5,normal,none,0,none
AWS-002,Mumbai Colaba,2026-08-01 00:20:00,25.94,1011.55,88.4,normal,none,0,none
AWS-002,Mumbai Colaba,2026-08-01 00:30:00,25.47,1011.69,88.8,normal,none,0,none
AWS-002,Mumbai Colaba,2026-08-01 00:40:00,25.31,1011.63,87.8,normal,none,0,none
AWS-002,Mumbai Colaba,2026-08-01 00:50:00,25.45,1011.68,89.6,normal,none,0,none
AWS-002,Mumbai Colaba,2026-08-01 01:00:00,25.46,1011.46,90.8,normal,none,0,none
AWS-002,Mumbai Colaba,2026-08-01 01:10:00,25.18,1011.03,88.1,normal,none,0,none
AWS-002,Mumbai Colaba,2026-08-01 01:20:00,25.52,1011.49,91.2,normal,none,0,none
AWS-002,Mumbai Colaba,2026-08-01 01:30:00,25.62,1011.37,88.7,normal,none,0,none
AWS-002,Mumbai Colaba,2026-08-01 01:40:00,25.27,1012.1,88.7,normal,none,0,none
AWS-002,Mumbai Colaba,2026-08-01 01:50:00,24.75,1011.84,89.3,normal,none,0,none
AWS-002,Mumbai Colaba,2026-08-01 02:00:00,24.75,1012.19,89.4,normal,none,0,none
AWS-002,Mumbai Colaba,2026-08-01 02:10:00,25.92,1012.16,88.5,normal,none,0,none
AWS-002,Mumbai Colaba,2026-08-01 02:20:00,25.07,1011.83,88.5,normal,none,0,none
AWS-002,Mumbai Colaba,2026-08-01 02:30:00,25.42,1012.2,91.0,normal,none,0,none
AWS-002,Mumbai Colaba,2026-08-01 02:40:00,25.22,1011.91,89.7,normal,none,0,none
AWS-002,Mumbai Colaba,2026-08-01 02:50:00,25.25,1012.07,87.6,normal,none,0,none
AWS-002,Mumbai Colaba,2026-08-01 03:00:00,25.54,1012.66,90.2,normal,none,0,none
AWS-002,Mumbai Colaba,2026-08-01 03:10:00,25.73,1012.36,91.6,normal,none,0,none
AWS-002,Mumbai Colaba,2026-08-01 03:20:00,25.72,1012.39,88.5,normal,none,0,none
AWS-002,Mumbai Colaba,2026-08-01 03:30:00,25.35,1012.8,88.2,normal,none,0,none
AWS-002,Mumbai Colaba,2026-08-01 03:40:00,25.56,1012.97,91.1,normal,none,0,none
AWS-002,Mumbai Colaba,2026-08-01 03:50:00,25.55,1013.04,88.8,normal,none,0,none
AWS-002,Mumbai Colaba,2026-08-01 04:00:00,25.73,1013.17,87.6,normal,none,0,none
AWS-002,Mumbai Colaba,2026-08-01 04:10:00,25.82,1013.25,89.4,normal,none,0,none
AWS-002,Mumbai Colaba,2026-08-01 04:20:00,26.17,1013.56,89.4,normal,none,0,none
AWS-002,Mumbai Colaba,2026-08-01 04:30:00,25.61,1012.93,89.7,normal,none,0,none
AWS-002,Mumbai Colaba,2026-08-01 04:40:00,25.81,1013.35,88.1,normal,none,0,none
AWS-002,Mumbai Colaba,2026-08-01 04:50:00,26.32,1012.86,88.3,normal,none,0,none
AWS-002,Mumbai Colaba,2026-08-01 05:00:00,26.19,1013.36,87.2,normal,none,0,none
AWS-002,Mumbai Colaba,2026-08-01 05:10:00,26.89,1013.32,87.2,normal,none,0,none
AWS-002,Mumbai Colaba,2026-08-01 05:20:00,26.56,1013.83,85.5,normal,none,0,none
AWS-002,Mumbai Colaba,2026-08-01 05:30:00,27.1,1013.92,84.8,normal,none,0,none
AWS-002,Mumbai Colaba,2026-08-01 05:40:00,26.62,1013.07,85.8,normal,none,0,none
AWS-002,Mumbai Colaba,2026-08-01 05:50:00,27.79,1013.65,85.1,normal,none,0,none
AWS-002,Mumbai Colaba,2026-08-01 06:00:00,27.5,1013.15,87.5,normal,none,0,none
AWS-002,Mumbai Colaba,2026-08-01 06:10:00,27.6,1012.96,85.1,normal,none,0,none
AWS-002,Mumbai Colaba,2026-08-01 06:20:00,27.92,1013.5,85.7,normal,none,0,none
AWS-002,Mumbai Colaba,2026-08-01 06:30:00,27.83,1013.88,86.8,normal,none,0,none
AWS-002,Mumbai Colaba,2026-08-01 06:40:00,28.29,1014.04,86.8,normal,none,0,none
AWS-002,Mumbai Colaba,2026-08-01 06:50:00,28.34,1013.61,83.2,normal,none,0,none
AWS-002,Mumbai Colaba,2026-08-01 07:00:00,28.48,1013.84,82.2,normal,none,0,none
AWS-002,Mumbai Colaba,2026-08-01 07:10:00,28.53,1013.36,85.0,normal,none,0,none
AWS-002,Mumbai Colaba,2026-08-01 07:20:00,28.8,1013.84,86.2,normal,none,0,none
AWS-002,Mumbai Colaba,2026-08-01 07:30:00,29.39,1014.12,81.2,normal,none,0,none
AWS-002,Mumbai Colaba,2026-08-01 07:40:00,29.42,1014.04,81.3,normal,none,0,none
AWS-002,Mumbai Colaba,2026-08-01 07:50:00,29.34,1014.12,82.4,normal,none,0,none
AWS-002,Mumbai Colaba,2026-08-01 08:00:00,29.99,1014.5,81.7,normal,none,0,none
AWS-002,Mumbai Colaba,2026-08-01 08:10:00,29.51,1013.82,85.7,normal,none,0,none
AWS-002,Mumbai Colaba,2026-08-01 08:20:00,30.25,1014.72,81.8,normal,none,0,none
AWS-002,Mumbai Colaba,2026-08-01 08:30:00,30.46,1014.04,80.0,normal,none,0,none
AWS-002,Mumbai Colaba,2026-08-01 08:40:00,30.44,1014.1,79.5,normal,none,0,none
AWS-002,Mumbai Colaba,2026-08-01 08:50:00,30.6,1013.49,80.6,normal,none,0,none
AWS-002,Mumbai Colaba,2026-08-01 09:00:00,31.14,1014.28,79.8,normal,none,0,none
AWS-002,Mumbai Colaba,2026-08-01 09:10:00,30.75,1013.96,78.8,normal,none,0,none
AWS-002,Mumbai Colaba,2026-08-01 09:20:00,31.32,1014.09,78.5,normal,none,0,none
AWS-002,Mumbai Colaba,2026-08-01 09:30:00,31.41,1014.07,79.3,normal,none,0,none
AWS-002,Mumbai Colaba,2026-08-01 09:40:00,32.62,1013.4,78.1,normal,none,0,none
AWS-002,Mumbai Colaba,2026-08-01 09:50:00,32.09,1013.94,77.2,normal,none,0,none
AWS-002,Mumbai Colaba,2026-08-01 10:00:00,32.72,1013.91,76.2,normal,none,0,none
AWS-002,Mumbai Colaba,2026-08-01 10:10:00,32.82,1013.61,76.0,normal,none,0,none
AWS-002,Mumbai Colaba,2026-08-01 10:20:00,33.13,1014.08,74.2,normal,none,0,none
AWS-002,Mumbai Colaba,2026-08-01 10:30:00,32.67,1013.6,77.9,normal,none,0,none
AWS-002,Mumbai Colaba,2026-08-01 10:40:00,33.27,1013.75,75.9,normal,none,0,none
AWS-002,Mumbai Colaba,2026-08-01 10:50:00,32.53,1013.73,75.9,normal,none,0,none
AWS-002,Mumbai Colaba,2026-08-01 11:00:00,32.96,1014.05,73.7,normal,none,0,none
AWS-002,Mumbai Colaba,2026-08-01 11:10:00,33.52,1013.1,76.4,normal,none,0,none
AWS-002,Mumbai Colaba,2026-08-01 11:20:00,33.89,1013.57,75.3,normal,none,0,none
AWS-002,Mumbai Colaba,2026-08-01 11:30:00,33.77,1013.45,74.8,normal,none,0,none
AWS-002,Mumbai Colaba,2026-08-01 11:40:00,33.91,1013.33,74.6,normal,none,0,none
AWS-002,Mumbai Colaba,2026-08-01 11:50:00,33.6,1013.73,74.7,normal,none,0,none
AWS-002,Mumbai Colaba,2026-08-01 12:00:00,33.89,1012.65,74.1,normal,none,0,none
AWS-002,Mumbai Colaba,2026-08-01 12:10:00,34.89,1013.31,70.3,normal,none,0,none
AWS-002,Mumbai Colaba,2026-08-01 12:20:00,34.29,1013.39,73.8,normal,none,0,none
AWS-002,Mumbai Colaba,2026-08-01 12:30:00,34.27,1013.28,74.1,normal,none,0,none
AWS-002,Mumbai Colaba,2026-08-01 12:40:00,34.71,1013.23,76.3,normal,none,0,none
AWS-002,Mumbai Colaba,2026-08-01 12:50:00,35.7,1013.03,70.5,normal,none,0,none
AWS-002,Mumbai Colaba,2026-08-01 13:00:00,35.12,1013.16,72.1,normal,none,0,none
AWS-002,Mumbai Colaba,2026-08-01 13:10:00,34.94,1013.18,69.9,normal,none,0,none
AWS-002,Mumbai Colaba,2026-08-01 13:20:00,34.96,1012.32,75.2,normal,none,0,none
AWS-002,Mumbai Colaba,2026-08-01 13:30:00,34.67,1012.24,72.4,normal,none,0,none
AWS-002,Mumbai Colaba,2026-08-01 13:40:00,35.24,1012.88,71.1,normal,none,0,none
AWS-002,Mumbai Colaba,2026-08-01 13:50:00,34.75,1012.48,72.1,normal,none,0,none
AWS-002,Mumbai Colaba,2026-08-01 14:00:00,35.59,1011.88,72.4,normal,none,0,none
AWS-002,Mumbai Colaba,2026-08-01 14:10:00,35.13,1012.48,71.9,normal,none,0,none
AWS-002,Mumbai Colaba,2026-08-01 14:20:00,35.17,1012.02,72.0,normal,none,0,none
AWS-002,Mumbai Colaba,2026-08-01 14:30:00,36.13,1012.11,71.5,normal,none,0,none
AWS-002,Mumbai Colaba,2026-08-01 14:40:00,34.76,1011.93,72.4,normal,none,0,none
AWS-002,Mumbai Colaba,2026-08-01 14:50:00,35.74,1012.02,71.2,normal,none,0,none
AWS-002,Mumbai Colaba,2026-08-01 15:00:00,35.68,1011.49,70.3,normal,none,0,none
AWS-002,Mumbai Colaba,2026-08-01 15:10:00,35.0,1012.38,70.6,normal,none,0,none
AWS-002,Mumbai Colaba,2026-08-01 15:20:00,35.39,1012.02,74.1,normal,none,0,none
AWS-002,Mumbai Colaba,2026-08-01 15:30:00,34.45,1011.32,72.5,normal,none,0,none
AWS-002,Mumbai Colaba,2026-08-01 15:40:00,35.41,1011.35,75.2,normal,none,0,none
AWS-002,Mumbai Colaba,2026-08-01 15:50:00,34.68,1011.66,71.7,normal,none,0,none
AWS-002,Mumbai Colaba,2026-08-01 16:00:00,35.38,1011.49,71.1,normal,none,0,none
AWS-002,Mumbai Colaba,2026-08-01 16:10:00,35.11,1011.06,70.5,normal,none,0,none
AWS-002,Mumbai Colaba,2026-08-01 16:20:00,35.09,1011.18,70.3,normal,none,0,none
AWS-002,Mumbai Colaba,2026-08-01 16:30:00,35.42,1011.01,73.6,normal,none,0,none
AWS-002,Mumbai Colaba,2026-08-01 16:40:00,35.25,1010.83,72.9,normal,none,0,none
AWS-002,Mumbai Colaba,2026-08-01 16:50:00,35.53,1010.73,72.2,normal,none,0,none
AWS-002,Mumbai Colaba,2026-08-01 17:00:00,34.43,1010.93,75.4,normal,none,0,none
AWS-002,Mumbai Colaba,2026-08-01 17:10:00,34.33,1010.27,71.7,normal,none,0,none
AWS-002,Mumbai Colaba,2026-08-01 17:20:00,34.53,1010.3,72.1,normal,none,0,none
AWS-002,Mumbai Colaba,2026-08-01 17:30:00,33.76,1010.58,74.3,normal,none,0,none
AWS-002,Mumbai Colaba,2026-08-01 17:40:00,34.2,1009.8,74.6,normal,none,0,none
AWS-002,Mumbai Colaba,2026-08-01 17:50:00,34.05,1010.44,74.1,normal,none,0,none
AWS-002,Mumbai Colaba,2026-08-01 18:00:00,33.71,1010.22,75.3,normal,none,0,none
AWS-002,Mumbai Colaba,2026-08-01 18:10:00,33.73,1009.92,73.2,normal,none,0,none
AWS-002,Mumbai Colaba,2026-08-01 18:20:00,33.15,1010.37,78.6,normal,none,0,none
AWS-002,Mumbai Colaba,2026-08-01 18:30:00,33.03,1009.93,77.4,normal,none,0,none
AWS-002,Mumbai Colaba,2026-08-01 18:40:00,33.45,1009.94,74.8,normal,none,0,none
AWS-002,Mumbai Colaba,2026-08-01 18:50:00,33.55,1009.46,75.8,normal,none,0,none
AWS-002,Mumbai Colaba,2026-08-01 19:00:00,32.55,1009.94,78.5,normal,none,0,none
AWS-002,Mumbai Colaba,2026-08-01 19:10:00,32.27,1009.38,76.3,normal,none,0,none
AWS-002,Mumbai Colaba,2026-08-01 19:20:00,32.47,1009.61,75.6,normal,none,0,none
AWS-002,Mumbai Colaba,2026-08-01 19:30:00,32.2,1009.87,80.0,normal,none,0,none
AWS-002,Mumbai Colaba,2026-08-01 19:40:00,31.97,1009.85,77.1,normal,none,0,none
AWS-002,Mumbai Colaba,2026-08-01 19:50:00,31.82,1009.22,76.7,normal,none,0,none
AWS-002,Mumbai Colaba,2026-08-01 20:00:00,31.65,1009.31,78.4,normal,none,0,none
AWS-002,Mumbai Colaba,2026-08-01 20:10:00,31.49,1009.35,79.5,normal,none,0,none
AWS-002,Mumbai Colaba,2026-08-01 20:20:00,31.2,1009.5,79.4,normal,none,0,none
AWS-002,Mumbai Colaba,2026-08-01 20:30:00,30.79,1009.92,79.2,normal,none,0,none
AWS-002,Mumbai Colaba,2026-08-01 20:40:00,30.51,1009.3,79.6,normal,none,0,none
AWS-002,Mumbai Colaba,2026-08-01 20:50:00,30.74,1009.64,78.0,normal,none,0,none
AWS-002,Mumbai Colaba,2026-08-01 21:00:00,30.33,1009.46,79.8,normal,none,0,none
AWS-002,Mumbai Colaba,2026-08-01 21:10:00,31.01,1009.4,81.1,normal,none,0,none
AWS-002,Mumbai Colaba,2026-08-01 21:20:00,30.72,1009.34,80.1,normal,none,0,none
AWS-002,Mumbai Colaba,2026-08-01 21:30:00,30.06,1009.51,82.5,normal,none,0,none
AWS-002,Mumbai Colaba,2026-08-01 21:40:00,30.2,1009.8,81.0,normal,none,0,none
AWS-002,Mumbai Colaba,2026-08-01 21:50:00,29.98,1009.43,81.5,normal,none,0,none
AWS-002,Mumbai Colaba,2026-08-01 22:00:00,29.3,1009.49,82.1,normal,none,0,none
AWS-002,Mumbai Colaba,2026-08-01 22:10:00,29.11,1009.33,82.6,normal,none,0,none
AWS-002,Mumbai Colaba,2026-08-01 22:20:00,28.65,1009.44,84.6,normal,none,0,none
AWS-002,Mumbai Colaba,2026-08-01 22:30:00,29.19,1009.41,82.3,normal,none,0,none
AWS-002,Mumbai Colaba,2026-08-01 22:40:00,28.18,1009.84,82.7,normal,none,0,none
AWS-002,Mumbai Colaba,2026-08-01 22:50:00,28.8,1009.24,83.8,normal,none,0,none
AWS-002,Mumbai Colaba,2026-08-01 23:00:00,29.41,1009.43,85.1,normal,none,0,none
AWS-002,Mumbai Colaba,2026-08-01 23:10:00,28.6,1009.17,83.6,normal,none,0,none
AWS-002,Mumbai Colaba,2026-08-01 23:20:00,27.73,1009.13,82.9,normal,none,0,none
AWS-002,Mumbai Colaba,2026-08-01 23:30:00,28.02,1009.61,85.1,normal,none,0,none
AWS-002,Mumbai Colaba,2026-08-01 23:40:00,28.38,1009.52,84.1,normal,none,0,none
AWS-002,Mumbai Colaba,2026-08-01 23:50:00,28.01,1009.25,84.7,normal,none,0,none
AWS-002,Mumbai Colaba,2026-08-02 00:00:00,27.79,1009.49,84.5,normal,none,0,none
AWS-002,Mumbai Colaba,2026-08-02 00:10:00,27.44,1008.92,86.3,normal,none,0,none
AWS-002,Mumbai Colaba,2026-08-02 00:20:00,28.0,1009.87,85.9,normal,none,0,none
AWS-002,Mumbai Colaba,2026-08-02 00:30:00,27.04,1009.95,85.3,normal,none,0,none
AWS-002,Mumbai Colaba,2026-08-02 00:40:00,27.68,1009.61,86.9,normal,none,0,none
AWS-002,Mumbai Colaba,2026-08-02 00:50:00,27.04,1009.43,87.3,normal,none,0,none
AWS-002,Mumbai Colaba,2026-08-02 01:00:00,26.44,1009.89,87.7,normal,none,0,none
AWS-002,Mumbai Colaba,2026-08-02 01:10:00,26.8,1009.72,87.1,normal,none,0,none
AWS-002,Mumbai Colaba,2026-08-02 01:20:00,27.87,1009.73,87.6,normal,none,0,none
AWS-002,Mumbai Colaba,2026-08-02 01:30:00,27.35,1009.7,88.0,normal,none,0,none
AWS-002,Mumbai Colaba,2026-08-02 01:40:00,26.62,1009.89,88.0,normal,none,0,none
AWS-002,Mumbai Colaba,2026-08-02 01:50:00,26.72,1010.13,87.2,normal,none,0,none
AWS-002,Mumbai Colaba,2026-08-02 02:00:00,27.21,1010.02,87.8,normal,none,0,none
AWS-002,Mumbai Colaba,2026-08-02 02:10:00,26.98,1010.02,87.0,normal,none,0,none
AWS-002,Mumbai Colaba,2026-08-02 02:20:00,26.45,1010.6,85.3,normal,none,0,none
AWS-002,Mumbai Colaba,2026-08-02 02:30:00,27.18,1010.25,88.1,normal,none,0,none
AWS-002,Mumbai Colaba,2026-08-02 02:40:00,27.2,1010.08,85.8,normal,none,0,none
AWS-002,Mumbai Colaba,2026-08-02 02:50:00,26.7,1010.28,86.6,normal,none,0,none
AWS-002,Mumbai Colaba,2026-08-02 03:00:00,27.09,1010.68,86.2,normal,none,0,none
AWS-002,Mumbai Colaba,2026-08-02 03:10:00,27.62,1010.49,85.9,normal,none,0,none
AWS-002,Mumbai Colaba,2026-08-02 03:20:00,27.53,1010.15,88.2,normal,none,0,none
AWS-002,Mumbai Colaba,2026-08-02 03:30:00,27.46,1010.09,85.8,normal,none,0,none
AWS-002,Mumbai Colaba,2026-08-02 03:40:00,28.06,1010.76,84.7,normal,none,0,none
AWS-002,Mumbai Colaba,2026-08-02 03:50:00,27.58,1010.5,87.1,normal,none,0,none
AWS-002,Mumbai Colaba,2026-08-02 04:00:00,27.7,1010.5,86.1,normal,none,0,none
AWS-002,Mumbai Colaba,2026-08-02 04:10:00,27.9,1010.52,86.4,normal,none,0,none
AWS-002,Mumbai Colaba,2026-08-02 04:20:00,27.97,1011.0,85.0,normal,none,0,none
AWS-002,Mumbai Colaba,2026-08-02 04:30:00,28.06,1011.0,86.9,normal,none,0,none
AWS-002,Mumbai Colaba,2026-08-02 04:40:00,27.74,1010.26,85.0,normal,none,0,none
AWS-002,Mumbai Colaba,2026-08-02 04:50:00,27.98,1010.54,84.2,normal,none,0,none
AWS-002,Mumbai Colaba,2026-08-02 05:00:00,27.31,1011.28,84.4,normal,none,0,none
AWS-002,Mumbai Colaba,2026-08-02 05:10:00,27.55,1010.69,86.3,normal,none,0,none
AWS-002,Mumbai Colaba,2026-08-02 05:20:00,27.8,1011.23,86.3,normal,none,0,none
AWS-002,Mumbai Colaba,2026-08-02 05:30:00,28.18,1010.96,83.2,normal,none,0,none
AWS-002,Mumbai Colaba,2026-08-02 05:40:00,28.98,1011.37,84.8,normal,none,0,none
AWS-002,Mumbai Colaba,2026-08-02 05:50:00,28.15,1011.3,83.9,normal,none,0,none
AWS-002,Mumbai Colaba,2026-08-02 06:00:00,28.47,1010.47,82.3,normal,none,0,none
AWS-002,Mumbai Colaba,2026-08-02 06:10:00,28.73,1011.27,82.4,normal,none,0,none
AWS-002,Mumbai Colaba,2026-08-02 06:20:00,29.28,1011.39,83.5,normal,none,0,none
AWS-002,Mumbai Colaba,2026-08-02 06:30:00,28.87,1011.35,84.2,normal,none,0,none
AWS-002,Mumbai Colaba,2026-08-02 06:40:00,29.29,1011.09,80.4,normal,none,0,none
AWS-002,Mumbai Colaba,2026-08-02 06:50:00,30.01,1011.73,81.4,normal,none,0,none
AWS-002,Mumbai Colaba,2026-08-02 07:00:00,29.29,1011.08,80.6,normal,none,0,none
AWS-002,Mumbai Colaba,2026-08-02 07:10:00,29.61,1011.01,83.6,normal,none,0,none
AWS-002,Mumbai Colaba,2026-08-02 07:20:00,29.91,1011.37,83.1,normal,none,0,none
AWS-002,Mumbai Colaba,2026-08-02 07:30:00,30.37,1011.35,80.5,normal,none,0,none
AWS-002,Mumbai Colaba,2026-08-02 07:40:00,30.14,1010.99,79.8,normal,none,0,none
AWS-002,Mumbai Colaba,2026-08-02 07:50:00,31.09,1011.1,81.6,normal,none,0,none
AWS-002,Mumbai Colaba,2026-08-02 08:00:00,30.75,1011.56,80.4,normal,none,0,none
AWS-002,Mumbai Colaba,2026-08-02 08:10:00,31.12,1011.49,80.1,normal,none,0,none
AWS-002,Mumbai Colaba,2026-08-02 08:20:00,31.55,1011.65,79.4,normal,none,0,none
AWS-002,Mumbai Colaba,2026-08-02 08:30:00,31.74,1011.55,80.7,normal,none,0,none
AWS-002,Mumbai Colaba,2026-08-02 08:40:00,31.88,1010.92,78.4,normal,none,0,none
AWS-002,Mumbai Colaba,2026-08-02 08:50:00,31.8,1011.62,79.4,normal,none,0,none
AWS-002,Mumbai Colaba,2026-08-02 09:00:00,31.9,1010.63,78.7,normal,none,0,none
AWS-002,Mumbai Colaba,2026-08-02 09:10:00,32.01,1011.26,76.8,normal,none,0,none
AWS-002,Mumbai Colaba,2026-08-02 09:20:00,32.66,1010.84,78.0,normal,none,0,none
AWS-002,Mumbai Colaba,2026-08-02 09:30:00,33.29,1011.08,76.7,normal,none,0,none
AWS-002,Mumbai Colaba,2026-08-02 09:40:00,32.87,1010.91,79.5,normal,none,0,none
AWS-002,Mumbai Colaba,2026-08-02 09:50:00,33.7,1010.93,77.3,normal,none,0,none
AWS-002,Mumbai Colaba,2026-08-02 10:00:00,32.88,1011.07,74.3,normal,none,0,none
AWS-002,Mumbai Colaba,2026-08-02 10:10:00,32.91,1010.78,75.4,normal,none,0,none
AWS-002,Mumbai Colaba,2026-08-02 10:20:00,33.45,1010.92,76.7,normal,none,0,none
AWS-002,Mumbai Colaba,2026-08-02 10:30:00,33.02,1011.38,72.8,normal,none,0,none
AWS-002,Mumbai Colaba,2026-08-02 10:40:00,33.62,1010.76,75.5,normal,none,0,none
AWS-002,Mumbai Colaba,2026-08-02 10:50:00,33.97,1010.69,72.6,normal,none,0,none
AWS-002,Mumbai Colaba,2026-08-02 11:00:00,33.76,1010.79,73.2,normal,none,0,none
AWS-002,Mumbai Colaba,2026-08-02 11:10:00,34.09,1010.58,73.5,normal,none,0,none
AWS-002,Mumbai Colaba,2026-08-02 11:20:00,35.0,1010.16,74.0,normal,none,0,none
AWS-002,Mumbai Colaba,2026-08-02 11:30:00,34.3,1010.33,73.2,normal,none,0,none
AWS-002,Mumbai Colaba,2026-08-02 11:40:00,34.81,1010.8,72.3,normal,none,0,none
AWS-002,Mumbai Colaba,2026-08-02 11:50:00,34.81,1010.32,71.4,normal,none,0,none
AWS-002,Mumbai Colaba,2026-08-02 12:00:00,35.14,1010.37,72.6,normal,none,0,none
AWS-002,Mumbai Colaba,2026-08-02 12:10:00,35.04,1010.48,73.7,normal,none,0,none
AWS-002,Mumbai Colaba,2026-08-02 12:20:00,34.83,1010.24,73.7,normal,none,0,none
AWS-002,Mumbai Colaba,2026-08-02 12:30:00,35.29,1010.01,71.6,normal,none,0,none
AWS-002,Mumbai Colaba,2026-08-02 12:40:00,35.42,1009.76,73.0,normal,none,0,none
AWS-002,Mumbai Colaba,2026-08-02 12:50:00,35.59,1009.58,72.1,normal,none,0,none
AWS-002,Mumbai Colaba,2026-08-02 13:00:00,35.42,1009.85,72.7,normal,none,0,none
AWS-002,Mumbai Colaba,2026-08-02 13:10:00,34.92,1009.95,74.9,normal,none,0,none
AWS-002,Mumbai Colaba,2026-08-02 13:20:00,35.35,1009.59,71.8,normal,none,0,none
AWS-002,Mumbai Colaba,2026-08-02 13:30:00,34.92,1009.21,72.8,normal,none,0,none
AWS-002,Mumbai Colaba,2026-08-02 13:40:00,35.55,1009.52,72.7,normal,none,0,none
AWS-002,Mumbai Colaba,2026-08-02 13:50:00,35.8,1009.46,71.8,normal,none,0,none
AWS-002,Mumbai Colaba,2026-08-02 14:00:00,36.17,1009.38,70.6,normal,none,0,none
AWS-002,Mumbai Colaba,2026-08-02 14:10:00,35.65,1009.34,71.3,normal,none,0,none
AWS-002,Mumbai Colaba,2026-08-02 14:20:00,36.03,1008.8,71.6,normal,none,0,none
AWS-002,Mumbai Colaba,2026-08-02 14:30:00,35.63,1009.25,72.0,normal,none,0,none
AWS-002,Mumbai Colaba,2026-08-02 14:40:00,35.59,1009.22,72.1,normal,none,0,none
AWS-002,Mumbai Colaba,2026-08-02 14:50:00,35.46,1008.83,72.1,normal,none,0,none
AWS-002,Mumbai Colaba,2026-08-02 15:00:00,35.69,1008.83,72.2,normal,none,0,none
AWS-002,Mumbai Colaba,2026-08-02 15:10:00,35.64,1008.75,72.3,normal,none,0,none
AWS-002,Mumbai Colaba,2026-08-02 15:20:00,36.12,1008.34,70.8,normal,none,0,none
AWS-002,Mumbai Colaba,2026-08-02 15:30:00,36.08,1008.51,72.3,normal,none,0,none
AWS-002,Mumbai Colaba,2026-08-02 15:40:00,34.66,1008.2,72.9,normal,none,0,none
AWS-002,Mumbai Colaba,2026-08-02 15:50:00,35.45,1008.19,72.1,normal,none,0,none
AWS-002,Mumbai Colaba,2026-08-02 16:00:00,35.61,1007.89,71.8,normal,none,0,none
AWS-002,Mumbai Colaba,2026-08-02 16:10:00,34.52,1007.75,71.7,normal,none,0,none
AWS-002,Mumbai Colaba,2026-08-02 16:20:00,34.63,1006.99,72.8,normal,none,0,none
AWS-002,Mumbai Colaba,2026-08-02 16:30:00,35.65,1007.23,72.5,normal,none,0,none
AWS-002,Mumbai Colaba,2026-08-02 16:40:00,34.67,1007.17,72.0,normal,none,0,none
AWS-002,Mumbai Colaba,2026-08-02 16:50:00,35.2,1007.34,72.1,normal,none,0,none
AWS-002,Mumbai Colaba,2026-08-02 17:00:00,34.97,1007.36,71.4,normal,none,0,none
AWS-002,Mumbai Colaba,2026-08-02 17:10:00,34.46,1007.16,73.7,normal,none,0,none
AWS-002,Mumbai Colaba,2026-08-02 17:20:00,34.35,1007.03,72.6,normal,none,0,none
AWS-002,Mumbai Colaba,2026-08-02 17:30:00,34.8,1007.28,74.4,normal,none,0,none
AWS-002,Mumbai Colaba,2026-08-02 17:40:00,33.97,1007.14,73.3,normal,none,0,none
AWS-002,Mumbai Colaba,2026-08-02 17:50:00,34.34,1006.55,74.1,normal,none,0,none
AWS-002,Mumbai Colaba,2026-08-02 18:00:00,34.28,1006.84,73.8,normal,none,0,none
AWS-002,Mumbai Colaba,2026-08-02 18:10:00,33.44,1006.78,71.8,normal,none,0,none
AWS-002,Mumbai Colaba,2026-08-02 18:20:00,33.6,1006.59,75.1,normal,none,0,none
AWS-002,Mumbai Colaba,2026-08-02 18:30:00,33.81,1006.35,75.9,normal,none,0,none
AWS-002,Mumbai Colaba,2026-08-02 18:40:00,33.44,1006.37,76.6,normal,none,0,none
AWS-002,Mumbai Colaba,2026-08-02 18:50:00,32.99,1006.65,75.8,normal,none,0,none
AWS-002,Mumbai Colaba,2026-08-02 19:00:00,33.08,1006.67,74.2,normal,none,0,none
AWS-002,Mumbai Colaba,2026-08-02 19:10:00,56.95718202040517,1006.49,80.1,spike,temperature_spike,1,temperature
AWS-002,Mumbai Colaba,2026-08-02 19:20:00,32.01,1006.65,77.1,normal,none,0,none
AWS-002,Mumbai Colaba,2026-08-02 19:30:00,31.75,1006.07,79.6,normal,none,0,none
AWS-002,Mumbai Colaba,2026-08-02 19:40:00,32.09,1005.87,77.0,normal,none,0,none
AWS-002,Mumbai Colaba,2026-08-02 19:50:00,31.87,1005.92,78.6,normal,none,0,none
AWS-002,Mumbai Colaba,2026-08-02 20:00:00,31.66,1005.79,78.9,normal,none,0,none
AWS-002,Mumbai Colaba,2026-08-02 20:10:00,31.17,1005.99,77.8,normal,none,0,none
AWS-002,Mumbai Colaba,2026-08-02 20:20:00,31.11,1005.88,79.9,normal,none,0,none
AWS-002,Mumbai Colaba,2026-08-02 20:30:00,31.5,1006.23,78.3,normal,none,0,none
AWS-002,Mumbai Colaba,2026-08-02 20:40:00,31.47,1005.9,78.9,normal,none,0,none
AWS-002,Mumbai Colaba,2026-08-02 20:50:00,30.73,1005.93,80.7,normal,none,0,none
AWS-002,Mumbai Colaba,2026-08-02 21:00:00,30.85,1005.76,79.3,normal,none,0,none
AWS-002,Mumbai Colaba,2026-08-02 21:10:00,30.06,1005.82,81.9,normal,none,0,none
AWS-002,Mumbai Colaba,2026-08-02 21:20:00,30.35,1005.73,82.4,normal,none,0,none
AWS-002,Mumbai Colaba,2026-08-02 21:30:00,29.02,1005.38,80.9,normal,none,0,none
AWS-002,Mumbai Colaba,2026-08-02 21:40:00,29.79,1006.15,82.8,normal,none,0,none
AWS-002,Mumbai Colaba,2026-08-02 21:50:00,29.38,1005.57,82.7,normal,none,0,none
AWS-002,Mumbai Colaba,2026-08-02 22:00:00,28.7,1006.01,83.0,normal,none,0,none
AWS-002,Mumbai Colaba,2026-08-02 22:10:00,28.67,1006.08,83.3,normal,none,0,none
AWS-002,Mumbai Colaba,2026-08-02 22:20:00,28.9,1005.88,82.7,normal,none,0,none
AWS-002,Mumbai Colaba,2026-08-02 22:30:00,28.7,1005.71,83.2,normal,none,0,none
AWS-002,Mumbai Colaba,2026-08-02 22:40:00,27.88,1005.67,81.9,normal,none,0,none
AWS-002,Mumbai Colaba,2026-08-02 22:50:00,28.25,1005.49,86.7,normal,none,0,none
AWS-002,Mumbai Colaba,2026-08-02 23:00:00,28.29,1005.89,84.0,normal,none,0,none
AWS-002,Mumbai Colaba,2026-08-02 23:10:00,28.23,1006.31,85.4,normal,none,0,none
AWS-002,Mumbai Colaba,2026-08-02 23:20:00,27.6,1005.96,89.1,normal,none,0,none
AWS-002,Mumbai Colaba,2026-08-02 23:30:00,27.14,1005.7,84.5,normal,none,0,none
AWS-002,Mumbai Colaba,2026-08-02 23:40:00,27.85,1005.83,86.2,normal,none,0,none
AWS-002,Mumbai Colaba,2026-08-02 23:50:00,27.09,1005.56,86.9,normal,none,0,none
AWS-002,Mumbai Colaba,2026-08-03 00:00:00,27.07,1005.88,86.6,normal,none,0,none
AWS-002,Mumbai Colaba,2026-08-03 00:10:00,26.81,1006.16,85.8,normal,none,0,none
AWS-002,Mumbai Colaba,2026-08-03 00:20:00,26.7,1006.19,87.4,normal,none,0,none
AWS-002,Mumbai Colaba,2026-08-03 00:30:00,26.62,1006.11,87.0,normal,none,0,none
AWS-002,Mumbai Colaba,2026-08-03 00:40:00,26.79,1006.03,89.5,normal,none,0,none
AWS-002,Mumbai Colaba,2026-08-03 00:50:00,26.81,1006.07,87.4,normal,none,0,none
AWS-002,Mumbai Colaba,2026-08-03 01:00:00,26.67,1006.24,90.5,normal,none,0,none
AWS-002,Mumbai Colaba,2026-08-03 01:10:00,26.15,1006.46,85.6,normal,none,0,none
AWS-002,Mumbai Colaba,2026-08-03 01:20:00,25.98,1005.96,89.9,normal,none,0,none
AWS-002,Mumbai Colaba,2026-08-03 01:30:00,26.27,1006.47,85.7,normal,none,0,none
AWS-002,Mumbai Colaba,2026-08-03 01:40:00,25.87,1006.93,89.0,normal,none,0,none
AWS-002,Mumbai Colaba,2026-08-03 01:50:00,26.22,1006.42,86.8,normal,none,0,none
AWS-002,Mumbai Colaba,2026-08-03 02:00:00,26.3,1006.47,90.9,normal,none,0,none
AWS-002,Mumbai Colaba,2026-08-03 02:10:00,26.23,1006.64,89.6,normal,none,0,none
AWS-002,Mumbai Colaba,2026-08-03 02:20:00,25.92,1006.57,89.4,normal,none,0,none
AWS-002,Mumbai Colaba,2026-08-03 02:30:00,26.1,1006.38,90.0,normal,none,0,none
AWS-002,Mumbai Colaba,2026-08-03 02:40:00,26.24,1006.87,90.7,normal,none,0,none
AWS-002,Mumbai Colaba,2026-08-03 02:50:00,26.47,1006.82,88.0,normal,none,0,none
AWS-002,Mumbai Colaba,2026-08-03 03:00:00,25.79,1006.9,89.5,normal,none,0,none
AWS-002,Mumbai Colaba,2026-08-03 03:10:00,25.77,1007.06,89.5,normal,none,0,none
AWS-002,Mumbai Colaba,2026-08-03 03:20:00,26.7,1007.02,90.1,normal,none,0,none
AWS-002,Mumbai Colaba,2026-08-03 03:30:00,25.46,1007.02,87.7,normal,none,0,none
AWS-002,Mumbai Colaba,2026-08-03 03:40:00,26.18,1007.12,88.9,normal,none,0,none
AWS-002,Mumbai Colaba,2026-08-03 03:50:00,26.13,1007.13,87.7,normal,none,0,none
AWS-002,Mumbai Colaba,2026-08-03 04:00:00,25.78,1007.32,89.9,normal,none,0,none
AWS-002,Mumbai Colaba,2026-08-03 04:10:00,26.03,1006.82,88.0,normal,none,0,none
AWS-002,Mumbai Colaba,2026-08-03 04:20:00,26.03,1007.01,88.6,normal,none,0,none
AWS-002,Mumbai Colaba,2026-08-03 04:30:00,26.35,1007.87,87.0,normal,none,0,none
AWS-002,Mumbai Colaba,2026-08-03 04:40:00,26.25,1007.71,86.5,normal,none,0,none
AWS-002,Mumbai Colaba,2026-08-03 04:50:00,26.75,1007.46,89.8,normal,none,0,none
AWS-002,Mumbai Colaba,2026-08-03 05:00:00,27.01,1007.32,85.9,normal,none,0,none
AWS-002,Mumbai Colaba,2026-08-03 05:10:00,26.81,1007.67,86.9,normal,none,0,none
AWS-002,Mumbai Colaba,2026-08-03 05:20:00,27.01,1007.72,89.3,normal,none,0,none
AWS-002,Mumbai Colaba,2026-08-03 05:30:00,26.58,1007.87,86.3,normal,none,0,none
AWS-002,Mumbai Colaba,2026-08-03 05:40:00,27.37,1007.88,85.1,normal,none,0,none
AWS-002,Mumbai Colaba,2026-08-03 05:50:00,27.18,1007.84,87.3,normal,none,0,none
AWS-002,Mumbai Colaba,2026-08-03 06:00:00,27.55,1007.75,87.0,normal,none,0,none
AWS-002,Mumbai Colaba,2026-08-03 06:10:00,27.49,1007.81,85.4,normal,none,0,none
AWS-002,Mumbai Colaba,2026-08-03 06:20:00,27.96,1007.66,84.5,normal,none,0,none
AWS-002,Mumbai Colaba,2026-08-03 06:30:00,27.78,1007.89,85.8,normal,none,0,none
AWS-002,Mumbai Colaba,2026-08-03 06:40:00,27.58,1007.73,82.8,normal,none,0,none
AWS-002,Mumbai Colaba,2026-08-03 06:50:00,28.17,1007.93,84.5,normal,none,0,none
AWS-002,Mumbai Colaba,2026-08-03 07:00:00,27.95,1008.26,83.4,normal,none,0,none
AWS-002,Mumbai Colaba,2026-08-03 07:10:00,28.29,1008.24,83.0,normal,none,0,none
AWS-002,Mumbai Colaba,2026-08-03 07:20:00,28.84,1008.09,84.5,normal,none,0,none
AWS-002,Mumbai Colaba,2026-08-03 07:30:00,28.75,1007.81,83.5,normal,none,0,none
AWS-002,Mumbai Colaba,2026-08-03 07:40:00,29.21,1008.27,82.1,normal,none,0,none
AWS-002,Mumbai Colaba,2026-08-03 07:50:00,28.91,1008.22,83.6,normal,none,0,none
AWS-002,Mumbai Colaba,2026-08-03 08:00:00,29.12,1008.08,82.8,normal,none,0,none
AWS-002,Mumbai Colaba,2026-08-03 08:10:00,29.48,1008.27,83.2,normal,none,0,none
AWS-002,Mumbai Colaba,2026-08-03 08:20:00,29.15,1007.94,84.0,normal,none,0,none
AWS-002,Mumbai Colaba,2026-08-03 08:30:00,29.59,1007.7,83.0,normal,none,0,none
AWS-002,Mumbai Colaba,2026-08-03 08:40:00,29.21,1008.35,81.1,normal,none,0,none
AWS-002,Mumbai Colaba,2026-08-03 08:50:00,30.32,1007.71,77.3,normal,none,0,none
AWS-002,Mumbai Colaba,2026-08-03 09:00:00,30.06,1007.72,83.9,normal,none,0,none
AWS-002,Mumbai Colaba,2026-08-03 09:10:00,30.36,1008.17,81.7,normal,none,0,none
AWS-002,Mumbai Colaba,2026-08-03 09:20:00,30.3,1008.01,78.2,normal,none,0,none
AWS-002,Mumbai Colaba,2026-08-03 09:30:00,30.44,1007.71,79.3,normal,none,0,none
AWS-002,Mumbai Colaba,2026-08-03 09:40:00,31.0,1007.97,79.4,normal,none,0,none
AWS-002,Mumbai Colaba,2026-08-03 09:50:00,31.06,1007.59,79.4,normal,none,0,none
AWS-002,Mumbai Colaba,2026-08-03 10:00:00,31.56,1007.78,80.7,normal,none,0,none
AWS-002,Mumbai Colaba,2026-08-03 10:10:00,31.56,1007.73,77.2,normal,none,0,none
AWS-002,Mumbai Colaba,2026-08-03 10:20:00,31.99,1007.52,77.8,normal,none,0,none
AWS-002,Mumbai Colaba,2026-08-03 10:30:00,32.52,1008.16,77.1,normal,none,0,none
AWS-002,Mumbai Colaba,2026-08-03 10:40:00,32.4,1007.87,76.5,normal,none,0,none
AWS-002,Mumbai Colaba,2026-08-03 10:50:00,32.57,1007.87,75.6,normal,none,0,none
AWS-002,Mumbai Colaba,2026-08-03 11:00:00,32.44,1007.6,78.9,normal,none,0,none
AWS-002,Mumbai Colaba,2026-08-03 11:10:00,31.77,1007.85,79.1,normal,none,0,none
AWS-002,Mumbai Colaba,2026-08-03 11:20:00,33.04,1007.69,75.9,normal,none,0,none
AWS-002,Mumbai Colaba,2026-08-03 11:30:00,32.75,1007.37,75.4,normal,none,0,none
AWS-002,Mumbai Colaba,2026-08-03 11:40:00,32.36,1007.17,75.2,normal,none,0,none
AWS-002,Mumbai Colaba,2026-08-03 11:50:00,33.36,1007.29,74.3,normal,none,0,none
AWS-002,Mumbai Colaba,2026-08-03 12:00:00,32.78,1007.43,76.3,normal,none,0,none
AWS-002,Mumbai Colaba,2026-08-03 12:10:00,33.22,1006.94,75.3,normal,none,0,none
AWS-002,Mumbai Colaba,2026-08-03 12:20:00,33.29,1007.1,75.3,normal,none,0,none
AWS-002,Mumbai Colaba,2026-08-03 12:30:00,33.07,1007.28,73.8,normal,none,0,none
AWS-002,Mumbai Colaba,2026-08-03 12:40:00,33.32,1006.67,74.0,normal,none,0,none
AWS-002,Mumbai Colaba,2026-08-03 12:50:00,32.93,1007.01,73.7,normal,none,0,none
AWS-002,Mumbai Colaba,2026-08-03 13:00:00,33.48,1006.58,73.9,normal,none,0,none
AWS-002,Mumbai Colaba,2026-08-03 13:10:00,33.94,1006.95,72.0,normal,none,0,none
AWS-002,Mumbai Colaba,2026-08-03 13:20:00,34.07,1006.3,74.3,normal,none,0,none
AWS-002,Mumbai Colaba,2026-08-03 13:30:00,33.91,1006.07,73.6,normal,none,0,none
AWS-002,Mumbai Colaba,2026-08-03 13:40:00,33.64,1006.48,73.8,normal,none,0,none
AWS-002,Mumbai Colaba,2026-08-03 13:50:00,33.43,1006.13,70.9,normal,none,0,none
AWS-002,Mumbai Colaba,2026-08-03 14:00:00,33.71,1006.29,75.7,normal,none,0,none
AWS-002,Mumbai Colaba,2026-08-03 14:10:00,33.66,1005.75,75.9,normal,none,0,none
AWS-002,Mumbai Colaba,2026-08-03 14:20:00,34.52,1005.8,74.0,normal,none,0,none
AWS-002,Mumbai Colaba,2026-08-03 14:30:00,32.87,1005.98,73.9,normal,none,0,none
AWS-002,Mumbai Colaba,2026-08-03 14:40:00,33.1,1006.02,72.9,normal,none,0,none
AWS-002,Mumbai Colaba,2026-08-03 14:50:00,33.13,1005.72,74.1,normal,none,0,none
AWS-002,Mumbai Colaba,2026-08-03 15:00:00,33.81,1006.05,74.3,normal,none,0,none
AWS-002,Mumbai Colaba,2026-08-03 15:10:00,33.3,1006.09,74.5,normal,none,0,none
AWS-002,Mumbai Colaba,2026-08-03 15:20:00,32.9,1006.05,73.7,normal,none,0,none
AWS-002,Mumbai Colaba,2026-08-03 15:30:00,33.45,1005.22,74.9,normal,none,0,none
AWS-002,Mumbai Colaba,2026-08-03 15:40:00,33.73,1005.19,76.4,normal,none,0,none
AWS-002,Mumbai Colaba,2026-08-03 15:50:00,33.01,1005.16,79.3,normal,none,0,none
AWS-002,Mumbai Colaba,2026-08-03 16:00:00,33.3,1005.06,75.9,normal,none,0,none
AWS-002,Mumbai Colaba,2026-08-03 16:10:00,32.75,1005.22,74.4,normal,none,0,none
AWS-002,Mumbai Colaba,2026-08-03 16:20:00,32.7,1005.24,76.4,normal,none,0,none
AWS-002,Mumbai Colaba,2026-08-03 16:30:00,32.17,1004.88,76.3,normal,none,0,none
AWS-002,Mumbai Colaba,2026-08-03 16:40:00,32.2,1004.94,75.9,normal,none,0,none
AWS-002,Mumbai Colaba,2026-08-03 16:50:00,32.64,1004.77,75.3,normal,none,0,none
AWS-002,Mumbai Colaba,2026-08-03 17:00:00,32.9,1004.97,76.4,normal,none,0,none
AWS-002,Mumbai Colaba,2026-08-03 17:10:00,32.96,1004.35,76.4,normal,none,0,none
AWS-002,Mumbai Colaba,2026-08-03 17:20:00,32.4,1004.53,76.5,normal,none,0,none
AWS-002,Mumbai Colaba,2026-08-03 17:30:00,31.83,1004.79,76.9,normal,none,0,none
AWS-002,Mumbai Colaba,2026-08-03 17:40:00,31.94,1004.94,78.3,normal,none,0,none
AWS-002,Mumbai Colaba,2026-08-03 17:50:00,31.26,1004.33,76.9,normal,none,0,none
AWS-002,Mumbai Colaba,2026-08-03 18:00:00,31.38,1004.52,77.5,normal,none,0,none
AWS-002,Mumbai Colaba,2026-08-03 18:10:00,31.19,1004.56,80.2,normal,none,0,none
AWS-002,Mumbai Colaba,2026-08-03 18:20:00,31.1,1004.04,80.1,normal,none,0,none
AWS-002,Mumbai Colaba,2026-08-03 18:30:00,30.71,1004.25,80.3,normal,none,0,none
AWS-002,Mumbai Colaba,2026-08-03 18:40:00,30.92,1004.32,77.7,normal,none,0,none
AWS-002,Mumbai Colaba,2026-08-03 18:50:00,31.11,1004.27,78.3,normal,none,0,none
AWS-002,Mumbai Colaba,2026-08-03 19:00:00,30.45,1003.84,77.8,normal,none,0,none
AWS-002,Mumbai Colaba,2026-08-03 19:10:00,29.41,1004.3,81.8,normal,none,0,none
AWS-002,Mumbai Colaba,2026-08-03 19:20:00,29.69,1004.0,79.4,normal,none,0,none
AWS-002,Mumbai Colaba,2026-08-03 19:30:00,30.12,1004.23,81.4,normal,none,0,none
AWS-002,Mumbai Colaba,2026-08-03 19:40:00,29.73,1003.83,82.0,normal,none,0,none
AWS-002,Mumbai Colaba,2026-08-03 19:50:00,28.8,1003.7,80.3,normal,none,0,none
AWS-002,Mumbai Colaba,2026-08-03 20:00:00,29.01,1003.68,84.5,normal,none,0,none
AWS-002,Mumbai Colaba,2026-08-03 20:10:00,29.1,1003.57,80.8,normal,none,0,none
AWS-002,Mumbai Colaba,2026-08-03 20:20:00,28.83,1004.03,81.3,normal,none,0,none
AWS-002,Mumbai Colaba,2026-08-03 20:30:00,28.45,1003.83,83.0,normal,none,0,none
AWS-002,Mumbai Colaba,2026-08-03 20:40:00,28.58,1003.58,83.1,normal,none,0,none
AWS-002,Mumbai Colaba,2026-08-03 20:50:00,27.86,1003.71,83.6,normal,none,0,none
AWS-002,Mumbai Colaba,2026-08-03 21:00:00,27.72,1003.65,84.5,normal,none,0,none
AWS-002,Mumbai Colaba,2026-08-03 21:10:00,28.2,1003.34,85.5,normal,none,0,none
AWS-002,Mumbai Colaba,2026-08-03 21:20:00,27.3,1003.84,84.7,normal,none,0,none
AWS-002,Mumbai Colaba,2026-08-03 21:30:00,26.98,1003.07,86.2,normal,none,0,none
AWS-002,Mumbai Colaba,2026-08-03 21:40:00,27.02,1003.41,84.5,normal,none,0,none
AWS-002,Mumbai Colaba,2026-08-03 21:50:00,27.24,1003.76,85.8,normal,none,0,none
AWS-002,Mumbai Colaba,2026-08-03 22:00:00,26.35,1003.53,87.5,normal,none,0,none
AWS-002,Mumbai Colaba,2026-08-03 22:10:00,26.29,1003.93,87.7,normal,none,0,none
AWS-002,Mumbai Colaba,2026-08-03 22:20:00,26.1,1003.73,87.6,normal,none,0,none
AWS-002,Mumbai Colaba,2026-08-03 22:30:00,26.69,1004.02,86.1,normal,none,0,none
AWS-002,Mumbai Colaba,2026-08-03 22:40:00,25.98,1004.11,85.5,normal,none,0,none
AWS-002,Mumbai Colaba,2026-08-03 22:50:00,25.77,1004.03,88.1,normal,none,0,none
AWS-002,Mumbai Colaba,2026-08-03 23:00:00,25.46,1003.48,87.6,normal,none,0,none
AWS-002,Mumbai Colaba,2026-08-03 23:10:00,25.7,1003.69,89.2,normal,none,0,none
AWS-002,Mumbai Colaba,2026-08-03 23:20:00,24.7,1004.31,87.8,normal,none,0,none
AWS-002,Mumbai Colaba,2026-08-03 23:30:00,25.38,1004.35,90.8,normal,none,0,none
AWS-002,Mumbai Colaba,2026-08-03 23:40:00,24.84,1004.17,87.3,normal,none,0,none
AWS-002,Mumbai Colaba,2026-08-03 23:50:00,24.75,1004.05,92.1,normal,none,0,none
AWS-002,Mumbai Colaba,2026-08-04 00:00:00,24.62,1004.22,89.3,normal,none,0,none
AWS-002,Mumbai Colaba,2026-08-04 00:10:00,24.46,1003.91,89.5,normal,none,0,none
AWS-002,Mumbai Colaba,2026-08-04 00:20:00,25.04,1004.2,92.0,normal,none,0,none
AWS-002,Mumbai Colaba,2026-08-04 00:30:00,24.28,1004.63,92.5,normal,none,0,none
AWS-002,Mumbai Colaba,2026-08-04 00:40:00,23.82,1004.67,92.0,normal,none,0,none
AWS-002,Mumbai Colaba,2026-08-04 00:50:00,23.99,1004.75,92.1,normal,none,0,none
AWS-002,Mumbai Colaba,2026-08-04 01:00:00,24.03,1004.81,90.3,normal,none,0,none
AWS-002,Mumbai Colaba,2026-08-04 01:10:00,23.8,1004.7,90.9,normal,none,0,none
AWS-002,Mumbai Colaba,2026-08-04 01:20:00,24.39,1004.65,92.7,normal,none,0,none
AWS-002,Mumbai Colaba,2026-08-04 01:30:00,23.86,1004.78,91.6,normal,none,0,none
AWS-002,Mumbai Colaba,2026-08-04 01:40:00,24.05,1004.79,93.9,normal,none,0,none
AWS-002,Mumbai Colaba,2026-08-04 01:50:00,24.0,1004.61,91.0,normal,none,0,none
AWS-002,Mumbai Colaba,2026-08-04 02:00:00,23.24,1004.85,92.8,normal,none,0,none
AWS-002,Mumbai Colaba,2026-08-04 02:10:00,23.91,1004.96,91.8,normal,none,0,none
AWS-002,Mumbai Colaba,2026-08-04 02:20:00,23.67,1005.0,95.0,normal,none,0,none
AWS-002,Mumbai Colaba,2026-08-04 02:30:00,23.58,1005.31,91.4,normal,none,0,none
AWS-002,Mumbai Colaba,2026-08-04 02:40:00,23.97,1005.59,92.4,normal,none,0,none
AWS-002,Mumbai Colaba,2026-08-04 02:50:00,24.02,1006.04,90.0,normal,none,0,none
AWS-002,Mumbai Colaba,2026-08-04 03:00:00,23.7,1005.34,91.4,normal,none,0,none
AWS-002,Mumbai Colaba,2026-08-04 03:10:00,23.65,1005.23,91.8,normal,none,0,none
AWS-002,Mumbai Colaba,2026-08-04 03:20:00,24.09,1006.0,92.2,normal,none,0,none
AWS-002,Mumbai Colaba,2026-08-04 03:30:00,23.68,1006.0,91.1,normal,none,0,none
AWS-002,Mumbai Colaba,2026-08-04 03:40:00,24.26,1006.21,91.0,normal,none,0,none
AWS-002,Mumbai Colaba,2026-08-04 03:50:00,23.93,1005.73,91.9,normal,none,0,none
AWS-002,Mumbai Colaba,2026-08-04 04:00:00,24.09,1005.63,91.6,normal,none,0,none
AWS-002,Mumbai Colaba,2026-08-04 04:10:00,23.77,1006.4,91.8,normal,none,0,none
AWS-002,Mumbai Colaba,2026-08-04 04:20:00,24.44,1006.22,91.0,normal,none,0,none
AWS-002,Mumbai Colaba,2026-08-04 04:30:00,23.67,1006.08,90.3,normal,none,0,none
AWS-002,Mumbai Colaba,2026-08-04 04:40:00,24.07,1005.9,90.1,normal,none,0,none
AWS-002,Mumbai Colaba,2026-08-04 04:50:00,25.2,1006.34,92.3,normal,none,0,none
AWS-002,Mumbai Colaba,2026-08-04 05:00:00,24.53,1006.5,91.4,normal,none,0,none
AWS-002,Mumbai Colaba,2026-08-04 05:10:00,23.98,1006.32,91.8,normal,none,0,none
AWS-002,Mumbai Colaba,2026-08-04 05:20:00,24.96,1006.51,88.6,normal,none,0,none
AWS-002,Mumbai Colaba,2026-08-04 05:30:00,25.08,1006.84,89.2,normal,none,0,none
AWS-002,Mumbai Colaba,2026-08-04 05:40:00,24.96,1006.95,88.3,normal,none,0,none
AWS-002,Mumbai Colaba,2026-08-04 05:50:00,25.57,1007.13,90.8,normal,none,0,none
AWS-002,Mumbai Colaba,2026-08-04 06:00:00,25.03,1007.08,89.5,normal,none,0,none
AWS-002,Mumbai Colaba,2026-08-04 06:10:00,25.5,1006.55,87.8,normal,none,0,none
AWS-002,Mumbai Colaba,2026-08-04 06:20:00,24.79,1007.29,89.7,normal,none,0,none
AWS-002,Mumbai Colaba,2026-08-04 06:30:00,25.56,1007.07,84.5,normal,none,0,none
AWS-002,Mumbai Colaba,2026-08-04 06:40:00,25.97,1006.71,88.3,normal,none,0,none
AWS-002,Mumbai Colaba,2026-08-04 06:50:00,26.21,1007.34,85.5,normal,none,0,none
AWS-002,Mumbai Colaba,2026-08-04 07:00:00,26.47,1007.06,87.9,normal,none,0,none
AWS-002,Mumbai Colaba,2026-08-04 07:10:00,26.64,1007.2,86.2,normal,none,0,none
AWS-002,Mumbai Colaba,2026-08-04 07:20:00,25.86,1006.93,87.1,normal,none,0,none
AWS-002,Mumbai Colaba,2026-08-04 07:30:00,27.1,1007.56,89.2,normal,none,0,none
AWS-002,Mumbai Colaba,2026-08-04 07:40:00,26.52,1007.75,87.4,normal,none,0,none
AWS-002,Mumbai Colaba,2026-08-04 07:50:00,26.63,1007.2,86.0,normal,none,0,none
AWS-002,Mumbai Colaba,2026-08-04 08:00:00,26.86,1007.44,85.4,normal,none,0,none
AWS-002,Mumbai Colaba,2026-08-04 08:10:00,27.16,1007.37,85.6,normal,none,0,none
AWS-002,Mumbai Colaba,2026-08-04 08:20:00,27.22,1007.55,84.7,normal,none,0,none
AWS-002,Mumbai Colaba,2026-08-04 08:30:00,27.26,1007.17,83.2,normal,none,0,none
AWS-002,Mumbai Colaba,2026-08-04 08:40:00,27.9,1007.9,84.5,normal,none,0,none
AWS-002,Mumbai Colaba,2026-08-04 08:50:00,27.85,1008.05,84.7,normal,none,0,none
AWS-002,Mumbai Colaba,2026-08-04 09:00:00,28.5,1007.71,85.2,normal,none,0,none
AWS-002,Mumbai Colaba,2026-08-04 09:10:00,28.59,1007.68,83.5,normal,none,0,none
AWS-002,Mumbai Colaba,2026-08-04 09:20:00,28.46,1007.96,81.7,normal,none,0,none
AWS-002,Mumbai Colaba,2026-08-04 09:30:00,29.02,1007.46,82.5,normal,none,0,none
AWS-002,Mumbai Colaba,2026-08-04 09:40:00,29.84,1007.43,80.7,normal,none,0,none
AWS-002,Mumbai Colaba,2026-08-04 09:50:00,29.52,1007.72,78.7,normal,none,0,none
AWS-002,Mumbai Colaba,2026-08-04 10:00:00,28.97,1007.64,81.1,normal,none,0,none
AWS-002,Mumbai Colaba,2026-08-04 10:10:00,29.82,1007.48,79.9,normal,none,0,none
AWS-002,Mumbai Colaba,2026-08-04 10:20:00,30.2,1007.1,80.0,normal,none,0,none
AWS-002,Mumbai Colaba,2026-08-04 10:30:00,30.05,1007.34,82.8,normal,none,0,none
AWS-002,Mumbai Colaba,2026-08-04 10:40:00,29.42,1007.64,79.5,normal,none,0,none
AWS-002,Mumbai Colaba,2026-08-04 10:50:00,30.26,1007.51,81.7,normal,none,0,none
AWS-002,Mumbai Colaba,2026-08-04 11:00:00,30.52,1007.51,78.4,normal,none,0,none
AWS-002,Mumbai Colaba,2026-08-04 11:10:00,30.96,1007.32,79.6,normal,none,0,none
AWS-002,Mumbai Colaba,2026-08-04 11:20:00,30.86,1007.49,79.7,normal,none,0,none
AWS-002,Mumbai Colaba,2026-08-04 11:30:00,30.58,1007.19,79.1,normal,none,0,none
AWS-002,Mumbai Colaba,2026-08-04 11:40:00,30.65,1007.6,80.1,normal,none,0,none
AWS-002,Mumbai Colaba,2026-08-04 11:50:00,31.31,1007.28,80.6,normal,none,0,none
AWS-002,Mumbai Colaba,2026-08-04 12:00:00,31.49,1007.04,77.7,normal,none,0,none
AWS-002,Mumbai Colaba,2026-08-04 12:10:00,31.31,1007.34,77.1,normal,none,0,none
AWS-002,Mumbai Colaba,2026-08-04 12:20:00,31.4,1007.32,78.8,normal,none,0,none
AWS-002,Mumbai Colaba,2026-08-04 12:30:00,31.57,1007.14,78.2,normal,none,0,none
AWS-002,Mumbai Colaba,2026-08-04 12:40:00,31.41,1007.16,78.5,normal,none,0,none
AWS-002,Mumbai Colaba,2026-08-04 12:50:00,31.32,1007.13,78.0,normal,none,0,none
AWS-002,Mumbai Colaba,2026-08-04 13:00:00,31.56,1007.21,78.4,normal,none,0,none
AWS-002,Mumbai Colaba,2026-08-04 13:10:00,32.49,1007.14,76.1,normal,none,0,none
AWS-002,Mumbai Colaba,2026-08-04 13:20:00,32.22,1007.1,75.1,normal,none,0,none
AWS-002,Mumbai Colaba,2026-08-04 13:30:00,31.67,1006.66,76.4,normal,none,0,none
AWS-002,Mumbai Colaba,2026-08-04 13:40:00,31.97,1006.62,77.2,normal,none,0,none
AWS-002,Mumbai Colaba,2026-08-04 13:50:00,32.26,1005.62,75.5,normal,none,0,none
AWS-002,Mumbai Colaba,2026-08-04 14:00:00,31.66,1006.69,76.7,normal,none,0,none
AWS-002,Mumbai Colaba,2026-08-04 14:10:00,32.79,1006.26,76.4,normal,none,0,none
AWS-002,Mumbai Colaba,2026-08-04 14:20:00,32.4,1006.17,74.5,normal,none,0,none
AWS-002,Mumbai Colaba,2026-08-04 14:30:00,31.46,1006.22,76.8,normal,none,0,none
AWS-002,Mumbai Colaba,2026-08-04 14:40:00,32.19,1006.39,75.9,normal,none,0,none
AWS-002,Mumbai Colaba,2026-08-04 14:50:00,32.29,1006.37,74.6,normal,none,0,none
AWS-002,Mumbai Colaba,2026-08-04 15:00:00,31.6,1006.27,77.8,normal,none,0,none
AWS-002,Mumbai Colaba,2026-08-04 15:10:00,31.9,1006.32,77.7,normal,none,0,none
AWS-002,Mumbai Colaba,2026-08-04 15:20:00,32.18,1006.36,77.9,normal,none,0,none
AWS-002,Mumbai Colaba,2026-08-04 15:30:00,32.0,1006.23,77.4,normal,none,0,none
AWS-002,Mumbai Colaba,2026-08-04 15:40:00,31.37,1006.33,77.2,normal,none,0,none
AWS-002,Mumbai Colaba,2026-08-04 15:50:00,32.07,1005.74,78.6,normal,none,0,none
AWS-002,Mumbai Colaba,2026-08-04 16:00:00,31.28,1006.0,75.7,normal,none,0,none
AWS-002,Mumbai Colaba,2026-08-04 16:10:00,31.41,1005.45,78.2,normal,none,0,none
AWS-002,Mumbai Colaba,2026-08-04 16:20:00,31.32,1005.77,78.5,normal,none,0,none
AWS-002,Mumbai Colaba,2026-08-04 16:30:00,31.51,1005.94,77.5,normal,none,0,none
AWS-002,Mumbai Colaba,2026-08-04 16:40:00,31.1,1005.79,77.9,normal,none,0,none
AWS-002,Mumbai Colaba,2026-08-04 16:50:00,31.4,1005.95,79.4,normal,none,0,none
AWS-002,Mumbai Colaba,2026-08-04 17:00:00,31.1,1005.52,78.8,normal,none,0,none
AWS-002,Mumbai Colaba,2026-08-04 17:10:00,30.89,1005.01,79.8,normal,none,0,none
AWS-002,Mumbai Colaba,2026-08-04 17:20:00,30.86,1005.62,81.4,normal,none,0,none
AWS-002,Mumbai Colaba,2026-08-04 17:30:00,30.64,1005.46,79.7,normal,none,0,none
AWS-002,Mumbai Colaba,2026-08-04 17:40:00,30.07,1005.52,80.0,normal,none,0,none
AWS-002,Mumbai Colaba,2026-08-04 17:50:00,30.03,1005.36,80.8,normal,none,0,none
AWS-002,Mumbai Colaba,2026-08-04 18:00:00,29.57,1005.11,80.9,normal,none,0,none
AWS-002,Mumbai Colaba,2026-08-04 18:10:00,30.0,1005.45,79.8,normal,none,0,none
AWS-002,Mumbai Colaba,2026-08-04 18:20:00,29.65,1005.12,81.2,normal,none,0,none
AWS-002,Mumbai Colaba,2026-08-04 18:30:00,29.89,1005.48,81.0,normal,none,0,none
AWS-002,Mumbai Colaba,2026-08-04 18:40:00,29.19,1005.18,83.0,normal,none,0,none
AWS-002,Mumbai Colaba,2026-08-04 18:50:00,29.34,1004.94,81.3,normal,none,0,none
AWS-002,Mumbai Colaba,2026-08-04 19:00:00,29.13,1005.5,83.5,normal,none,0,none
AWS-002,Mumbai Colaba,2026-08-04 19:10:00,29.17,1004.71,82.8,normal,none,0,none
AWS-002,Mumbai Colaba,2026-08-04 19:20:00,28.75,1005.1,81.9,normal,none,0,none
AWS-002,Mumbai Colaba,2026-08-04 19:30:00,28.46,1005.15,83.0,normal,none,0,none
AWS-002,Mumbai Colaba,2026-08-04 19:40:00,28.82,1005.39,82.7,normal,none,0,none
AWS-002,Mumbai Colaba,2026-08-04 19:50:00,28.61,1005.3,84.2,normal,none,0,none
AWS-002,Mumbai Colaba,2026-08-04 20:00:00,28.17,1005.15,82.4,normal,none,0,none
AWS-002,Mumbai Colaba,2026-08-04 20:10:00,27.92,1005.17,84.5,normal,none,0,none
AWS-002,Mumbai Colaba,2026-08-04 20:20:00,28.02,1004.78,83.3,normal,none,0,none
AWS-002,Mumbai Colaba,2026-08-04 20:30:00,27.62,1005.64,85.0,normal,none,0,none
AWS-002,Mumbai Colaba,2026-08-04 20:40:00,27.69,1004.77,86.5,normal,none,0,none
AWS-002,Mumbai Colaba,2026-08-04 20:50:00,27.12,1005.21,86.3,normal,none,0,none
AWS-002,Mumbai Colaba,2026-08-04 21:00:00,26.8,1004.81,85.1,normal,none,0,none
AWS-002,Mumbai Colaba,2026-08-04 21:10:00,27.1,1005.44,84.9,normal,none,0,none
AWS-002,Mumbai Colaba,2026-08-04 21:20:00,26.67,1005.2,86.0,normal,none,0,none
AWS-002,Mumbai Colaba,2026-08-04 21:30:00,26.47,1005.04,87.1,normal,none,0,none
AWS-002,Mumbai Colaba,2026-08-04 21:40:00,26.08,1005.09,86.9,normal,none,0,none
AWS-002,Mumbai Colaba,2026-08-04 21:50:00,25.87,1004.79,88.4,normal,none,0,none
AWS-002,Mumbai Colaba,2026-08-04 22:00:00,26.3,1005.44,88.8,normal,none,0,none
AWS-002,Mumbai Colaba,2026-08-04 22:10:00,25.57,1005.29,89.4,normal,none,0,none
AWS-002,Mumbai Colaba,2026-08-04 22:20:00,25.2,1005.41,89.4,normal,none,0,none
AWS-002,Mumbai Colaba,2026-08-04 22:30:00,25.48,1004.92,89.3,normal,none,0,none
AWS-002,Mumbai Colaba,2026-08-04 22:40:00,25.12,1005.01,89.5,normal,none,0,none
AWS-002,Mumbai Colaba,2026-08-04 22:50:00,24.66,1005.56,89.1,normal,none,0,none
AWS-002,Mumbai Colaba,2026-08-04 23:00:00,24.8,1005.2,91.6,normal,none,0,none
AWS-002,Mumbai Colaba,2026-08-04 23:10:00,24.1,1005.43,89.5,normal,none,0,none
AWS-002,Mumbai Colaba,2026-08-04 23:20:00,24.9,1005.76,90.1,normal,none,0,none
AWS-002,Mumbai Colaba,2026-08-04 23:30:00,24.41,1005.58,92.8,normal,none,0,none
AWS-002,Mumbai Colaba,2026-08-04 23:40:00,24.67,1005.87,90.4,normal,none,0,none
AWS-002,Mumbai Colaba,2026-08-04 23:50:00,24.32,1005.7,90.4,normal,none,0,none
AWS-002,Mumbai Colaba,2026-08-05 00:00:00,24.12,1005.92,90.2,normal,none,0,none
AWS-002,Mumbai Colaba,2026-08-05 00:10:00,23.11,1006.12,91.5,normal,none,0,none
AWS-002,Mumbai Colaba,2026-08-05 00:20:00,23.4,1006.0,91.6,normal,none,0,none
AWS-002,Mumbai Colaba,2026-08-05 00:30:00,23.71,1006.18,90.8,normal,none,0,none
AWS-002,Mumbai Colaba,2026-08-05 00:40:00,23.8,1006.34,90.9,normal,none,0,none
AWS-002,Mumbai Colaba,2026-08-05 00:50:00,24.01,1006.29,92.0,normal,none,0,none
AWS-002,Mumbai Colaba,2026-08-05 01:00:00,23.84,1006.37,91.7,normal,none,0,none
AWS-002,Mumbai Colaba,2026-08-05 01:10:00,23.76,1006.95,91.3,normal,none,0,none
AWS-002,Mumbai Colaba,2026-08-05 01:20:00,23.39,1006.92,93.8,normal,none,0,none
AWS-002,Mumbai Colaba,2026-08-05 01:30:00,23.39,1007.19,92.3,normal,none,0,none
AWS-002,Mumbai Colaba,2026-08-05 01:40:00,23.06,1006.74,91.8,normal,none,0,none
AWS-002,Mumbai Colaba,2026-08-05 01:50:00,22.79,1006.58,91.3,normal,none,0,none
AWS-002,Mumbai Colaba,2026-08-05 02:00:00,23.28,1007.38,92.1,normal,none,0,none
AWS-002,Mumbai Colaba,2026-08-05 02:10:00,22.81,1007.19,92.7,normal,none,0,none
AWS-002,Mumbai Colaba,2026-08-05 02:20:00,23.2,1007.45,91.9,normal,none,0,none
AWS-002,Mumbai Colaba,2026-08-05 02:30:00,23.19,1007.18,92.3,normal,none,0,none
AWS-002,Mumbai Colaba,2026-08-05 02:40:00,23.19,1007.32,93.1,normal,none,0,none
AWS-002,Mumbai Colaba,2026-08-05 02:50:00,24.08,1007.18,93.7,normal,none,0,none
AWS-002,Mumbai Colaba,2026-08-05 03:00:00,23.47,1007.93,93.4,normal,none,0,none
AWS-002,Mumbai Colaba,2026-08-05 03:10:00,23.76,1007.76,91.8,normal,none,0,none
AWS-002,Mumbai Colaba,2026-08-05 03:20:00,22.64,1007.49,90.9,normal,none,0,none
AWS-002,Mumbai Colaba,2026-08-05 03:30:00,22.65,1007.87,93.2,normal,none,0,none
AWS-002,Mumbai Colaba,2026-08-05 03:40:00,23.21,1008.18,90.7,normal,none,0,none
AWS-002,Mumbai Colaba,2026-08-05 03:50:00,23.29,1008.28,93.8,normal,none,0,none
AWS-002,Mumbai Colaba,2026-08-05 04:00:00,23.47,1008.31,90.2,normal,none,0,none
AWS-002,Mumbai Colaba,2026-08-05 04:10:00,24.0,1008.3,90.8,normal,none,0,none
AWS-002,Mumbai Colaba,2026-08-05 04:20:00,23.79,1008.46,92.4,normal,none,0,none
AWS-002,Mumbai Colaba,2026-08-05 04:30:00,24.02,1008.86,92.9,normal,none,0,none
AWS-002,Mumbai Colaba,2026-08-05 04:40:00,23.87,1045.8631696839407,91.5,spike,pressure_spike,1,pressure
AWS-002,Mumbai Colaba,2026-08-05 04:50:00,24.22,1008.68,91.1,normal,none,0,none
AWS-002,Mumbai Colaba,2026-08-05 05:00:00,24.66,1008.57,91.7,normal,none,0,none
AWS-002,Mumbai Colaba,2026-08-05 05:10:00,24.99,1008.63,88.9,normal,none,0,none
AWS-002,Mumbai Colaba,2026-08-05 05:20:00,24.02,1009.47,89.9,normal,none,0,none
AWS-002,Mumbai Colaba,2026-08-05 05:30:00,24.18,1009.2,91.0,normal,none,0,none
AWS-002,Mumbai Colaba,2026-08-05 05:40:00,24.04,1009.21,90.1,normal,none,0,none
AWS-002,Mumbai Colaba,2026-08-05 05:50:00,24.96,1008.9,88.8,normal,none,0,none
AWS-002,Mumbai Colaba,2026-08-05 06:00:00,25.91,1009.7,88.3,normal,none,0,none
AWS-002,Mumbai Colaba,2026-08-05 06:10:00,24.94,1009.65,86.9,normal,none,0,none
AWS-002,Mumbai Colaba,2026-08-05 06:20:00,25.7,1009.45,89.5,normal,none,0,none
AWS-002,Mumbai Colaba,2026-08-05 06:30:00,25.66,1009.64,89.0,normal,none,0,none
AWS-002,Mumbai Colaba,2026-08-05 06:40:00,25.47,1009.77,88.8,normal,none,0,none
AWS-002,Mumbai Colaba,2026-08-05 06:50:00,25.38,1009.89,86.0,normal,none,0,none
AWS-002,Mumbai Colaba,2026-08-05 07:00:00,25.66,1009.57,89.6,normal,none,0,none
AWS-002,Mumbai Colaba,2026-08-05 07:10:00,26.04,1009.6,87.8,normal,none,0,none
AWS-002,Mumbai Colaba,2026-08-05 07:20:00,26.31,1009.96,85.8,normal,none,0,none
AWS-002,Mumbai Colaba,2026-08-05 07:30:00,26.72,1010.0,84.7,normal,none,0,none
AWS-002,Mumbai Colaba,2026-08-05 07:40:00,27.1,1009.79,86.7,normal,none,0,none
AWS-002,Mumbai Colaba,2026-08-05 07:50:00,27.95,1009.48,85.9,normal,none,0,none
AWS-002,Mumbai Colaba,2026-08-05 08:00:00,27.07,1010.19,85.5,normal,none,0,none
AWS-002,Mumbai Colaba,2026-08-05 08:10:00,27.73,1010.32,85.3,normal,none,0,none
AWS-002,Mumbai Colaba,2026-08-05 08:20:00,27.73,1010.28,84.8,normal,none,0,none
AWS-002,Mumbai Colaba,2026-08-05 08:30:00,27.86,1010.42,84.3,normal,none,0,none
AWS-002,Mumbai Colaba,2026-08-05 08:40:00,28.02,1010.18,81.6,normal,none,0,none
AWS-002,Mumbai Colaba,2026-08-05 08:50:00,28.33,1010.26,83.0,normal,none,0,none
AWS-002,Mumbai Colaba,2026-08-05 09:00:00,28.46,1010.59,80.6,normal,none,0,none
AWS-002,Mumbai Colaba,2026-08-05 09:10:00,28.44,1010.86,83.3,normal,none,0,none
AWS-002,Mumbai Colaba,2026-08-05 09:20:00,29.42,1010.05,84.4,normal,none,0,none
AWS-002,Mumbai Colaba,2026-08-05 09:30:00,30.0,1010.64,84.0,normal,none,0,none
AWS-002,Mumbai Colaba,2026-08-05 09:40:00,29.86,1010.27,83.3,normal,none,0,none
AWS-002,Mumbai Colaba,2026-08-05 09:50:00,29.57,1010.84,80.6,normal,none,0,none
AWS-002,Mumbai Colaba,2026-08-05 10:00:00,29.54,1010.13,80.3,normal,none,0,none
AWS-002,Mumbai Colaba,2026-08-05 10:10:00,30.06,1010.73,78.7,normal,none,0,none
AWS-002,Mumbai Colaba,2026-08-05 10:20:00,30.66,1010.07,80.1,normal,none,0,none
AWS-002,Mumbai Colaba,2026-08-05 10:30:00,30.53,1011.01,79.8,normal,none,0,none
AWS-002,Mumbai Colaba,2026-08-05 10:40:00,30.96,1010.66,80.9,normal,none,0,none
AWS-002,Mumbai Colaba,2026-08-05 10:50:00,30.83,1010.63,78.6,normal,none,0,none
AWS-002,Mumbai Colaba,2026-08-05 11:00:00,30.63,1010.39,79.3,normal,none,0,none
AWS-002,Mumbai Colaba,2026-08-05 11:10:00,31.21,1010.05,79.0,normal,none,0,none
AWS-002,Mumbai Colaba,2026-08-05 11:20:00,31.0,1010.57,79.3,normal,none,0,none
AWS-002,Mumbai Colaba,2026-08-05 11:30:00,31.71,1010.12,77.4,normal,none,0,none
AWS-002,Mumbai Colaba,2026-08-05 11:40:00,31.46,1010.7,77.5,normal,none,0,none
AWS-002,Mumbai Colaba,2026-08-05 11:50:00,31.5,1011.0,78.5,normal,none,0,none
AWS-002,Mumbai Colaba,2026-08-05 12:00:00,31.28,1010.74,75.8,normal,none,0,none
AWS-002,Mumbai Colaba,2026-08-05 12:10:00,32.64,1010.21,76.3,normal,none,0,none
AWS-002,Mumbai Colaba,2026-08-05 12:20:00,31.69,1010.11,76.7,normal,none,0,none
AWS-002,Mumbai Colaba,2026-08-05 12:30:00,32.86,1010.66,76.1,normal,none,0,none
AWS-002,Mumbai Colaba,2026-08-05 12:40:00,32.32,1010.76,79.0,normal,none,0,none
AWS-002,Mumbai Colaba,2026-08-05 12:50:00,32.4,1010.09,76.8,normal,none,0,none
AWS-002,Mumbai Colaba,2026-08-05 13:00:00,32.63,1010.03,77.3,normal,none,0,none
AWS-002,Mumbai Colaba,2026-08-05 13:10:00,32.95,1010.16,76.1,normal,none,0,none
AWS-002,Mumbai Colaba,2026-08-05 13:20:00,32.61,1009.79,75.8,normal,none,0,none
AWS-002,Mumbai Colaba,2026-08-05 13:30:00,32.96,1010.04,76.1,normal,none,0,none
AWS-002,Mumbai Colaba,2026-08-05 13:40:00,33.27,1010.1,74.8,normal,none,0,none
AWS-002,Mumbai Colaba,2026-08-05 13:50:00,33.11,1009.67,76.6,normal,none,0,none
AWS-002,Mumbai Colaba,2026-08-05 14:00:00,33.17,1009.78,74.0,normal,none,0,none
AWS-002,Mumbai Colaba,2026-08-05 14:10:00,33.35,1009.89,76.1,normal,none,0,none
AWS-002,Mumbai Colaba,2026-08-05 14:20:00,33.45,1009.75,74.0,normal,none,0,none
AWS-002,Mumbai Colaba,2026-08-05 14:30:00,32.71,1009.83,72.9,normal,none,0,none
AWS-002,Mumbai Colaba,2026-08-05 14:40:00,33.54,1009.02,77.8,normal,none,0,none
AWS-002,Mumbai Colaba,2026-08-05 14:50:00,32.64,1009.91,75.4,normal,none,0,none
AWS-002,Mumbai Colaba,2026-08-05 15:00:00,33.34,1009.6,74.7,normal,none,0,none
AWS-002,Mumbai Colaba,2026-08-05 15:10:00,33.12,1009.49,74.6,normal,none,0,none
AWS-002,Mumbai Colaba,2026-08-05 15:20:00,33.12,1009.15,76.7,normal,none,0,none
AWS-002,Mumbai Colaba,2026-08-05 15:30:00,33.21,1009.43,75.9,normal,none,0,none
AWS-002,Mumbai Colaba,2026-08-05 15:40:00,32.97,1009.29,75.8,normal,none,0,none
AWS-002,Mumbai Colaba,2026-08-05 15:50:00,33.02,1009.64,75.6,normal,none,0,none
AWS-002,Mumbai Colaba,2026-08-05 16:00:00,32.07,1009.05,74.4,normal,none,0,none
AWS-002,Mumbai Colaba,2026-08-05 16:10:00,32.45,1009.09,74.3,normal,none,0,none
AWS-002,Mumbai Colaba,2026-08-05 16:20:00,32.6,1008.84,76.3,normal,none,0,none
AWS-002,Mumbai Colaba,2026-08-05 16:30:00,33.0,1008.55,77.0,normal,none,0,none
AWS-002,Mumbai Colaba,2026-08-05 16:40:00,32.41,1008.9,75.8,normal,none,0,none
AWS-002,Mumbai Colaba,2026-08-05 16:50:00,32.84,1009.07,76.9,normal,none,0,none
AWS-002,Mumbai Colaba,2026-08-05 17:00:00,32.09,1008.96,79.6,normal,none,0,none
AWS-002,Mumbai Colaba,2026-08-05 17:10:00,32.36,1008.76,75.5,normal,none,0,none
AWS-002,Mumbai Colaba,2026-08-05 17:20:00,32.36,1008.95,76.2,normal,none,0,none
AWS-002,Mumbai Colaba,2026-08-05 17:30:00,32.12,1009.39,75.9,normal,none,0,none
AWS-002,Mumbai Colaba,2026-08-05 17:40:00,32.54,1008.56,79.5,normal,none,0,none
AWS-002,Mumbai Colaba,2026-08-05 17:50:00,31.61,1008.99,78.7,normal,none,0,none
AWS-002,Mumbai Colaba,2026-08-05 18:00:00,32.08,1009.25,77.3,normal,none,0,none
AWS-002,Mumbai Colaba,2026-08-05 18:10:00,31.28,1008.37,81.1,normal,none,0,none
AWS-002,Mumbai Colaba,2026-08-05 18:20:00,31.76,1008.3,79.3,normal,none,0,none
AWS-002,Mumbai Colaba,2026-08-05 18:30:00,31.48,1008.63,79.3,normal,none,0,none
AWS-002,Mumbai Colaba,2026-08-05 18:40:00,31.14,1008.45,77.9,normal,none,0,none
AWS-002,Mumbai Colaba,2026-08-05 18:50:00,31.41,1008.68,78.4,normal,none,0,none
AWS-002,Mumbai Colaba,2026-08-05 19:00:00,30.4,1008.39,82.4,normal,none,0,none
AWS-002,Mumbai Colaba,2026-08-05 19:10:00,30.32,1008.36,79.8,normal,none,0,none
AWS-002,Mumbai Colaba,2026-08-05 19:20:00,30.3,1008.77,80.2,normal,none,0,none
AWS-002,Mumbai Colaba,2026-08-05 19:30:00,29.82,1008.34,79.4,normal,none,0,none
AWS-002,Mumbai Colaba,2026-08-05 19:40:00,30.3,1008.44,81.5,normal,none,0,none
AWS-002,Mumbai Colaba,2026-08-05 19:50:00,29.62,1009.11,81.0,normal,none,0,none
AWS-002,Mumbai Colaba,2026-08-05 20:00:00,29.28,1008.26,82.4,normal,none,0,none
AWS-002,Mumbai Colaba,2026-08-05 20:10:00,29.74,1008.18,82.7,normal,none,0,none
AWS-002,Mumbai Colaba,2026-08-05 20:20:00,28.97,1008.53,83.6,normal,none,0,none
AWS-002,Mumbai Colaba,2026-08-05 20:30:00,29.46,1008.43,82.6,normal,none,0,none
AWS-002,Mumbai Colaba,2026-08-05 20:40:00,28.79,1008.68,82.7,normal,none,0,none
AWS-002,Mumbai Colaba,2026-08-05 20:50:00,28.8,1008.74,82.7,normal,none,0,none
AWS-002,Mumbai Colaba,2026-08-05 21:00:00,28.58,1008.64,84.4,normal,none,0,none
AWS-002,Mumbai Colaba,2026-08-05 21:10:00,28.39,1008.69,84.8,normal,none,0,none
AWS-002,Mumbai Colaba,2026-08-05 21:20:00,28.11,1008.57,83.4,normal,none,0,none
AWS-002,Mumbai Colaba,2026-08-05 21:30:00,28.94,1008.17,85.3,normal,none,0,none
AWS-002,Mumbai Colaba,2026-08-05 21:40:00,27.37,1008.99,85.5,normal,none,0,none
AWS-002,Mumbai Colaba,2026-08-05 21:50:00,27.83,1008.74,86.1,normal,none,0,none
AWS-002,Mumbai Colaba,2026-08-05 22:00:00,27.26,1009.02,87.7,normal,none,0,none
AWS-002,Mumbai Colaba,2026-08-05 22:10:00,27.15,1008.64,84.4,normal,none,0,none
AWS-002,Mumbai Colaba,2026-08-05 22:20:00,27.53,1008.54,85.0,normal,none,0,none
AWS-002,Mumbai Colaba,2026-08-05 22:30:00,27.21,1009.16,87.6,normal,none,0,none
AWS-002,Mumbai Colaba,2026-08-05 22:40:00,26.77,1008.91,85.9,normal,none,0,none
AWS-002,Mumbai Colaba,2026-08-05 22:50:00,26.67,1008.57,87.8,normal,none,0,none
AWS-002,Mumbai Colaba,2026-08-05 23:00:00,27.37,1009.13,86.1,normal,none,0,none
AWS-002,Mumbai Colaba,2026-08-05 23:10:00,26.71,1009.09,85.4,normal,none,0,none
AWS-002,Mumbai Colaba,2026-08-05 23:20:00,26.27,1009.65,86.9,normal,none,0,none
AWS-002,Mumbai Colaba,2026-08-05 23:30:00,26.68,1009.05,87.8,normal,none,0,none
AWS-002,Mumbai Colaba,2026-08-05 23:40:00,26.25,1009.66,86.6,normal,none,0,none
AWS-002,Mumbai Colaba,2026-08-05 23:50:00,25.85,1009.08,89.1,normal,none,0,none
AWS-002,Mumbai Colaba,2026-08-06 00:00:00,25.99,1009.45,88.0,normal,none,0,none
AWS-002,Mumbai Colaba,2026-08-06 00:10:00,25.84,1009.7,89.9,normal,none,0,none
AWS-002,Mumbai Colaba,2026-08-06 00:20:00,25.62,1009.73,89.6,normal,none,0,none
AWS-002,Mumbai Colaba,2026-08-06 00:30:00,25.49,1009.47,89.6,normal,none,0,none
AWS-002,Mumbai Colaba,2026-08-06 00:40:00,25.52,1009.47,89.7,normal,none,0,none
AWS-002,Mumbai Colaba,2026-08-06 00:50:00,25.37,1009.99,86.7,normal,none,0,none
AWS-002,Mumbai Colaba,2026-08-06 01:00:00,24.43,1009.88,89.9,normal,none,0,none
AWS-002,Mumbai Colaba,2026-08-06 01:10:00,25.88,1010.15,89.1,normal,none,0,none
AWS-002,Mumbai Colaba,2026-08-06 01:20:00,25.85,1010.06,91.8,normal,none,0,none
AWS-002,Mumbai Colaba,2026-08-06 01:30:00,24.93,1010.3,91.5,normal,none,0,none
AWS-002,Mumbai Colaba,2026-08-06 01:40:00,25.12,1010.48,89.8,normal,none,0,none
AWS-002,Mumbai Colaba,2026-08-06 01:50:00,25.06,1010.37,90.9,normal,none,0,none
AWS-002,Mumbai Colaba,2026-08-06 02:00:00,24.63,1010.47,88.3,normal,none,0,none
AWS-002,Mumbai Colaba,2026-08-06 02:10:00,25.75,1010.69,91.1,normal,none,0,none
AWS-002,Mumbai Colaba,2026-08-06 02:20:00,25.53,1010.35,91.3,normal,none,0,none
AWS-002,Mumbai Colaba,2026-08-06 02:30:00,25.31,1010.93,90.0,normal,none,0,none
AWS-002,Mumbai Colaba,2026-08-06 02:40:00,25.21,1011.2,91.1,normal,none,0,none
AWS-002,Mumbai Colaba,2026-08-06 02:50:00,25.55,1010.97,89.1,normal,none,0,none
AWS-002,Mumbai Colaba,2026-08-06 03:00:00,25.83,1010.91,90.2,normal,none,0,none
AWS-002,Mumbai Colaba,2026-08-06 03:10:00,25.46,1011.26,88.6,normal,none,0,none
AWS-002,Mumbai Colaba,2026-08-06 03:20:00,24.76,1011.65,89.3,normal,none,0,none
AWS-002,Mumbai Colaba,2026-08-06 03:30:00,25.61,1010.97,89.2,normal,none,0,none
AWS-002,Mumbai Colaba,2026-08-06 03:40:00,25.71,1011.45,88.5,normal,none,0,none
AWS-002,Mumbai Colaba,2026-08-06 03:50:00,24.53,1011.89,89.1,normal,none,0,none
AWS-002,Mumbai Colaba,2026-08-06 04:00:00,25.87,1011.68,88.6,normal,none,0,none
AWS-002,Mumbai Colaba,2026-08-06 04:10:00,25.79,1011.87,90.2,normal,none,0,none
AWS-002,Mumbai Colaba,2026-08-06 04:20:00,26.06,1012.23,89.9,normal,none,0,none
AWS-002,Mumbai Colaba,2026-08-06 04:30:00,26.4,1012.08,88.9,normal,none,0,none
AWS-002,Mumbai Colaba,2026-08-06 04:40:00,26.25,1011.75,89.3,normal,none,0,none
AWS-002,Mumbai Colaba,2026-08-06 04:50:00,26.42,1012.1,91.4,normal,none,0,none
AWS-002,Mumbai Colaba,2026-08-06 05:00:00,26.55,1012.26,86.4,normal,none,0,none
AWS-002,Mumbai Colaba,2026-08-06 05:10:00,26.28,1012.34,87.5,normal,none,0,none
AWS-002,Mumbai Colaba,2026-08-06 05:20:00,26.58,1012.37,87.4,normal,none,0,none
AWS-002,Mumbai Colaba,2026-08-06 05:30:00,26.97,1012.38,85.1,normal,none,0,none
AWS-002,Mumbai Colaba,2026-08-06 05:40:00,27.42,1012.52,84.9,normal,none,0,none
AWS-002,Mumbai Colaba,2026-08-06 05:50:00,27.33,1012.55,83.9,normal,none,0,none
AWS-002,Mumbai Colaba,2026-08-06 06:00:00,27.53,1012.47,86.301395206461,frozen_sensor,frozen_sensor,1,humidity
AWS-002,Mumbai Colaba,2026-08-06 06:10:00,27.94,1012.65,86.30505257642403,frozen_sensor,frozen_sensor,1,humidity
AWS-002,Mumbai Colaba,2026-08-06 06:20:00,27.66,1012.83,86.29709560932989,frozen_sensor,frozen_sensor,1,humidity
AWS-002,Mumbai Colaba,2026-08-06 06:30:00,28.06,1012.57,86.2973741509641,frozen_sensor,frozen_sensor,1,humidity
AWS-002,Mumbai Colaba,2026-08-06 06:40:00,28.37,1012.96,86.29714309917122,frozen_sensor,frozen_sensor,1,humidity
AWS-002,Mumbai Colaba,2026-08-06 06:50:00,27.83,1013.38,86.29537958581126,frozen_sensor,frozen_sensor,1,humidity
AWS-002,Mumbai Colaba,2026-08-06 07:00:00,28.53,1013.01,86.28693725493653,frozen_sensor,frozen_sensor,1,humidity
AWS-002,Mumbai Colaba,2026-08-06 07:10:00,28.95,1013.3,86.30475184841198,frozen_sensor,frozen_sensor,1,humidity
AWS-002,Mumbai Colaba,2026-08-06 07:20:00,29.2,1013.72,86.30408222540476,frozen_sensor,frozen_sensor,1,humidity
AWS-002,Mumbai Colaba,2026-08-06 07:30:00,29.49,1013.45,86.29238062001191,frozen_sensor,frozen_sensor,1,humidity
AWS-002,Mumbai Colaba,2026-08-06 07:40:00,29.28,1013.55,82.5,normal,none,0,none
AWS-002,Mumbai Colaba,2026-08-06 07:50:00,29.97,1013.23,81.5,normal,none,0,none
AWS-002,Mumbai Colaba,2026-08-06 08:00:00,29.51,1013.59,82.5,normal,none,0,none
AWS-002,Mumbai Colaba,2026-08-06 08:10:00,29.71,1013.52,81.5,normal,none,0,none
AWS-002,Mumbai Colaba,2026-08-06 08:20:00,30.62,1013.17,80.8,normal,none,0,none
AWS-002,Mumbai Colaba,2026-08-06 08:30:00,30.29,1013.44,81.8,normal,none,0,none
AWS-002,Mumbai Colaba,2026-08-06 08:40:00,31.23,1013.67,79.6,normal,none,0,none
AWS-002,Mumbai Colaba,2026-08-06 08:50:00,31.35,1013.77,79.5,normal,none,0,none
AWS-002,Mumbai Colaba,2026-08-06 09:00:00,30.96,1013.56,79.5,normal,none,0,none
AWS-002,Mumbai Colaba,2026-08-06 09:10:00,31.61,1013.72,78.6,normal,none,0,none
AWS-002,Mumbai Colaba,2026-08-06 09:20:00,31.7,1013.59,80.2,normal,none,0,none
AWS-002,Mumbai Colaba,2026-08-06 09:30:00,31.95,1013.83,78.1,normal,none,0,none
AWS-002,Mumbai Colaba,2026-08-06 09:40:00,31.5,1013.56,78.3,normal,none,0,none
AWS-002,Mumbai Colaba,2026-08-06 09:50:00,31.74,1013.76,80.0,normal,none,0,none
AWS-002,Mumbai Colaba,2026-08-06 10:00:00,32.48,1013.71,78.1,normal,none,0,none
AWS-002,Mumbai Colaba,2026-08-06 10:10:00,32.38,1013.61,77.1,normal,none,0,none
AWS-002,Mumbai Colaba,2026-08-06 10:20:00,32.73,1013.51,77.6,normal,none,0,none
AWS-002,Mumbai Colaba,2026-08-06 10:30:00,32.45,1013.61,75.2,normal,none,0,none
AWS-002,Mumbai Colaba,2026-08-06 10:40:00,32.5,1013.68,77.3,normal,none,0,none
AWS-002,Mumbai Colaba,2026-08-06 10:50:00,33.2,1013.77,75.3,normal,none,0,none
AWS-002,Mumbai Colaba,2026-08-06 11:00:00,32.79,1013.67,76.6,normal,none,0,none
AWS-002,Mumbai Colaba,2026-08-06 11:10:00,33.93,1013.51,74.3,normal,none,0,none
AWS-002,Mumbai Colaba,2026-08-06 11:20:00,33.58,1013.15,74.5,normal,none,0,none
AWS-002,Mumbai Colaba,2026-08-06 11:30:00,33.76,1013.56,74.4,normal,none,0,none
AWS-002,Mumbai Colaba,2026-08-06 11:40:00,34.0,1013.04,74.1,normal,none,0,none
AWS-002,Mumbai Colaba,2026-08-06 11:50:00,34.17,1013.25,73.7,normal,none,0,none
AWS-002,Mumbai Colaba,2026-08-06 12:00:00,34.29,1012.97,73.0,normal,none,0,none
AWS-002,Mumbai Colaba,2026-08-06 12:10:00,34.09,1013.45,73.1,normal,none,0,none
AWS-002,Mumbai Colaba,2026-08-06 12:20:00,34.71,1013.46,72.2,normal,none,0,none
AWS-002,Mumbai Colaba,2026-08-06 12:30:00,34.91,1013.09,73.5,normal,none,0,none
AWS-002,Mumbai Colaba,2026-08-06 12:40:00,34.58,1013.68,71.7,normal,none,0,none
AWS-002,Mumbai Colaba,2026-08-06 12:50:00,34.96,1013.26,72.2,normal,none,0,none
AWS-002,Mumbai Colaba,2026-08-06 13:00:00,34.79,1012.64,69.8,normal,none,0,none
AWS-002,Mumbai Colaba,2026-08-06 13:10:00,35.4,1013.08,74.6,normal,none,0,none
AWS-002,Mumbai Colaba,2026-08-06 13:20:00,35.4,1013.0,71.9,normal,none,0,none
AWS-002,Mumbai Colaba,2026-08-06 13:30:00,35.19,1012.58,72.9,normal,none,0,none
AWS-002,Mumbai Colaba,2026-08-06 13:40:00,34.52,1012.78,70.8,normal,none,0,none
AWS-002,Mumbai Colaba,2026-08-06 13:50:00,35.02,1012.7,73.0,normal,none,0,none
AWS-002,Mumbai Colaba,2026-08-06 14:00:00,35.19,1012.43,72.3,normal,none,0,none
AWS-002,Mumbai Colaba,2026-08-06 14:10:00,34.71,1012.18,70.8,normal,none,0,none
AWS-002,Mumbai Colaba,2026-08-06 14:20:00,35.7,1012.27,73.6,normal,none,0,none
AWS-002,Mumbai Colaba,2026-08-06 14:30:00,34.99,1012.48,72.8,normal,none,0,none
AWS-002,Mumbai Colaba,2026-08-06 14:40:00,35.42,1012.43,70.6,normal,none,0,none
AWS-002,Mumbai Colaba,2026-08-06 14:50:00,35.77,1011.46,72.6,normal,none,0,none
AWS-002,Mumbai Colaba,2026-08-06 15:00:00,35.14,1011.74,72.1,normal,none,0,none
AWS-002,Mumbai Colaba,2026-08-06 15:10:00,35.72,1012.46,72.1,normal,none,0,none
AWS-002,Mumbai Colaba,2026-08-06 15:20:00,35.81,1011.98,72.6,normal,none,0,none
AWS-002,Mumbai Colaba,2026-08-06 15:30:00,35.14,1011.87,73.0,normal,none,0,none
AWS-002,Mumbai Colaba,2026-08-06 15:40:00,35.72,1012.1,71.3,normal,none,0,none
AWS-002,Mumbai Colaba,2026-08-06 15:50:00,35.09,1011.93,73.2,normal,none,0,none
AWS-002,Mumbai Colaba,2026-08-06 16:00:00,35.58,1011.63,70.3,normal,none,0,none
AWS-002,Mumbai Colaba,2026-08-06 16:10:00,35.39,1012.16,73.5,normal,none,0,none
AWS-002,Mumbai Colaba,2026-08-06 16:20:00,35.41,1011.46,71.6,normal,none,0,none
AWS-002,Mumbai Colaba,2026-08-06 16:30:00,34.3,1011.38,73.7,normal,none,0,none
AWS-002,Mumbai Colaba,2026-08-06 16:40:00,34.56,1011.84,74.6,normal,none,0,none
AWS-002,Mumbai Colaba,2026-08-06 16:50:00,34.35,1011.09,73.3,normal,none,0,none
AWS-002,Mumbai Colaba,2026-08-06 17:00:00,35.16,1011.21,71.3,normal,none,0,none
AWS-002,Mumbai Colaba,2026-08-06 17:10:00,34.57,1011.41,73.1,normal,none,0,none
AWS-002,Mumbai Colaba,2026-08-06 17:20:00,34.67,1011.02,73.3,normal,none,0,none
AWS-002,Mumbai Colaba,2026-08-06 17:30:00,34.55,1011.09,74.4,normal,none,0,none
AWS-002,Mumbai Colaba,2026-08-06 17:40:00,34.9,1011.09,74.1,normal,none,0,none
AWS-002,Mumbai Colaba,2026-08-06 17:50:00,33.71,1011.33,74.6,normal,none,0,none
AWS-002,Mumbai Colaba,2026-08-06 18:00:00,33.9,1011.25,74.5,normal,none,0,none
AWS-002,Mumbai Colaba,2026-08-06 18:10:00,33.42,1011.1,75.6,normal,none,0,none
AWS-002,Mumbai Colaba,2026-08-06 18:20:00,33.45,1010.99,75.1,normal,none,0,none
AWS-002,Mumbai Colaba,2026-08-06 18:30:00,33.09,1010.99,74.1,normal,none,0,none
AWS-002,Mumbai Colaba,2026-08-06 18:40:00,32.78,1011.1,76.2,normal,none,0,none
AWS-002,Mumbai Colaba,2026-08-06 18:50:00,32.93,1011.01,76.6,normal,none,0,none
AWS-002,Mumbai Colaba,2026-08-06 19:00:00,32.5,1010.46,74.0,normal,none,0,none
AWS-002,Mumbai Colaba,2026-08-06 19:10:00,32.49,1010.75,76.0,normal,none,0,none
AWS-002,Mumbai Colaba,2026-08-06 19:20:00,32.95,1010.53,77.9,normal,none,0,none
AWS-002,Mumbai Colaba,2026-08-06 19:30:00,32.64,1011.15,77.3,normal,none,0,none
AWS-002,Mumbai Colaba,2026-08-06 19:40:00,32.23,1010.59,76.2,normal,none,0,none
AWS-002,Mumbai Colaba,2026-08-06 19:50:00,31.92,1010.47,78.2,normal,none,0,none
AWS-002,Mumbai Colaba,2026-08-06 20:00:00,32.35,1010.98,75.9,normal,none,0,none
AWS-002,Mumbai Colaba,2026-08-06 20:10:00,31.94,1010.77,79.9,normal,none,0,none
AWS-002,Mumbai Colaba,2026-08-06 20:20:00,31.4,1010.66,78.6,normal,none,0,none
AWS-002,Mumbai Colaba,2026-08-06 20:30:00,31.32,1010.31,78.9,normal,none,0,none
AWS-002,Mumbai Colaba,2026-08-06 20:40:00,30.3,1010.7,78.9,normal,none,0,none
AWS-002,Mumbai Colaba,2026-08-06 20:50:00,30.23,1010.72,80.4,normal,none,0,none
AWS-002,Mumbai Colaba,2026-08-06 21:00:00,30.43,1010.62,80.2,normal,none,0,none
AWS-002,Mumbai Colaba,2026-08-06 21:10:00,30.32,1010.34,80.7,normal,none,0,none
AWS-002,Mumbai Colaba,2026-08-06 21:20:00,29.78,1011.03,81.4,normal,none,0,none
AWS-002,Mumbai Colaba,2026-08-06 21:30:00,29.86,1010.65,81.1,normal,none,0,none
AWS-002,Mumbai Colaba,2026-08-06 21:40:00,30.33,1010.83,81.8,normal,none,0,none
AWS-002,Mumbai Colaba,2026-08-06 21:50:00,29.74,1011.15,81.4,normal,none,0,none
AWS-002,Mumbai Colaba,2026-08-06 22:00:00,29.76,1010.81,83.1,normal,none,0,none
AWS-002,Mumbai Colaba,2026-08-06 22:10:00,29.42,1010.41,85.2,normal,none,0,none
AWS-002,Mumbai Colaba,2026-08-06 22:20:00,29.51,1010.98,81.8,normal,none,0,none
AWS-002,Mumbai Colaba,2026-08-06 22:30:00,29.37,1010.34,82.9,normal,none,0,none
AWS-002,Mumbai Colaba,2026-08-06 22:40:00,29.25,1010.88,82.8,normal,none,0,none
AWS-002,Mumbai Colaba,2026-08-06 22:50:00,28.58,1011.01,84.2,normal,none,0,none
AWS-002,Mumbai Colaba,2026-08-06 23:00:00,28.45,1010.9,83.5,normal,none,0,none
AWS-002,Mumbai Colaba,2026-08-06 23:10:00,27.91,1011.15,85.5,normal,none,0,none
AWS-002,Mumbai Colaba,2026-08-06 23:20:00,28.44,1011.06,85.6,normal,none,0,none
AWS-002,Mumbai Colaba,2026-08-06 23:30:00,28.0,1011.21,86.1,normal,none,0,none
AWS-002,Mumbai Colaba,2026-08-06 23:40:00,28.34,1011.24,83.6,normal,none,0,none
AWS-002,Mumbai Colaba,2026-08-06 23:50:00,28.03,1011.41,86.8,normal,none,0,none
AWS-002,Mumbai Colaba,2026-08-07 00:00:00,27.34,1011.32,81.3,normal,none,0,none
AWS-002,Mumbai Colaba,2026-08-07 00:10:00,26.98,1010.64,85.5,normal,none,0,none
AWS-002,Mumbai Colaba,2026-08-07 00:20:00,27.56,1011.19,86.8,normal,none,0,none
AWS-002,Mumbai Colaba,2026-08-07 00:30:00,27.34,1011.04,85.5,normal,none,0,none
AWS-002,Mumbai Colaba,2026-08-07 00:40:00,27.41,1011.22,84.7,normal,none,0,none
AWS-002,Mumbai Colaba,2026-08-07 00:50:00,27.52,1011.31,87.1,normal,none,0,none
AWS-002,Mumbai Colaba,2026-08-07 01:00:00,27.44,1011.41,85.9,normal,none,0,none
AWS-002,Mumbai Colaba,2026-08-07 01:10:00,27.23,1011.42,87.5,normal,none,0,none
AWS-002,Mumbai Colaba,2026-08-07 01:20:00,27.16,1011.51,87.9,normal,none,0,none
AWS-002,Mumbai Colaba,2026-08-07 01:30:00,27.43,1011.91,86.1,normal,none,0,none
AWS-002,Mumbai Colaba,2026-08-07 01:40:00,26.67,1011.88,89.2,normal,none,0,none
AWS-002,Mumbai Colaba,2026-08-07 01:50:00,26.78,1011.94,85.6,normal,none,0,none
AWS-002,Mumbai Colaba,2026-08-07 02:00:00,27.09,1012.16,87.7,normal,none,0,none
AWS-002,Mumbai Colaba,2026-08-07 02:10:00,27.11,1011.92,88.1,normal,none,0,none
AWS-002,Mumbai Colaba,2026-08-07 02:20:00,27.42,1012.15,86.9,normal,none,0,none
AWS-002,Mumbai Colaba,2026-08-07 02:30:00,27.29,1012.14,86.6,normal,none,0,none
AWS-002,Mumbai Colaba,2026-08-07 02:40:00,27.63,1011.88,87.5,normal,none,0,none
AWS-002,Mumbai Colaba,2026-08-07 02:50:00,27.38,1012.23,85.4,normal,none,0,none
AWS-002,Mumbai Colaba,2026-08-07 03:00:00,26.66,1012.54,86.0,normal,none,0,none
AWS-002,Mumbai Colaba,2026-08-07 03:10:00,26.43,1012.78,84.9,normal,none,0,none
AWS-002,Mumbai Colaba,2026-08-07 03:20:00,27.22,1012.63,87.7,normal,none,0,none
AWS-002,Mumbai Colaba,2026-08-07 03:30:00,26.92,1012.69,84.6,normal,none,0,none
AWS-002,Mumbai Colaba,2026-08-07 03:40:00,27.1,1012.65,84.7,normal,none,0,none
AWS-002,Mumbai Colaba,2026-08-07 03:50:00,27.39,1012.97,88.4,normal,none,0,none
AWS-002,Mumbai Colaba,2026-08-07 04:00:00,27.76,1012.98,88.3,normal,none,0,none
AWS-002,Mumbai Colaba,2026-08-07 04:10:00,26.85,1012.8,84.4,normal,none,0,none
AWS-002,Mumbai Colaba,2026-08-07 04:20:00,27.23,1013.12,87.6,normal,none,0,none
AWS-002,Mumbai Colaba,2026-08-07 04:30:00,27.27,1012.6,87.5,normal,none,0,none
AWS-002,Mumbai Colaba,2026-08-07 04:40:00,27.67,1012.83,86.4,normal,none,0,none
AWS-002,Mumbai Colaba,2026-08-07 04:50:00,27.94,1013.6,86.5,normal,none,0,none
AWS-002,Mumbai Colaba,2026-08-07 05:00:00,27.59,1013.57,86.5,normal,none,0,none
AWS-002,Mumbai Colaba,2026-08-07 05:10:00,27.69,1012.99,85.9,normal,none,0,none
AWS-002,Mumbai Colaba,2026-08-07 05:20:00,28.06,1013.01,83.5,normal,none,0,none
AWS-002,Mumbai Colaba,2026-08-07 05:30:00,28.27,1013.24,84.9,normal,none,0,none
AWS-002,Mumbai Colaba,2026-08-07 05:40:00,28.76,1013.71,84.8,normal,none,0,none
AWS-002,Mumbai Colaba,2026-08-07 05:50:00,28.62,1013.43,82.7,normal,none,0,none
AWS-002,Mumbai Colaba,2026-08-07 06:00:00,28.17,1013.91,83.0,normal,none,0,none
AWS-002,Mumbai Colaba,2026-08-07 06:10:00,27.95,1013.76,82.0,normal,none,0,none
AWS-002,Mumbai Colaba,2026-08-07 06:20:00,28.79,1013.94,83.4,normal,none,0,none
AWS-002,Mumbai Colaba,2026-08-07 06:30:00,29.52,1014.14,79.5,normal,none,0,none
AWS-002,Mumbai Colaba,2026-08-07 06:40:00,29.87,1013.97,83.7,normal,none,0,none
AWS-002,Mumbai Colaba,2026-08-07 06:50:00,29.7,1013.92,82.6,normal,none,0,none
AWS-002,Mumbai Colaba,2026-08-07 07:00:00,30.14,1014.07,80.5,normal,none,0,none
AWS-002,Mumbai Colaba,2026-08-07 07:10:00,29.88,1013.94,81.8,normal,none,0,none
AWS-002,Mumbai Colaba,2026-08-07 07:20:00,30.22,1014.2,81.7,normal,none,0,none
AWS-002,Mumbai Colaba,2026-08-07 07:30:00,30.22,1013.88,82.0,normal,none,0,none
AWS-002,Mumbai Colaba,2026-08-07 07:40:00,30.37,1013.83,83.7,normal,none,0,none
AWS-002,Mumbai Colaba,2026-08-07 07:50:00,31.27,1014.12,81.8,normal,none,0,none
AWS-002,Mumbai Colaba,2026-08-07 08:00:00,31.39,1014.12,78.3,normal,none,0,none
AWS-002,Mumbai Colaba,2026-08-07 08:10:00,31.44,1013.82,79.0,normal,none,0,none
AWS-002,Mumbai Colaba,2026-08-07 08:20:00,31.77,1013.87,81.3,normal,none,0,none
AWS-002,Mumbai Colaba,2026-08-07 08:30:00,31.98,1014.11,78.5,normal,none,0,none
AWS-002,Mumbai Colaba,2026-08-07 08:40:00,31.78,1013.7,79.4,normal,none,0,none
AWS-002,Mumbai Colaba,2026-08-07 08:50:00,31.34,1014.11,77.4,normal,none,0,none
AWS-002,Mumbai Colaba,2026-08-07 09:00:00,32.52,1013.64,77.6,normal,none,0,none
AWS-002,Mumbai Colaba,2026-08-07 09:10:00,32.69,1013.65,78.0,normal,none,0,none
AWS-002,Mumbai Colaba,2026-08-07 09:20:00,31.84,1014.28,76.1,normal,none,0,none
AWS-002,Mumbai Colaba,2026-08-07 09:30:00,32.93,1014.19,76.0,normal,none,0,none
AWS-002,Mumbai Colaba,2026-08-07 09:40:00,32.98,1014.19,74.4,normal,none,0,none
AWS-002,Mumbai Colaba,2026-08-07 09:50:00,33.74,1013.62,77.8,normal,none,0,none
AWS-002,Mumbai Colaba,2026-08-07 10:00:00,33.39,1014.17,76.3,normal,none,0,none
AWS-002,Mumbai Colaba,2026-08-07 10:10:00,33.26,1014.24,76.5,normal,none,0,none
AWS-002,Mumbai Colaba,2026-08-07 10:20:00,33.41,1013.74,75.5,normal,none,0,none
AWS-002,Mumbai Colaba,2026-08-07 10:30:00,34.23,1013.96,75.6,normal,none,0,none
AWS-002,Mumbai Colaba,2026-08-07 10:40:00,34.08,1013.44,73.7,normal,none,0,none
AWS-002,Mumbai Colaba,2026-08-07 10:50:00,33.6,1013.56,74.0,normal,none,0,none
AWS-002,Mumbai Colaba,2026-08-07 11:00:00,33.71,1013.88,71.7,normal,none,0,none
AWS-002,Mumbai Colaba,2026-08-07 11:10:00,34.14,1013.6,73.0,normal,none,0,none
AWS-002,Mumbai Colaba,2026-08-07 11:20:00,35.18,1013.69,73.9,normal,none,0,none
AWS-002,Mumbai Colaba,2026-08-07 11:30:00,35.11,1013.97,73.1,normal,none,0,none
AWS-002,Mumbai Colaba,2026-08-07 11:40:00,35.65,1013.48,74.9,normal,none,0,none
AWS-002,Mumbai Colaba,2026-08-07 11:50:00,34.78,1013.27,72.5,normal,none,0,none
AWS-002,Mumbai Colaba,2026-08-07 12:00:00,34.58,1013.77,73.1,normal,none,0,none
AWS-002,Mumbai Colaba,2026-08-07 12:10:00,34.77,1013.05,72.5,normal,none,0,none
AWS-002,Mumbai Colaba,2026-08-07 12:20:00,34.6,1013.0,71.0,normal,none,0,none
AWS-002,Mumbai Colaba,2026-08-07 12:30:00,35.23,1013.27,72.3,normal,none,0,none
AWS-002,Mumbai Colaba,2026-08-07 12:40:00,35.52,1012.6,72.1,normal,none,0,none
AWS-002,Mumbai Colaba,2026-08-07 12:50:00,35.17,1012.99,72.4,normal,none,0,none
AWS-002,Mumbai Colaba,2026-08-07 13:00:00,35.72,1012.78,70.6,normal,none,0,none
AWS-002,Mumbai Colaba,2026-08-07 13:10:00,35.86,1012.96,72.3,normal,none,0,none
AWS-002,Mumbai Colaba,2026-08-07 13:20:00,35.92,1012.88,70.9,normal,none,0,none
AWS-002,Mumbai Colaba,2026-08-07 13:30:00,36.24,1012.71,70.3,normal,none,0,none
AWS-002,Mumbai Colaba,2026-08-07 13:40:00,35.78,1012.87,71.1,normal,none,0,none
AWS-002,Mumbai Colaba,2026-08-07 13:50:00,36.41,1012.24,70.6,normal,none,0,none
AWS-002,Mumbai Colaba,2026-08-07 14:00:00,36.31,1012.8,72.5,normal,none,0,none
AWS-002,Mumbai Colaba,2026-08-07 14:10:00,36.05,1011.89,72.5,normal,none,0,none
AWS-002,Mumbai Colaba,2026-08-07 14:20:00,35.28,1012.04,71.4,normal,none,0,none
AWS-002,Mumbai Colaba,2026-08-07 14:30:00,36.36,1011.83,70.3,normal,none,0,none
AWS-002,Mumbai Colaba,2026-08-07 14:40:00,35.49,1011.92,72.1,normal,none,0,none
AWS-002,Mumbai Colaba,2026-08-07 14:50:00,36.17,1012.22,72.0,normal,none,0,none
AWS-002,Mumbai Colaba,2026-08-07 15:00:00,35.9,1011.49,71.0,normal,none,0,none
AWS-002,Mumbai Colaba,2026-08-07 15:10:00,35.93,1011.33,70.8,normal,none,0,none
AWS-002,Mumbai Colaba,2026-08-07 15:20:00,35.44,1011.27,70.5,normal,none,0,none
AWS-002,Mumbai Colaba,2026-08-07 15:30:00,35.5,1011.6,71.3,normal,none,0,none
AWS-002,Mumbai Colaba,2026-08-07 15:40:00,35.7,1011.51,70.2,normal,none,0,none
AWS-002,Mumbai Colaba,2026-08-07 15:50:00,35.46,1011.09,72.4,normal,none,0,none
AWS-002,Mumbai Colaba,2026-08-07 16:00:00,35.82,1011.13,73.0,normal,none,0,none
AWS-002,Mumbai Colaba,2026-08-07 16:10:00,35.12,1011.06,72.6,normal,none,0,none
AWS-002,Mumbai Colaba,2026-08-07 16:20:00,34.96,1011.27,70.7,normal,none,0,none
AWS-002,Mumbai Colaba,2026-08-07 16:30:00,34.9,1010.8,73.0,normal,none,0,none
AWS-002,Mumbai Colaba,2026-08-07 16:40:00,35.12,1010.92,72.0,normal,none,0,none
AWS-002,Mumbai Colaba,2026-08-07 16:50:00,34.97,1010.75,75.4,normal,none,0,none
AWS-002,Mumbai Colaba,2026-08-07 17:00:00,34.47,1010.49,74.3,normal,none,0,none
AWS-002,Mumbai Colaba,2026-08-07 17:10:00,34.5,1010.09,73.6,normal,none,0,none
AWS-002,Mumbai Colaba,2026-08-07 17:20:00,34.6,1010.64,73.8,normal,none,0,none
AWS-002,Mumbai Colaba,2026-08-07 17:30:00,34.27,1010.49,73.9,normal,none,0,none
AWS-002,Mumbai Colaba,2026-08-07 17:40:00,34.15,1010.23,74.2,normal,none,0,none
AWS-002,Mumbai Colaba,2026-08-07 17:50:00,34.13,1010.56,74.9,normal,none,0,none
AWS-002,Mumbai Colaba,2026-08-07 18:00:00,68.19214320896857,1010.45,74.9,spike,temperature_spike,1,temperature
AWS-002,Mumbai Colaba,2026-08-07 18:10:00,33.79,1009.86,76.3,normal,none,0,none
AWS-002,Mumbai Colaba,2026-08-07 18:20:00,33.3,1010.16,74.6,normal,none,0,none
AWS-002,Mumbai Colaba,2026-08-07 18:30:00,33.22,1010.42,77.0,normal,none,0,none
AWS-002,Mumbai Colaba,2026-08-07 18:40:00,32.84,1010.21,74.3,normal,none,0,none
AWS-002,Mumbai Colaba,2026-08-07 18:50:00,32.74,1009.91,74.5,normal,none,0,none
AWS-002,Mumbai Colaba,2026-08-07 19:00:00,33.43,1009.73,75.5,normal,none,0,none
AWS-002,Mumbai Colaba,2026-08-07 19:10:00,32.58,1009.92,78.1,normal,none,0,none
AWS-002,Mumbai Colaba,2026-08-07 19:20:00,32.73,1009.79,78.5,normal,none,0,none
AWS-002,Mumbai Colaba,2026-08-07 19:30:00,31.93,1009.05,75.9,normal,none,0,none
AWS-002,Mumbai Colaba,2026-08-07 19:40:00,32.58,1009.74,76.8,normal,none,0,none
AWS-002,Mumbai Colaba,2026-08-07 19:50:00,31.5,1009.55,77.5,normal,none,0,none
AWS-002,Mumbai Colaba,2026-08-07 20:00:00,32.44,1009.81,79.0,normal,none,0,none
AWS-002,Mumbai Colaba,2026-08-07 20:10:00,31.86,1009.37,78.9,normal,none,0,none
AWS-002,Mumbai Colaba,2026-08-07 20:20:00,30.54,1009.86,80.1,normal,none,0,none
AWS-002,Mumbai Colaba,2026-08-07 20:30:00,31.11,1009.36,78.1,normal,none,0,none
AWS-002,Mumbai Colaba,2026-08-07 20:40:00,31.09,1008.87,82.0,normal,none,0,none
AWS-002,Mumbai Colaba,2026-08-07 20:50:00,30.41,1009.04,79.4,normal,none,0,none
AWS-002,Mumbai Colaba,2026-08-07 21:00:00,30.32,1009.23,81.9,normal,none,0,none
AWS-002,Mumbai Colaba,2026-08-07 21:10:00,29.75,1009.28,79.0,normal,none,0,none
AWS-002,Mumbai Colaba,2026-08-07 21:20:00,30.31,1009.47,79.6,normal,none,0,none
AWS-002,Mumbai Colaba,2026-08-07 21:30:00,29.61,1009.4,80.4,normal,none,0,none
AWS-002,Mumbai Colaba,2026-08-07 21:40:00,29.53,1009.28,83.0,normal,none,0,none
AWS-002,Mumbai Colaba,2026-08-07 21:50:00,29.05,1009.34,81.7,normal,none,0,none
AWS-002,Mumbai Colaba,2026-08-07 22:00:00,28.96,1009.36,82.9,normal,none,0,none
AWS-002,Mumbai Colaba,2026-08-07 22:10:00,28.68,1008.95,82.8,normal,none,0,none
AWS-002,Mumbai Colaba,2026-08-07 22:20:00,28.61,1009.24,85.4,normal,none,0,none
AWS-002,Mumbai Colaba,2026-08-07 22:30:00,28.81,1008.93,82.4,normal,none,0,none
AWS-002,Mumbai Colaba,2026-08-07 22:40:00,28.12,1009.32,84.8,normal,none,0,none
AWS-002,Mumbai Colaba,2026-08-07 22:50:00,28.03,1009.06,84.9,normal,none,0,none
AWS-002,Mumbai Colaba,2026-08-07 23:00:00,28.16,1009.15,83.4,normal,none,0,none
AWS-002,Mumbai Colaba,2026-08-07 23:10:00,27.47,1009.81,85.4,normal,none,0,none
AWS-002,Mumbai Colaba,2026-08-07 23:20:00,27.54,1009.08,87.4,normal,none,0,none
AWS-002,Mumbai Colaba,2026-08-07 23:30:00,27.61,1009.76,85.9,normal,none,0,none
AWS-002,Mumbai Colaba,2026-08-07 23:40:00,27.43,1009.74,88.6,normal,none,0,none
AWS-002,Mumbai Colaba,2026-08-07 23:50:00,27.69,1009.62,84.4,normal,none,0,none
AWS-002,Mumbai Colaba,2026-08-08 00:00:00,27.12,1009.82,88.7,normal,none,0,none
AWS-002,Mumbai Colaba,2026-08-08 00:10:00,26.7,1009.72,86.4,normal,none,0,none
AWS-002,Mumbai Colaba,2026-08-08 00:20:00,26.98,1009.52,88.9,normal,none,0,none
AWS-002,Mumbai Colaba,2026-08-08 00:30:00,26.54,1009.27,89.9,normal,none,0,none
AWS-002,Mumbai Colaba,2026-08-08 00:40:00,26.71,1009.48,88.8,normal,none,0,none
AWS-002,Mumbai Colaba,2026-08-08 00:50:00,26.5,1009.87,88.9,normal,none,0,none
AWS-002,Mumbai Colaba,2026-08-08 01:00:00,26.27,1010.0,89.6,normal,none,0,none
AWS-002,Mumbai Colaba,2026-08-08 01:10:00,26.57,1009.3,89.7,normal,none,0,none
AWS-002,Mumbai Colaba,2026-08-08 01:20:00,27.13,1009.84,87.6,normal,none,0,none
AWS-002,Mumbai Colaba,2026-08-08 01:30:00,25.89,1009.77,88.3,normal,none,0,none
AWS-002,Mumbai Colaba,2026-08-08 01:40:00,26.32,1009.8,87.5,normal,none,0,none
AWS-002,Mumbai Colaba,2026-08-08 01:50:00,26.57,1010.62,89.6,normal,none,0,none
AWS-002,Mumbai Colaba,2026-08-08 02:00:00,25.86,1009.71,87.9,normal,none,0,none
AWS-002,Mumbai Colaba,2026-08-08 02:10:00,26.31,1009.82,87.5,normal,none,0,none
AWS-002,Mumbai Colaba,2026-08-08 02:20:00,25.96,1010.36,86.1,normal,none,0,none
AWS-002,Mumbai Colaba,2026-08-08 02:30:00,26.03,1009.7,87.9,normal,none,0,none
AWS-002,Mumbai Colaba,2026-08-08 02:40:00,25.74,1010.23,89.3,normal,none,0,none
AWS-002,Mumbai Colaba,2026-08-08 02:50:00,26.37,1009.89,91.0,normal,none,0,none
AWS-002,Mumbai Colaba,2026-08-08 03:00:00,25.5,1010.41,88.7,normal,none,0,none
AWS-002,Mumbai Colaba,2026-08-08 03:10:00,26.46,1010.19,89.7,normal,none,0,none
AWS-002,Mumbai Colaba,2026-08-08 03:20:00,25.26,1010.15,89.0,normal,none,0,none
AWS-002,Mumbai Colaba,2026-08-08 03:30:00,26.05,1010.56,88.9,normal,none,0,none
AWS-002,Mumbai Colaba,2026-08-08 03:40:00,25.77,1010.51,88.4,normal,none,0,none
AWS-002,Mumbai Colaba,2026-08-08 03:50:00,26.34,1010.82,90.5,normal,none,0,none
AWS-002,Mumbai Colaba,2026-08-08 04:00:00,25.87,1010.78,86.2,normal,none,0,none
AWS-002,Mumbai Colaba,2026-08-08 04:10:00,25.83,1011.18,88.2,normal,none,0,none
AWS-002,Mumbai Colaba,2026-08-08 04:20:00,26.24,1010.69,88.2,normal,none,0,none
AWS-002,Mumbai Colaba,2026-08-08 04:30:00,26.65,1010.9,87.2,normal,none,0,none
AWS-002,Mumbai Colaba,2026-08-08 04:40:00,26.35,1010.76,86.7,normal,none,0,none
AWS-002,Mumbai Colaba,2026-08-08 04:50:00,26.48,1010.81,86.7,normal,none,0,none
AWS-002,Mumbai Colaba,2026-08-08 05:00:00,26.15,1010.95,87.6,normal,none,0,none
AWS-002,Mumbai Colaba,2026-08-08 05:10:00,27.06,1010.77,85.2,normal,none,0,none
AWS-002,Mumbai Colaba,2026-08-08 05:20:00,26.99,1011.18,83.2,normal,none,0,none
AWS-002,Mumbai Colaba,2026-08-08 05:30:00,26.73,1011.1,87.4,normal,none,0,none
AWS-002,Mumbai Colaba,2026-08-08 05:40:00,26.26,1011.17,87.6,normal,none,0,none
AWS-002,Mumbai Colaba,2026-08-08 05:50:00,27.09,1011.68,86.9,normal,none,0,none
AWS-002,Mumbai Colaba,2026-08-08 06:00:00,27.53,1011.41,86.5,normal,none,0,none
AWS-002,Mumbai Colaba,2026-08-08 06:10:00,27.13,1010.93,86.0,normal,none,0,none
AWS-002,Mumbai Colaba,2026-08-08 06:20:00,27.94,1011.38,87.0,normal,none,0,none
AWS-002,Mumbai Colaba,2026-08-08 06:30:00,28.04,1011.25,84.2,normal,none,0,none
AWS-002,Mumbai Colaba,2026-08-08 06:40:00,27.53,1010.98,83.9,normal,none,0,none
AWS-002,Mumbai Colaba,2026-08-08 06:50:00,28.95,1011.48,84.7,normal,none,0,none
AWS-002,Mumbai Colaba,2026-08-08 07:00:00,28.62,1011.35,84.1,normal,none,0,none
AWS-002,Mumbai Colaba,2026-08-08 07:10:00,27.66,1011.34,83.6,normal,none,0,none
AWS-002,Mumbai Colaba,2026-08-08 07:20:00,28.52,1011.94,82.4,normal,none,0,none
AWS-002,Mumbai Colaba,2026-08-08 07:30:00,28.83,1011.37,82.7,normal,none,0,none
AWS-002,Mumbai Colaba,2026-08-08 07:40:00,28.43,1011.03,80.8,normal,none,0,none
AWS-002,Mumbai Colaba,2026-08-08 07:50:00,28.93,1011.59,82.7,normal,none,0,none
AWS-002,Mumbai Colaba,2026-08-08 08:00:00,29.3,1011.51,80.9,normal,none,0,none
AWS-002,Mumbai Colaba,2026-08-08 08:10:00,29.36,1011.42,81.6,normal,none,0,none
AWS-002,Mumbai Colaba,2026-08-08 08:20:00,29.91,1011.27,81.6,normal,none,0,none
AWS-002,Mumbai Colaba,2026-08-08 08:30:00,29.52,1011.18,82.5,normal,none,0,none
AWS-002,Mumbai Colaba,2026-08-08 08:40:00,29.66,1011.09,80.2,normal,none,0,none
AWS-002,Mumbai Colaba,2026-08-08 08:50:00,30.72,1011.26,83.0,normal,none,0,none
AWS-002,Mumbai Colaba,2026-08-08 09:00:00,30.51,1011.28,80.2,normal,none,0,none
AWS-002,Mumbai Colaba,2026-08-08 09:10:00,30.81,1011.25,81.8,normal,none,0,none
AWS-002,Mumbai Colaba,2026-08-08 09:20:00,31.16,1010.97,81.7,normal,none,0,none
AWS-002,Mumbai Colaba,2026-08-08 09:30:00,30.95,1010.96,79.3,normal,none,0,none
AWS-002,Mumbai Colaba,2026-08-08 09:40:00,31.51,1011.12,78.2,normal,none,0,none
AWS-002,Mumbai Colaba,2026-08-08 09:50:00,30.93,1011.22,81.3,normal,none,0,none
AWS-002,Mumbai Colaba,2026-08-08 10:00:00,31.51,1011.34,77.9,normal,none,0,none
AWS-002,Mumbai Colaba,2026-08-08 10:10:00,31.54,1010.87,77.9,normal,none,0,none
AWS-002,Mumbai Colaba,2026-08-08 10:20:00,32.89,1010.65,75.8,normal,none,0,none
AWS-002,Mumbai Colaba,2026-08-08 10:30:00,31.86,1010.74,78.5,normal,none,0,none
AWS-002,Mumbai Colaba,2026-08-08 10:40:00,32.41,1010.87,78.2,normal,none,0,none
AWS-002,Mumbai Colaba,2026-08-08 10:50:00,32.32,1011.01,76.0,normal,none,0,none
AWS-002,Mumbai Colaba,2026-08-08 11:00:00,32.08,1010.17,75.3,normal,none,0,none
AWS-002,Mumbai Colaba,2026-08-08 11:10:00,32.41,1010.75,76.2,normal,none,0,none
AWS-002,Mumbai Colaba,2026-08-08 11:20:00,33.22,1010.17,75.8,normal,none,0,none
AWS-002,Mumbai Colaba,2026-08-08 11:30:00,32.91,1010.97,75.4,normal,none,0,none
AWS-002,Mumbai Colaba,2026-08-08 11:40:00,33.23,1010.07,78.3,normal,none,0,none
AWS-002,Mumbai Colaba,2026-08-08 11:50:00,33.11,1009.99,75.1,normal,none,0,none
AWS-002,Mumbai Colaba,2026-08-08 12:00:00,32.58,1010.06,75.2,normal,none,0,none
AWS-002,Mumbai Colaba,2026-08-08 12:10:00,33.14,1010.28,74.5,normal,none,0,none
AWS-002,Mumbai Colaba,2026-08-08 12:20:00,33.26,1010.26,76.0,normal,none,0,none
AWS-002,Mumbai Colaba,2026-08-08 12:30:00,33.45,1010.11,76.0,normal,none,0,none
AWS-002,Mumbai Colaba,2026-08-08 12:40:00,33.56,1009.72,75.5,normal,none,0,none
AWS-002,Mumbai Colaba,2026-08-08 12:50:00,33.64,1009.33,76.7,normal,none,0,none
AWS-002,Mumbai Colaba,2026-08-08 13:00:00,33.06,1009.51,76.0,normal,none,0,none
AWS-002,Mumbai Colaba,2026-08-08 13:10:00,33.09,1009.57,75.3,normal,none,0,none
AWS-002,Mumbai Colaba,2026-08-08 13:20:00,33.5,1009.42,74.6,normal,none,0,none
AWS-002,Mumbai Colaba,2026-08-08 13:30:00,34.18,1009.65,75.6,normal,none,0,none
AWS-002,Mumbai Colaba,2026-08-08 13:40:00,34.11,1008.91,73.7,normal,none,0,none
AWS-002,Mumbai Colaba,2026-08-08 13:50:00,34.01,1009.44,73.9,normal,none,0,none
AWS-002,Mumbai Colaba,2026-08-08 14:00:00,33.47,1009.21,73.8,normal,none,0,none
AWS-002,Mumbai Colaba,2026-08-08 14:10:00,33.27,1009.08,72.6,normal,none,0,none
AWS-002,Mumbai Colaba,2026-08-08 14:20:00,33.59,1009.08,74.5,normal,none,0,none
AWS-002,Mumbai Colaba,2026-08-08 14:30:00,32.42,1008.75,76.5,normal,none,0,none
AWS-002,Mumbai Colaba,2026-08-08 14:40:00,33.79,1008.43,76.8,normal,none,0,none
AWS-002,Mumbai Colaba,2026-08-08 14:50:00,34.18,1008.71,73.2,normal,none,0,none
AWS-002,Mumbai Colaba,2026-08-08 15:00:00,33.53,1008.39,75.8,normal,none,0,none
AWS-002,Mumbai Colaba,2026-08-08 15:10:00,33.41,1008.86,74.2,normal,none,0,none
AWS-002,Mumbai Colaba,2026-08-08 15:20:00,33.45,1008.18,74.8,normal,none,0,none
AWS-002,Mumbai Colaba,2026-08-08 15:30:00,33.71,1008.01,77.2,normal,none,0,none
AWS-002,Mumbai Colaba,2026-08-08 15:40:00,33.53,1008.13,75.7,normal,none,0,none
AWS-002,Mumbai Colaba,2026-08-08 15:50:00,32.35,1007.69,76.1,normal,none,0,none
AWS-002,Mumbai Colaba,2026-08-08 16:00:00,33.51,1007.89,75.5,normal,none,0,none
AWS-002,Mumbai Colaba,2026-08-08 16:10:00,33.34,1007.58,76.1,normal,none,0,none
AWS-002,Mumbai Colaba,2026-08-08 16:20:00,33.51,1007.55,77.0,normal,none,0,none
AWS-002,Mumbai Colaba,2026-08-08 16:30:00,32.32,1007.62,77.2,normal,none,0,none
AWS-002,Mumbai Colaba,2026-08-08 16:40:00,32.66,1007.37,75.4,normal,none,0,none
AWS-002,Mumbai Colaba,2026-08-08 16:50:00,32.41,1007.38,75.0,normal,none,0,none
AWS-002,Mumbai Colaba,2026-08-08 17:00:00,32.57,1006.88,75.6,normal,none,0,none
AWS-002,Mumbai Colaba,2026-08-08 17:10:00,31.76,1007.42,76.5,normal,none,0,none
AWS-002,Mumbai Colaba,2026-08-08 17:20:00,32.29,1006.89,75.5,normal,none,0,none
AWS-002,Mumbai Colaba,2026-08-08 17:30:00,32.32,1007.12,79.1,normal,none,0,none
AWS-002,Mumbai Colaba,2026-08-08 17:40:00,32.77,1006.87,77.1,normal,none,0,none
AWS-002,Mumbai Colaba,2026-08-08 17:50:00,32.47,1006.61,78.7,normal,none,0,none
AWS-002,Mumbai Colaba,2026-08-08 18:00:00,30.8,1006.68,79.2,normal,none,0,none
AWS-002,Mumbai Colaba,2026-08-08 18:10:00,31.35,1006.45,79.2,normal,none,0,none
AWS-002,Mumbai Colaba,2026-08-08 18:20:00,30.94,1006.89,77.9,normal,none,0,none
AWS-002,Mumbai Colaba,2026-08-08 18:30:00,31.68,1006.65,77.8,normal,none,0,none
AWS-002,Mumbai Colaba,2026-08-08 18:40:00,30.96,1006.6,79.7,normal,none,0,none
AWS-002,Mumbai Colaba,2026-08-08 18:50:00,30.87,1006.12,77.8,normal,none,0,none
AWS-002,Mumbai Colaba,2026-08-08 19:00:00,30.29,1006.71,80.1,normal,none,0,none
AWS-002,Mumbai Colaba,2026-08-08 19:10:00,29.94,1006.49,78.3,drift,drift,1,temperature
AWS-002,Mumbai Colaba,2026-08-08 19:20:00,30.99,1006.11,79.8,drift,drift,1,temperature
AWS-002,Mumbai Colaba,2026-08-08 19:30:00,30.990000000000002,1006.04,81.9,drift,drift,1,temperature
AWS-002,Mumbai Colaba,2026-08-08 19:40:00,32.02,1006.07,80.0,drift,drift,1,temperature
AWS-002,Mumbai Colaba,2026-08-08 19:50:00,31.89,1006.15,82.1,drift,drift,1,temperature
AWS-002,Mumbai Colaba,2026-08-08 20:00:00,32.760000000000005,1006.2,81.2,drift,drift,1,temperature
AWS-002,Mumbai Colaba,2026-08-08 20:10:00,33.23,1006.2,82.7,drift,drift,1,temperature
AWS-002,Mumbai Colaba,2026-08-08 20:20:00,33.51,1006.02,82.7,drift,drift,1,temperature
AWS-002,Mumbai Colaba,2026-08-08 20:30:00,33.72,1005.72,83.5,drift,drift,1,temperature
AWS-002,Mumbai Colaba,2026-08-08 20:40:00,34.65,1006.32,85.1,drift,drift,1,temperature
AWS-002,Mumbai Colaba,2026-08-08 20:50:00,34.6,1005.76,84.1,drift,drift,1,temperature
AWS-002,Mumbai Colaba,2026-08-08 21:00:00,34.98,1006.07,83.8,drift,drift,1,temperature
AWS-002,Mumbai Colaba,2026-08-08 21:10:00,35.519999999999996,1006.15,85.7,drift,drift,1,temperature
AWS-002,Mumbai Colaba,2026-08-08 21:20:00,36.01,1006.31,84.0,drift,drift,1,temperature
AWS-002,Mumbai Colaba,2026-08-08 21:30:00,37.0,1005.95,84.6,drift,drift,1,temperature
AWS-002,Mumbai Colaba,2026-08-08 21:40:00,36.739999999999995,1005.43,86.6,drift,drift,1,temperature
AWS-002,Mumbai Colaba,2026-08-08 21:50:00,37.24,1006.35,84.8,drift,drift,1,temperature
AWS-002,Mumbai Colaba,2026-08-08 22:00:00,38.11,1005.73,83.3,drift,drift,1,temperature
AWS-002,Mumbai Colaba,2026-08-08 22:10:00,26.91,1005.88,86.2,normal,none,0,none
AWS-002,Mumbai Colaba,2026-08-08 22:20:00,26.92,1005.84,85.9,normal,none,0,none
AWS-002,Mumbai Colaba,2026-08-08 22:30:00,26.48,1005.6,88.1,normal,none,0,none
AWS-002,Mumbai Colaba,2026-08-08 22:40:00,26.3,1005.9,88.4,normal,none,0,none
AWS-002,Mumbai Colaba,2026-08-08 22:50:00,25.97,1006.07,86.2,normal,none,0,none
AWS-002,Mumbai Colaba,2026-08-08 23:00:00,25.81,1005.72,89.9,normal,none,0,none
AWS-002,Mumbai Colaba,2026-08-08 23:10:00,25.38,1005.96,89.1,normal,none,0,none
AWS-002,Mumbai Colaba,2026-08-08 23:20:00,25.28,1005.62,88.9,normal,none,0,none
AWS-002,Mumbai Colaba,2026-08-08 23:30:00,25.6,1006.58,91.1,normal,none,0,none
AWS-002,Mumbai Colaba,2026-08-08 23:40:00,24.85,1006.04,88.9,normal,none,0,none
AWS-002,Mumbai Colaba,2026-08-08 23:50:00,24.82,1006.01,87.6,normal,none,0,none
AWS-002,Mumbai Colaba,2026-08-09 00:00:00,25.34,1005.76,89.1,normal,none,0,none
AWS-002,Mumbai Colaba,2026-08-09 00:10:00,24.52,1005.72,89.6,normal,none,0,none
AWS-002,Mumbai Colaba,2026-08-09 00:20:00,25.1,1006.11,91.6,normal,none,0,none
AWS-002,Mumbai Colaba,2026-08-09 00:30:00,24.4,1006.13,90.5,normal,none,0,none
AWS-002,Mumbai Colaba,2026-08-09 00:40:00,24.53,1006.46,90.5,normal,none,0,none
AWS-002,Mumbai Colaba,2026-08-09 00:50:00,24.41,1005.79,92.6,normal,none,0,none
AWS-002,Mumbai Colaba,2026-08-09 01:00:00,24.53,1006.03,91.0,normal,none,0,none
AWS-002,Mumbai Colaba,2026-08-09 01:10:00,24.24,1006.31,91.7,normal,none,0,none
AWS-002,Mumbai Colaba,2026-08-09 01:20:00,23.86,1006.31,94.3,normal,none,0,none
AWS-002,Mumbai Colaba,2026-08-09 01:30:00,24.25,1006.31,92.4,normal,none,0,none
AWS-002,Mumbai Colaba,2026-08-09 01:40:00,23.5,1006.74,90.9,normal,none,0,none
AWS-002,Mumbai Colaba,2026-08-09 01:50:00,24.25,1006.33,90.9,normal,none,0,none
AWS-002,Mumbai Colaba,2026-08-09 02:00:00,23.76,1006.36,94.2,normal,none,0,none
AWS-002,Mumbai Colaba,2026-08-09 02:10:00,23.28,1006.62,89.4,normal,none,0,none
AWS-002,Mumbai Colaba,2026-08-09 02:20:00,23.1,1006.33,92.1,normal,none,0,none
AWS-002,Mumbai Colaba,2026-08-09 02:30:00,22.93,1006.35,93.0,normal,none,0,none
AWS-002,Mumbai Colaba,2026-08-09 02:40:00,23.95,1006.59,92.0,normal,none,0,none
AWS-002,Mumbai Colaba,2026-08-09 02:50:00,23.85,1006.6,91.7,normal,none,0,none
AWS-002,Mumbai Colaba,2026-08-09 03:00:00,23.42,1006.63,93.5,normal,none,0,none
AWS-002,Mumbai Colaba,2026-08-09 03:10:00,24.1,1006.94,94.1,normal,none,0,none
AWS-002,Mumbai Colaba,2026-08-09 03:20:00,23.61,1007.09,92.3,normal,none,0,none
AWS-002,Mumbai Colaba,2026-08-09 03:30:00,23.2,1006.76,89.3,normal,none,0,none
AWS-002,Mumbai Colaba,2026-08-09 03:40:00,23.17,1007.29,91.4,normal,none,0,none
AWS-002,Mumbai Colaba,2026-08-09 03:50:00,24.53,1007.27,92.3,normal,none,0,none
AWS-002,Mumbai Colaba,2026-08-09 04:00:00,23.97,1007.29,91.6,normal,none,0,none
AWS-002,Mumbai Colaba,2026-08-09 04:10:00,24.04,1007.39,91.6,normal,none,0,none
AWS-002,Mumbai Colaba,2026-08-09 04:20:00,24.39,1007.38,92.4,normal,none,0,none
AWS-002,Mumbai Colaba,2026-08-09 04:30:00,24.12,1007.48,91.2,normal,none,0,none
AWS-002,Mumbai Colaba,2026-08-09 04:40:00,24.52,1008.12,92.2,normal,none,0,none
AWS-002,Mumbai Colaba,2026-08-09 04:50:00,24.62,1007.49,90.0,normal,none,0,none
AWS-002,Mumbai Colaba,2026-08-09 05:00:00,24.24,1007.51,92.4,normal,none,0,none
AWS-002,Mumbai Colaba,2026-08-09 05:10:00,24.54,1007.23,91.0,normal,none,0,none
AWS-002,Mumbai Colaba,2026-08-09 05:20:00,24.93,1007.51,88.7,normal,none,0,none
AWS-002,Mumbai Colaba,2026-08-09 05:30:00,24.58,1007.8,90.0,normal,none,0,none
AWS-002,Mumbai Colaba,2026-08-09 05:40:00,24.4,1007.81,86.9,normal,none,0,none
AWS-002,Mumbai Colaba,2026-08-09 05:50:00,25.38,1008.12,89.0,normal,none,0,none
AWS-002,Mumbai Colaba,2026-08-09 06:00:00,25.09,1007.61,89.1,normal,none,0,none
AWS-002,Mumbai Colaba,2026-08-09 06:10:00,25.39,1007.59,89.8,normal,none,0,none
AWS-002,Mumbai Colaba,2026-08-09 06:20:00,25.87,1007.95,88.1,normal,none,0,none
AWS-002,Mumbai Colaba,2026-08-09 06:30:00,25.41,1007.79,89.3,normal,none,0,none
AWS-002,Mumbai Colaba,2026-08-09 06:40:00,25.92,1007.16,86.6,normal,none,0,none
AWS-002,Mumbai Colaba,2026-08-09 06:50:00,26.08,1007.68,89.3,normal,none,0,none
AWS-002,Mumbai Colaba,2026-08-09 07:00:00,25.71,1007.85,88.2,normal,none,0,none
AWS-002,Mumbai Colaba,2026-08-09 07:10:00,26.02,1008.31,87.7,normal,none,0,none
AWS-002,Mumbai Colaba,2026-08-09 07:20:00,26.31,1007.93,85.6,normal,none,0,none
AWS-002,Mumbai Colaba,2026-08-09 07:30:00,26.11,1008.23,86.6,normal,none,0,none
AWS-002,Mumbai Colaba,2026-08-09 07:40:00,26.43,1007.86,86.5,normal,none,0,none
AWS-002,Mumbai Colaba,2026-08-09 07:50:00,27.0,1007.85,84.6,normal,none,0,none
AWS-002,Mumbai Colaba,2026-08-09 08:00:00,26.76,1008.16,87.1,normal,none,0,none
AWS-002,Mumbai Colaba,2026-08-09 08:10:00,27.38,1008.27,84.6,normal,none,0,none
AWS-002,Mumbai Colaba,2026-08-09 08:20:00,27.1,1008.2,84.3,normal,none,0,none
AWS-002,Mumbai Colaba,2026-08-09 08:30:00,27.06,1008.31,84.1,normal,none,0,none
AWS-002,Mumbai Colaba,2026-08-09 08:40:00,27.53,1007.97,84.2,normal,none,0,none
AWS-002,Mumbai Colaba,2026-08-09 08:50:00,28.07,1007.74,82.8,normal,none,0,none
AWS-002,Mumbai Colaba,2026-08-09 09:00:00,28.46,1008.37,84.3,normal,none,0,none
AWS-002,Mumbai Colaba,2026-08-09 09:10:00,28.13,1007.7,83.8,normal,none,0,none
AWS-002,Mumbai Colaba,2026-08-09 09:20:00,29.2,1008.27,85.4,normal,none,0,none
AWS-002,Mumbai Colaba,2026-08-09 09:30:00,29.13,1007.91,81.5,normal,none,0,none
AWS-002,Mumbai Colaba,2026-08-09 09:40:00,29.23,1007.75,81.7,normal,none,0,none
AWS-002,Mumbai Colaba,2026-08-09 09:50:00,29.06,1007.73,80.0,normal,none,0,none
AWS-002,Mumbai Colaba,2026-08-09 10:00:00,28.82,1007.81,80.5,normal,none,0,none
AWS-002,Mumbai Colaba,2026-08-09 10:10:00,30.19,1007.75,80.8,normal,none,0,none
AWS-002,Mumbai Colaba,2026-08-09 10:20:00,29.8,1008.18,81.3,normal,none,0,none
AWS-002,Mumbai Colaba,2026-08-09 10:30:00,29.25,1007.73,81.8,normal,none,0,none
AWS-002,Mumbai Colaba,2026-08-09 10:40:00,29.53,1007.61,79.5,normal,none,0,none
AWS-002,Mumbai Colaba,2026-08-09 10:50:00,31.04,1008.03,81.3,normal,none,0,none
AWS-002,Mumbai Colaba,2026-08-09 11:00:00,29.8,1007.52,83.4,normal,none,0,none
AWS-002,Mumbai Colaba,2026-08-09 11:10:00,30.52,1007.4,80.6,normal,none,0,none
AWS-002,Mumbai Colaba,2026-08-09 11:20:00,30.43,1007.58,81.0,normal,none,0,none
AWS-002,Mumbai Colaba,2026-08-09 11:30:00,30.87,1007.67,81.0,normal,none,0,none
AWS-002,Mumbai Colaba,2026-08-09 11:40:00,30.88,1007.6,80.1,normal,none,0,none
AWS-002,Mumbai Colaba,2026-08-09 11:50:00,31.57,1006.92,78.3,normal,none,0,none
AWS-002,Mumbai Colaba,2026-08-09 12:00:00,31.15,1007.6,78.6,normal,none,0,none
AWS-002,Mumbai Colaba,2026-08-09 12:10:00,31.19,1006.66,79.3,normal,none,0,none
AWS-002,Mumbai Colaba,2026-08-09 12:20:00,31.3,1006.98,77.8,normal,none,0,none
AWS-002,Mumbai Colaba,2026-08-09 12:30:00,31.46,1006.92,77.0,normal,none,0,none
AWS-002,Mumbai Colaba,2026-08-09 12:40:00,32.1,1006.63,79.8,normal,none,0,none
AWS-002,Mumbai Colaba,2026-08-09 12:50:00,31.61,1007.3,78.0,normal,none,0,none
AWS-002,Mumbai Colaba,2026-08-09 13:00:00,31.68,1007.23,77.1,normal,none,0,none
AWS-002,Mumbai Colaba,2026-08-09 13:10:00,31.44,1006.22,76.8,normal,none,0,none
AWS-002,Mumbai Colaba,2026-08-09 13:20:00,31.81,1006.87,77.7,normal,none,0,none
AWS-002,Mumbai Colaba,2026-08-09 13:30:00,32.09,1006.45,75.4,normal,none,0,none
AWS-002,Mumbai Colaba,2026-08-09 13:40:00,33.01,1006.5,75.4,normal,none,0,none
AWS-002,Mumbai Colaba,2026-08-09 13:50:00,31.72,1006.27,74.8,normal,none,0,none
AWS-002,Mumbai Colaba,2026-08-09 14:00:00,31.98,1006.35,77.3,normal,none,0,none
AWS-002,Mumbai Colaba,2026-08-09 14:10:00,32.24,1006.08,75.4,normal,none,0,none
AWS-002,Mumbai Colaba,2026-08-09 14:20:00,32.0,1006.46,77.8,normal,none,0,none
AWS-002,Mumbai Colaba,2026-08-09 14:30:00,31.51,1005.91,76.7,normal,none,0,none
AWS-002,Mumbai Colaba,2026-08-09 14:40:00,32.04,1005.97,75.8,normal,none,0,none
AWS-002,Mumbai Colaba,2026-08-09 14:50:00,31.94,1005.71,78.8,normal,none,0,none
AWS-002,Mumbai Colaba,2026-08-09 15:00:00,32.19,1005.61,75.1,normal,none,0,none
AWS-002,Mumbai Colaba,2026-08-09 15:10:00,32.1,1005.58,77.2,normal,none,0,none
AWS-002,Mumbai Colaba,2026-08-09 15:20:00,31.55,1005.99,77.7,normal,none,0,none
AWS-002,Mumbai Colaba,2026-08-09 15:30:00,31.88,1005.67,76.6,normal,none,0,none
AWS-002,Mumbai Colaba,2026-08-09 15:40:00,31.66,1005.64,77.5,normal,none,0,none
AWS-002,Mumbai Colaba,2026-08-09 15:50:00,31.66,1005.67,77.7,normal,none,0,none
AWS-002,Mumbai Colaba,2026-08-09 16:00:00,31.52,1005.49,76.6,normal,none,0,none
AWS-002,Mumbai Colaba,2026-08-09 16:10:00,30.96,1005.13,77.9,normal,none,0,none
AWS-002,Mumbai Colaba,2026-08-09 16:20:00,31.17,1005.21,77.2,normal,none,0,none
AWS-002,Mumbai Colaba,2026-08-09 16:30:00,32.09,1005.2,77.2,normal,none,0,none
AWS-002,Mumbai Colaba,2026-08-09 16:40:00,31.22,1004.91,78.9,normal,none,0,none
AWS-002,Mumbai Colaba,2026-08-09 16:50:00,30.72,1005.09,77.8,normal,none,0,none
AWS-002,Mumbai Colaba,2026-08-09 17:00:00,30.45,1004.49,76.2,normal,none,0,none
AWS-002,Mumbai Colaba,2026-08-09 17:10:00,31.21,1004.34,81.5,normal,none,0,none
AWS-002,Mumbai Colaba,2026-08-09 17:20:00,30.82,1004.79,78.8,normal,none,0,none
AWS-002,Mumbai Colaba,2026-08-09 17:30:00,30.94,1004.38,78.8,normal,none,0,none
AWS-002,Mumbai Colaba,2026-08-09 17:40:00,31.06,1005.07,79.7,normal,none,0,none
AWS-002,Mumbai Colaba,2026-08-09 17:50:00,30.1,1004.38,79.7,normal,none,0,none
AWS-002,Mumbai Colaba,2026-08-09 18:00:00,30.4,1003.97,79.8,normal,none,0,none
AWS-002,Mumbai Colaba,2026-08-09 18:10:00,30.63,1004.51,82.2,normal,none,0,none
AWS-002,Mumbai Colaba,2026-08-09 18:20:00,29.62,1003.97,79.5,normal,none,0,none
AWS-002,Mumbai Colaba,2026-08-09 18:30:00,29.95,1003.82,81.7,normal,none,0,none
AWS-002,Mumbai Colaba,2026-08-09 18:40:00,29.78,1003.99,83.9,normal,none,0,none
AWS-002,Mumbai Colaba,2026-08-09 18:50:00,29.49,1003.77,81.6,normal,none,0,none
AWS-002,Mumbai Colaba,2026-08-09 19:00:00,29.48,1004.14,82.7,normal,none,0,none
AWS-002,Mumbai Colaba,2026-08-09 19:10:00,28.85,1004.04,82.7,normal,none,0,none
AWS-002,Mumbai Colaba,2026-08-09 19:20:00,29.25,1003.28,83.3,normal,none,0,none
AWS-002,Mumbai Colaba,2026-08-09 19:30:00,28.4,1003.81,83.5,normal,none,0,none
AWS-002,Mumbai Colaba,2026-08-09 19:40:00,28.14,1003.7,83.5,normal,none,0,none
AWS-002,Mumbai Colaba,2026-08-09 19:50:00,28.71,1003.62,84.1,normal,none,0,none
AWS-002,Mumbai Colaba,2026-08-09 20:00:00,27.92,1003.82,86.2,normal,none,0,none
AWS-002,Mumbai Colaba,2026-08-09 20:10:00,28.18,1004.08,84.1,normal,none,0,none
AWS-002,Mumbai Colaba,2026-08-09 20:20:00,27.78,1004.0,83.0,normal,none,0,none
AWS-002,Mumbai Colaba,2026-08-09 20:30:00,26.95,1003.36,85.3,normal,none,0,none
AWS-002,Mumbai Colaba,2026-08-09 20:40:00,27.08,1003.73,86.5,normal,none,0,none
AWS-002,Mumbai Colaba,2026-08-09 20:50:00,27.38,1003.99,85.1,normal,none,0,none
AWS-002,Mumbai Colaba,2026-08-09 21:00:00,26.47,1003.64,85.3,normal,none,0,none
AWS-002,Mumbai Colaba,2026-08-09 21:10:00,26.86,1003.43,85.8,normal,none,0,none
AWS-002,Mumbai Colaba,2026-08-09 21:20:00,27.28,1003.6,87.6,normal,none,0,none
AWS-002,Mumbai Colaba,2026-08-09 21:30:00,25.61,1003.65,87.1,normal,none,0,none
AWS-002,Mumbai Colaba,2026-08-09 21:40:00,26.32,1003.82,88.3,normal,none,0,none
AWS-002,Mumbai Colaba,2026-08-09 21:50:00,25.78,1003.53,86.4,normal,none,0,none
AWS-002,Mumbai Colaba,2026-08-09 22:00:00,26.32,1003.32,88.5,normal,none,0,none
AWS-002,Mumbai Colaba,2026-08-09 22:10:00,25.25,1003.47,88.5,normal,none,0,none
AWS-002,Mumbai Colaba,2026-08-09 22:20:00,25.13,1004.09,87.8,normal,none,0,none
AWS-002,Mumbai Colaba,2026-08-09 22:30:00,25.45,1003.79,89.1,normal,none,0,none
AWS-002,Mumbai Colaba,2026-08-09 22:40:00,25.03,1003.72,90.1,normal,none,0,none
AWS-002,Mumbai Colaba,2026-08-09 22:50:00,25.86,1004.41,91.1,normal,none,0,none
AWS-002,Mumbai Colaba,2026-08-09 23:00:00,24.73,1003.93,91.0,normal,none,0,none
AWS-002,Mumbai Colaba,2026-08-09 23:10:00,24.37,1003.93,89.8,normal,none,0,none
AWS-002,Mumbai Colaba,2026-08-09 23:20:00,24.72,1003.81,90.9,normal,none,0,none
AWS-002,Mumbai Colaba,2026-08-09 23:30:00,24.19,1004.09,91.6,normal,none,0,none
AWS-002,Mumbai Colaba,2026-08-09 23:40:00,24.27,1004.44,90.8,normal,none,0,none
AWS-002,Mumbai Colaba,2026-08-09 23:50:00,24.04,1004.12,92.0,normal,none,0,none
AWS-002,Mumbai Colaba,2026-08-10 00:00:00,24.18,1004.08,89.9,normal,none,0,none
AWS-002,Mumbai Colaba,2026-08-10 00:10:00,24.3,1003.93,91.8,normal,none,0,none
AWS-002,Mumbai Colaba,2026-08-10 00:20:00,23.24,1004.45,91.8,normal,none,0,none
AWS-002,Mumbai Colaba,2026-08-10 00:30:00,24.22,1004.64,91.1,normal,none,0,none
AWS-002,Mumbai Colaba,2026-08-10 00:40:00,23.69,1004.45,92.2,normal,none,0,none
AWS-002,Mumbai Colaba,2026-08-10 00:50:00,23.03,1004.06,91.3,normal,none,0,none
AWS-002,Mumbai Colaba,2026-08-10 01:00:00,23.55,1004.49,92.0,normal,none,0,none
AWS-002,Mumbai Colaba,2026-08-10 01:10:00,23.26,1004.71,93.1,normal,none,0,none
AWS-002,Mumbai Colaba,2026-08-10 01:20:00,23.56,1004.77,92.7,normal,none,0,none
AWS-002,Mumbai Colaba,2026-08-10 01:30:00,23.45,1004.78,94.3,normal,none,0,none
AWS-002,Mumbai Colaba,2026-08-10 01:40:00,23.64,1004.65,92.8,normal,none,0,none
AWS-002,Mumbai Colaba,2026-08-10 01:50:00,23.05,1005.22,93.6,normal,none,0,none
AWS-002,Mumbai Colaba,2026-08-10 02:00:00,23.01,1005.02,93.3,normal,none,0,none
AWS-002,Mumbai Colaba,2026-08-10 02:10:00,23.3,1004.75,90.5,normal,none,0,none
AWS-002,Mumbai Colaba,2026-08-10 02:20:00,23.69,1005.44,92.7,normal,none,0,none
AWS-002,Mumbai Colaba,2026-08-10 02:30:00,23.15,1005.08,91.1,normal,none,0,none
AWS-002,Mumbai Colaba,2026-08-10 02:40:00,23.44,1005.44,92.5,normal,none,0,none
AWS-002,Mumbai Colaba,2026-08-10 02:50:00,23.1,1005.49,91.8,normal,none,0,none
AWS-002,Mumbai Colaba,2026-08-10 03:00:00,23.54,1005.04,94.4,normal,none,0,none
AWS-002,Mumbai Colaba,2026-08-10 03:10:00,23.0,1005.61,91.5,normal,none,0,none
AWS-002,Mumbai Colaba,2026-08-10 03:20:00,22.93,1006.06,93.5,normal,none,0,none
AWS-002,Mumbai Colaba,2026-08-10 03:30:00,23.94,1005.94,90.1,normal,none,0,none
AWS-002,Mumbai Colaba,2026-08-10 03:40:00,23.36,1005.79,92.6,normal,none,0,none
AWS-002,Mumbai Colaba,2026-08-10 03:50:00,24.34,1005.57,91.8,normal,none,0,none
AWS-002,Mumbai Colaba,2026-08-10 04:00:00,23.48,1005.89,92.4,normal,none,0,none
AWS-002,Mumbai Colaba,2026-08-10 04:10:00,24.37,1006.32,92.6,normal,none,0,none
AWS-002,Mumbai Colaba,2026-08-10 04:20:00,23.71,1006.14,93.5,normal,none,0,none
AWS-002,Mumbai Colaba,2026-08-10 04:30:00,24.5,1005.98,92.1,normal,none,0,none
AWS-002,Mumbai Colaba,2026-08-10 04:40:00,23.76,1006.14,92.2,normal,none,0,none
AWS-002,Mumbai Colaba,2026-08-10 04:50:00,23.34,1006.75,91.8,normal,none,0,none
AWS-002,Mumbai Colaba,2026-08-10 05:00:00,24.03,1006.44,89.2,normal,none,0,none
AWS-002,Mumbai Colaba,2026-08-10 05:10:00,24.33,1006.71,89.9,normal,none,0,none
AWS-002,Mumbai Colaba,2026-08-10 05:20:00,25.02,1006.72,89.1,normal,none,0,none
AWS-002,Mumbai Colaba,2026-08-10 05:30:00,24.35,1006.57,92.7,normal,none,0,none
AWS-002,Mumbai Colaba,2026-08-10 05:40:00,24.86,1006.68,89.2,normal,none,0,none
AWS-002,Mumbai Colaba,2026-08-10 05:50:00,24.4,1006.98,90.4,normal,none,0,none
AWS-002,Mumbai Colaba,2026-08-10 06:00:00,25.32,1007.14,89.3,normal,none,0,none
AWS-002,Mumbai Colaba,2026-08-10 06:10:00,24.99,1006.41,87.0,normal,none,0,none
AWS-002,Mumbai Colaba,2026-08-10 06:20:00,25.97,1006.51,90.6,normal,none,0,none
AWS-002,Mumbai Colaba,2026-08-10 06:30:00,25.28,1007.37,89.8,normal,none,0,none
AWS-002,Mumbai Colaba,2026-08-10 06:40:00,25.72,1007.43,85.9,normal,none,0,none
AWS-002,Mumbai Colaba,2026-08-10 06:50:00,25.86,1006.49,87.7,normal,none,0,none
AWS-002,Mumbai Colaba,2026-08-10 07:00:00,26.68,1007.3,89.3,normal,none,0,none
AWS-002,Mumbai Colaba,2026-08-10 07:10:00,27.3,1007.29,85.8,normal,none,0,none
AWS-002,Mumbai Colaba,2026-08-10 07:20:00,25.98,1007.54,85.4,normal,none,0,none
AWS-002,Mumbai Colaba,2026-08-10 07:30:00,27.0,1007.6,86.1,normal,none,0,none
AWS-002,Mumbai Colaba,2026-08-10 07:40:00,27.1,1007.44,85.1,normal,none,0,none
AWS-002,Mumbai Colaba,2026-08-10 07:50:00,26.92,1007.58,87.6,normal,none,0,none
AWS-002,Mumbai Colaba,2026-08-10 08:00:00,27.92,1007.16,85.8,normal,none,0,none
AWS-002,Mumbai Colaba,2026-08-10 08:10:00,27.59,1007.67,82.8,normal,none,0,none
AWS-002,Mumbai Colaba,2026-08-10 08:20:00,28.05,1007.36,85.4,normal,none,0,none
AWS-002,Mumbai Colaba,2026-08-10 08:30:00,28.57,1007.54,83.4,normal,none,0,none
AWS-002,Mumbai Colaba,2026-08-10 08:40:00,28.19,1007.56,83.4,normal,none,0,none
AWS-002,Mumbai Colaba,2026-08-10 08:50:00,28.99,1007.53,83.3,normal,none,0,none
AWS-002,Mumbai Colaba,2026-08-10 09:00:00,28.46,1007.72,82.8,normal,none,0,none
AWS-002,Mumbai Colaba,2026-08-10 09:10:00,28.96,1007.63,84.1,normal,none,0,none
AWS-002,Mumbai Colaba,2026-08-10 09:20:00,30.04,1007.19,83.6,normal,none,0,none
AWS-002,Mumbai Colaba,2026-08-10 09:30:00,29.16,1007.5,82.6,normal,none,0,none
AWS-002,Mumbai Colaba,2026-08-10 09:40:00,29.77,1007.63,81.6,normal,none,0,none
AWS-002,Mumbai Colaba,2026-08-10 09:50:00,30.22,1008.19,81.4,normal,none,0,none
AWS-002,Mumbai Colaba,2026-08-10 10:00:00,30.31,1007.47,80.5,normal,none,0,none
AWS-002,Mumbai Colaba,2026-08-10 10:10:00,29.94,1007.69,82.5,normal,none,0,none
AWS-002,Mumbai Colaba,2026-08-10 10:20:00,30.12,1007.76,81.6,normal,none,0,none
AWS-002,Mumbai Colaba,2026-08-10 10:30:00,30.5,1007.34,79.7,normal,none,0,none
AWS-002,Mumbai Colaba,2026-08-10 10:40:00,30.51,1007.54,78.8,normal,none,0,none
AWS-002,Mumbai Colaba,2026-08-10 10:50:00,30.69,1007.37,80.7,normal,none,0,none
AWS-002,Mumbai Colaba,2026-08-10 11:00:00,31.37,1007.51,80.4,normal,none,0,none
AWS-002,Mumbai Colaba,2026-08-10 11:10:00,31.46,1007.4,79.9,normal,none,0,none
AWS-002,Mumbai Colaba,2026-08-10 11:20:00,31.74,1007.51,80.0,normal,none,0,none
AWS-002,Mumbai Colaba,2026-08-10 11:30:00,31.5,1006.73,78.8,normal,none,0,none
AWS-002,Mumbai Colaba,2026-08-10 11:40:00,30.92,1007.4,78.2,normal,none,0,none
AWS-002,Mumbai Colaba,2026-08-10 11:50:00,32.13,1007.03,78.2,normal,none,0,none
AWS-002,Mumbai Colaba,2026-08-10 12:00:00,32.24,1007.29,77.6,normal,none,0,none
AWS-002,Mumbai Colaba,2026-08-10 12:10:00,32.2,1006.83,77.8,normal,none,0,none
AWS-002,Mumbai Colaba,2026-08-10 12:20:00,32.82,1007.13,77.0,normal,none,0,none
AWS-002,Mumbai Colaba,2026-08-10 12:30:00,32.6,1006.82,77.8,normal,none,0,none
AWS-002,Mumbai Colaba,2026-08-10 12:40:00,32.56,1006.67,76.5,normal,none,0,none
AWS-002,Mumbai Colaba,2026-08-10 12:50:00,33.0,1007.17,76.0,normal,none,0,none
AWS-002,Mumbai Colaba,2026-08-10 13:00:00,32.73,1007.22,78.1,normal,none,0,none
AWS-002,Mumbai Colaba,2026-08-10 13:10:00,32.22,1006.65,78.2,normal,none,0,none
AWS-002,Mumbai Colaba,2026-08-10 13:20:00,33.27,1006.81,76.7,normal,none,0,none
AWS-002,Mumbai Colaba,2026-08-10 13:30:00,32.68,1006.59,77.1,normal,none,0,none
AWS-002,Mumbai Colaba,2026-08-10 13:40:00,33.54,1007.07,75.2,normal,none,0,none
AWS-002,Mumbai Colaba,2026-08-10 13:50:00,32.48,1006.8,76.3,normal,none,0,none
AWS-002,Mumbai Colaba,2026-08-10 14:00:00,32.94,1006.82,74.1,normal,none,0,none
AWS-002,Mumbai Colaba,2026-08-10 14:10:00,32.99,1006.32,75.1,normal,none,0,none
AWS-002,Mumbai Colaba,2026-08-10 14:20:00,33.19,1006.36,75.1,normal,none,0,none
AWS-002,Mumbai Colaba,2026-08-10 14:30:00,33.51,1006.51,74.3,normal,none,0,none
AWS-002,Mumbai Colaba,2026-08-10 14:40:00,33.25,1006.47,75.4,normal,none,0,none
AWS-002,Mumbai Colaba,2026-08-10 14:50:00,32.94,1006.07,76.5,normal,none,0,none
AWS-002,Mumbai Colaba,2026-08-10 15:00:00,33.05,1006.04,75.2,normal,none,0,none
AWS-002,Mumbai Colaba,2026-08-10 15:10:00,32.75,1005.94,74.3,normal,none,0,none
AWS-002,Mumbai Colaba,2026-08-10 15:20:00,33.1,1005.79,74.8,normal,none,0,none
AWS-002,Mumbai Colaba,2026-08-10 15:30:00,32.84,1006.49,76.4,normal,none,0,none
AWS-002,Mumbai Colaba,2026-08-10 15:40:00,32.86,1005.9,76.3,normal,none,0,none
AWS-002,Mumbai Colaba,2026-08-10 15:50:00,32.95,1005.81,74.8,normal,none,0,none
AWS-002,Mumbai Colaba,2026-08-10 16:00:00,33.38,1006.33,76.1,normal,none,0,none
AWS-002,Mumbai Colaba,2026-08-10 16:10:00,32.56,1006.45,73.2,normal,none,0,none
AWS-002,Mumbai Colaba,2026-08-10 16:20:00,32.56,1005.63,76.1,normal,none,0,none
AWS-002,Mumbai Colaba,2026-08-10 16:30:00,32.14,1005.71,77.8,normal,none,0,none
AWS-002,Mumbai Colaba,2026-08-10 16:40:00,33.13,1005.88,78.1,normal,none,0,none
AWS-002,Mumbai Colaba,2026-08-10 16:50:00,32.31,1005.87,75.9,normal,none,0,none
AWS-002,Mumbai Colaba,2026-08-10 17:00:00,32.83,1005.25,77.3,normal,none,0,none
AWS-002,Mumbai Colaba,2026-08-10 17:10:00,31.9,1005.3,77.4,normal,none,0,none
AWS-002,Mumbai Colaba,2026-08-10 17:20:00,32.95,1005.54,77.5,normal,none,0,none
AWS-002,Mumbai Colaba,2026-08-10 17:30:00,32.54,1005.47,78.1,normal,none,0,none
AWS-002,Mumbai Colaba,2026-08-10 17:40:00,31.76,1005.55,75.9,normal,none,0,none
AWS-002,Mumbai Colaba,2026-08-10 17:50:00,31.44,1004.95,76.2,normal,none,0,none
AWS-002,Mumbai Colaba,2026-08-10 18:00:00,31.15,1033.9003728088487,77.6,spike,pressure_spike,1,pressure
AWS-002,Mumbai Colaba,2026-08-10 18:10:00,31.41,1005.52,79.2,normal,none,0,none
AWS-002,Mumbai Colaba,2026-08-10 18:20:00,31.68,1005.53,79.2,normal,none,0,none
AWS-002,Mumbai Colaba,2026-08-10 18:30:00,31.43,1005.25,77.9,normal,none,0,none
AWS-002,Mumbai Colaba,2026-08-10 18:40:00,31.21,1005.04,78.4,normal,none,0,none
AWS-002,Mumbai Colaba,2026-08-10 18:50:00,30.65,1004.91,78.1,normal,none,0,none
AWS-002,Mumbai Colaba,2026-08-10 19:00:00,30.57,1004.65,77.1,normal,none,0,none
AWS-002,Mumbai Colaba,2026-08-10 19:10:00,31.09,1005.23,78.7,normal,none,0,none
AWS-002,Mumbai Colaba,2026-08-10 19:20:00,30.77,1005.19,79.9,normal,none,0,none
AWS-002,Mumbai Colaba,2026-08-10 19:30:00,29.87,1004.79,82.4,normal,none,0,none
AWS-002,Mumbai Colaba,2026-08-10 19:40:00,30.31,1005.04,81.1,normal,none,0,none
AWS-002,Mumbai Colaba,2026-08-10 19:50:00,29.64,1004.75,81.3,normal,none,0,none
AWS-002,Mumbai Colaba,2026-08-10 20:00:00,29.98,1004.46,79.9,normal,none,0,none
AWS-002,Mumbai Colaba,2026-08-10 20:10:00,29.85,1004.92,82.5,normal,none,0,none
AWS-002,Mumbai Colaba,2026-08-10 20:20:00,29.38,1004.84,82.7,normal,none,0,none
AWS-002,Mumbai Colaba,2026-08-10 20:30:00,29.2,1005.45,83.1,normal,none,0,none
AWS-002,Mumbai Colaba,2026-08-10 20:40:00,28.82,1005.17,82.8,normal,none,0,none
AWS-002,Mumbai Colaba,2026-08-10 20:50:00,28.82,1005.06,82.2,normal,none,0,none
AWS-002,Mumbai Colaba,2026-08-10 21:00:00,28.76,1004.81,84.2,normal,none,0,none
AWS-002,Mumbai Colaba,2026-08-10 21:10:00,28.55,1004.76,85.2,normal,none,0,none
AWS-002,Mumbai Colaba,2026-08-10 21:20:00,28.1,1004.86,84.4,normal,none,0,none
AWS-002,Mumbai Colaba,2026-08-10 21:30:00,28.34,1005.54,85.6,normal,none,0,none
AWS-002,Mumbai Colaba,2026-08-10 21:40:00,28.06,1004.87,87.2,normal,none,0,none
AWS-002,Mumbai Colaba,2026-08-10 21:50:00,28.31,1005.07,85.1,normal,none,0,none
AWS-002,Mumbai Colaba,2026-08-10 22:00:00,27.78,1005.56,84.1,normal,none,0,none
AWS-002,Mumbai Colaba,2026-08-10 22:10:00,27.88,1005.53,84.7,normal,none,0,none
AWS-002,Mumbai Colaba,2026-08-10 22:20:00,27.65,1005.24,84.6,normal,none,0,none
AWS-002,Mumbai Colaba,2026-08-10 22:30:00,26.94,1005.77,86.2,normal,none,0,none
AWS-002,Mumbai Colaba,2026-08-10 22:40:00,27.31,1005.36,84.1,normal,none,0,none
AWS-002,Mumbai Colaba,2026-08-10 22:50:00,26.75,1005.35,84.9,normal,none,0,none
AWS-002,Mumbai Colaba,2026-08-10 23:00:00,26.98,1005.53,84.8,normal,none,0,none
AWS-002,Mumbai Colaba,2026-08-10 23:10:00,26.1,1005.68,87.5,normal,none,0,none
AWS-002,Mumbai Colaba,2026-08-10 23:20:00,26.83,1005.54,87.4,normal,none,0,none
AWS-002,Mumbai Colaba,2026-08-10 23:30:00,26.28,1005.5,85.8,normal,none,0,none
AWS-002,Mumbai Colaba,2026-08-10 23:40:00,26.42,1005.7,87.1,normal,none,0,none
AWS-002,Mumbai Colaba,2026-08-10 23:50:00,26.5,1005.97,88.2,normal,none,0,none
AWS-002,Mumbai Colaba,2026-08-11 00:00:00,26.08,1006.07,87.8,normal,none,0,none
AWS-002,Mumbai Colaba,2026-08-11 00:10:00,25.96,1006.23,91.7,normal,none,0,none
AWS-002,Mumbai Colaba,2026-08-11 00:20:00,25.34,1006.13,89.7,normal,none,0,none
AWS-002,Mumbai Colaba,2026-08-11 00:30:00,25.6,1006.03,90.2,normal,none,0,none
AWS-002,Mumbai Colaba,2026-08-11 00:40:00,24.59,1006.8,88.5,normal,none,0,none
AWS-002,Mumbai Colaba,2026-08-11 00:50:00,25.25,1006.87,89.0,normal,none,0,none
AWS-002,Mumbai Colaba,2026-08-11 01:00:00,25.28,1006.68,89.7,normal,none,0,none
AWS-002,Mumbai Colaba,2026-08-11 01:10:00,25.51,1006.34,90.7,normal,none,0,none
AWS-002,Mumbai Colaba,2026-08-11 01:20:00,25.25,1006.31,88.6,normal,none,0,none
AWS-002,Mumbai Colaba,2026-08-11 01:30:00,25.17,1006.75,88.6,normal,none,0,none
AWS-002,Mumbai Colaba,2026-08-11 01:40:00,25.03,1006.84,91.1,normal,none,0,none
AWS-002,Mumbai Colaba,2026-08-11 01:50:00,25.0,1006.92,88.7,normal,none,0,none
AWS-002,Mumbai Colaba,2026-08-11 02:00:00,25.36,1007.29,89.4,normal,none,0,none
AWS-002,Mumbai Colaba,2026-08-11 02:10:00,25.03,1007.1,88.6,normal,none,0,none
AWS-002,Mumbai Colaba,2026-08-11 02:20:00,25.57,1006.98,90.2,normal,none,0,none
AWS-002,Mumbai Colaba,2026-08-11 02:30:00,25.12,1007.54,89.5,normal,none,0,none
AWS-002,Mumbai Colaba,2026-08-11 02:40:00,25.14,1007.64,92.1,normal,none,0,none
AWS-002,Mumbai Colaba,2026-08-11 02:50:00,25.56,1007.54,89.9,normal,none,0,none
AWS-002,Mumbai Colaba,2026-08-11 03:00:00,24.76,1007.6,88.5,normal,none,0,none
AWS-002,Mumbai Colaba,2026-08-11 03:10:00,25.61,1007.41,91.3,normal,none,0,none
AWS-002,Mumbai Colaba,2026-08-11 03:20:00,25.43,1007.84,90.7,normal,none,0,none
AWS-002,Mumbai Colaba,2026-08-11 03:30:00,25.73,1007.63,90.3,normal,none,0,none
AWS-002,Mumbai Colaba,2026-08-11 03:40:00,25.84,1008.01,89.0,normal,none,0,none
AWS-002,Mumbai Colaba,2026-08-11 03:50:00,25.66,1008.25,88.6,normal,none,0,none
AWS-002,Mumbai Colaba,2026-08-11 04:00:00,26.26,1008.03,90.3,normal,none,0,none
AWS-002,Mumbai Colaba,2026-08-11 04:10:00,26.53,1008.07,88.7,normal,none,0,none
AWS-002,Mumbai Colaba,2026-08-11 04:20:00,25.61,1008.61,88.7,normal,none,0,none
AWS-002,Mumbai Colaba,2026-08-11 04:30:00,25.64,1008.36,88.7,normal,none,0,none
AWS-002,Mumbai Colaba,2026-08-11 04:40:00,26.1,1008.62,88.8,normal,none,0,none
AWS-002,Mumbai Colaba,2026-08-11 04:50:00,26.37,1008.59,91.1,normal,none,0,none
AWS-002,Mumbai Colaba,2026-08-11 05:00:00,25.92,1008.68,88.5,normal,none,0,none
AWS-002,Mumbai Colaba,2026-08-11 05:10:00,26.59,1008.82,86.8,normal,none,0,none
AWS-002,Mumbai Colaba,2026-08-11 05:20:00,26.42,1008.76,84.1,normal,none,0,none
AWS-002,Mumbai Colaba,2026-08-11 05:30:00,27.0,1009.35,87.1,normal,none,0,none
AWS-002,Mumbai Colaba,2026-08-11 05:40:00,27.55,1008.99,86.1,normal,none,0,none
AWS-002,Mumbai Colaba,2026-08-11 05:50:00,27.1,1009.22,86.1,normal,none,0,none
AWS-002,Mumbai Colaba,2026-08-11 06:00:00,27.34,1009.02,83.6,normal,none,0,none
AWS-002,Mumbai Colaba,2026-08-11 06:10:00,27.54,1009.71,86.5,normal,none,0,none
AWS-002,Mumbai Colaba,2026-08-11 06:20:00,27.65,1009.68,87.5,normal,none,0,none
AWS-002,Mumbai Colaba,2026-08-11 06:30:00,27.79,1009.38,82.9,normal,none,0,none
AWS-002,Mumbai Colaba,2026-08-11 06:40:00,28.31,1009.48,84.0,normal,none,0,none
AWS-002,Mumbai Colaba,2026-08-11 06:50:00,27.86,1009.27,84.8,normal,none,0,none
AWS-002,Mumbai Colaba,2026-08-11 07:00:00,28.32,1009.76,84.9,normal,none,0,none
AWS-002,Mumbai Colaba,2026-08-11 07:10:00,29.11,1010.25,83.1,normal,none,0,none
AWS-002,Mumbai Colaba,2026-08-11 07:20:00,28.65,1009.57,83.0,normal,none,0,none
AWS-002,Mumbai Colaba,2026-08-11 07:30:00,28.86,1010.0,84.1,normal,none,0,none
AWS-002,Mumbai Colaba,2026-08-11 07:40:00,29.79,1009.97,83.8,normal,none,0,none
AWS-002,Mumbai Colaba,2026-08-11 07:50:00,29.66,1010.08,83.5,normal,none,0,none
AWS-002,Mumbai Colaba,2026-08-11 08:00:00,29.83,1010.21,81.6,normal,none,0,none
AWS-002,Mumbai Colaba,2026-08-11 08:10:00,30.27,1010.06,80.2,normal,none,0,none
AWS-002,Mumbai Colaba,2026-08-11 08:20:00,30.34,1010.32,80.8,normal,none,0,none
AWS-002,Mumbai Colaba,2026-08-11 08:30:00,30.53,1010.38,80.2,normal,none,0,none
AWS-002,Mumbai Colaba,2026-08-11 08:40:00,30.27,1010.11,79.6,normal,none,0,none
AWS-002,Mumbai Colaba,2026-08-11 08:50:00,31.17,1010.31,79.0,normal,none,0,none
AWS-002,Mumbai Colaba,2026-08-11 09:00:00,30.42,1010.87,80.8,normal,none,0,none
AWS-002,Mumbai Colaba,2026-08-11 09:10:00,31.44,1010.22,77.6,normal,none,0,none
AWS-002,Mumbai Colaba,2026-08-11 09:20:00,31.77,1010.33,78.0,normal,none,0,none
AWS-002,Mumbai Colaba,2026-08-11 09:30:00,31.4,1010.35,78.7,normal,none,0,none
AWS-002,Mumbai Colaba,2026-08-11 09:40:00,31.59,1010.52,79.7,normal,none,0,none
AWS-002,Mumbai Colaba,2026-08-11 09:50:00,32.19,1010.24,78.6,normal,none,0,none
AWS-002,Mumbai Colaba,2026-08-11 10:00:00,32.34,1010.8,77.2,normal,none,0,none
AWS-002,Mumbai Colaba,2026-08-11 10:10:00,32.62,1010.44,78.1,normal,none,0,none
AWS-002,Mumbai Colaba,2026-08-11 10:20:00,32.75,1010.0,78.0,normal,none,0,none
AWS-002,Mumbai Colaba,2026-08-11 10:30:00,32.46,1010.69,77.1,normal,none,0,none
AWS-002,Mumbai Colaba,2026-08-11 10:40:00,33.13,1010.52,74.6,normal,none,0,none
AWS-002,Mumbai Colaba,2026-08-11 10:50:00,33.11,1010.61,77.4,normal,none,0,none
AWS-002,Mumbai Colaba,2026-08-11 11:00:00,33.17,1010.44,77.2,normal,none,0,none
AWS-002,Mumbai Colaba,2026-08-11 11:10:00,33.59,1010.28,73.4,normal,none,0,none
AWS-002,Mumbai Colaba,2026-08-11 11:20:00,34.52,1010.27,73.7,normal,none,0,none
AWS-002,Mumbai Colaba,2026-08-11 11:30:00,34.07,1010.4,74.0,normal,none,0,none
AWS-002,Mumbai Colaba,2026-08-11 11:40:00,33.94,1009.98,74.5,normal,none,0,none
AWS-002,Mumbai Colaba,2026-08-11 11:50:00,34.72,1010.43,72.2,normal,none,0,none
AWS-002,Mumbai Colaba,2026-08-11 12:00:00,,,,communication_failure,communication_failure,1,all
AWS-002,Mumbai Colaba,2026-08-11 12:10:00,,,,communication_failure,communication_failure,1,all
AWS-002,Mumbai Colaba,2026-08-11 12:20:00,,,,communication_failure,communication_failure,1,all
AWS-002,Mumbai Colaba,2026-08-11 12:30:00,,,,communication_failure,communication_failure,1,all
AWS-002,Mumbai Colaba,2026-08-11 12:40:00,,,,communication_failure,communication_failure,1,all
AWS-002,Mumbai Colaba,2026-08-11 12:50:00,,,,communication_failure,communication_failure,1,all
AWS-002,Mumbai Colaba,2026-08-11 13:00:00,34.96,1010.31,72.9,normal,none,0,none
AWS-002,Mumbai Colaba,2026-08-11 13:10:00,35.23,1010.55,72.7,normal,none,0,none
AWS-002,Mumbai Colaba,2026-08-11 13:20:00,35.3,1009.9,72.6,normal,none,0,none
AWS-002,Mumbai Colaba,2026-08-11 13:30:00,35.58,1009.67,72.6,normal,none,0,none
AWS-002,Mumbai Colaba,2026-08-11 13:40:00,35.03,1010.07,71.6,normal,none,0,none
AWS-002,Mumbai Colaba,2026-08-11 13:50:00,35.36,1009.88,71.7,normal,none,0,none
AWS-002,Mumbai Colaba,2026-08-11 14:00:00,35.3,1009.99,70.3,normal,none,0,none
AWS-002,Mumbai Colaba,2026-08-11 14:10:00,34.65,1009.5,71.8,normal,none,0,none
AWS-002,Mumbai Colaba,2026-08-11 14:20:00,35.65,1009.62,72.8,normal,none,0,none
AWS-002,Mumbai Colaba,2026-08-11 14:30:00,35.48,1009.58,74.5,normal,none,0,none
AWS-002,Mumbai Colaba,2026-08-11 14:40:00,35.9,1009.8,73.2,normal,none,0,none
AWS-002,Mumbai Colaba,2026-08-11 14:50:00,35.5,1009.95,71.8,normal,none,0,none
AWS-002,Mumbai Colaba,2026-08-11 15:00:00,35.21,1009.31,70.9,normal,none,0,none
AWS-002,Mumbai Colaba,2026-08-11 15:10:00,35.79,1009.06,70.7,normal,none,0,none
AWS-002,Mumbai Colaba,2026-08-11 15:20:00,35.12,1009.7,71.8,normal,none,0,none
AWS-002,Mumbai Colaba,2026-08-11 15:30:00,35.17,1009.48,70.6,normal,none,0,none
AWS-002,Mumbai Colaba,2026-08-11 15:40:00,35.05,1009.73,72.2,normal,none,0,none
AWS-002,Mumbai Colaba,2026-08-11 15:50:00,34.89,1009.17,72.8,normal,none,0,none
AWS-002,Mumbai Colaba,2026-08-11 16:00:00,35.64,1009.94,74.2,normal,none,0,none
AWS-002,Mumbai Colaba,2026-08-11 16:10:00,34.77,1008.86,74.4,normal,none,0,none
AWS-002,Mumbai Colaba,2026-08-11 16:20:00,34.81,1009.23,74.5,normal,none,0,none
AWS-002,Mumbai Colaba,2026-08-11 16:30:00,35.31,1008.44,70.2,normal,none,0,none
AWS-002,Mumbai Colaba,2026-08-11 16:40:00,34.42,1008.78,72.1,normal,none,0,none
AWS-002,Mumbai Colaba,2026-08-11 16:50:00,35.33,1009.06,73.6,normal,none,0,none
AWS-002,Mumbai Colaba,2026-08-11 17:00:00,34.33,1008.91,73.4,normal,none,0,none
AWS-002,Mumbai Colaba,2026-08-11 17:10:00,34.73,1009.02,73.2,normal,none,0,none
AWS-002,Mumbai Colaba,2026-08-11 17:20:00,34.44,1009.42,71.6,normal,none,0,none
AWS-002,Mumbai Colaba,2026-08-11 17:30:00,34.03,1008.4,75.6,normal,none,0,none
AWS-002,Mumbai Colaba,2026-08-11 17:40:00,34.44,1009.09,71.6,normal,none,0,none
AWS-002,Mumbai Colaba,2026-08-11 17:50:00,34.02,1008.47,73.1,normal,none,0,none
AWS-002,Mumbai Colaba,2026-08-11 18:00:00,34.37,1008.82,75.4,normal,none,0,none
AWS-002,Mumbai Colaba,2026-08-11 18:10:00,33.43,1008.73,75.4,normal,none,0,none
AWS-002,Mumbai Colaba,2026-08-11 18:20:00,33.4,1008.84,73.3,normal,none,0,none
AWS-002,Mumbai Colaba,2026-08-11 18:30:00,33.48,1008.39,76.2,normal,none,0,none
AWS-002,Mumbai Colaba,2026-08-11 18:40:00,32.36,1008.22,74.4,normal,none,0,none
AWS-002,Mumbai Colaba,2026-08-11 18:50:00,33.03,1008.21,79.1,normal,none,0,none
AWS-002,Mumbai Colaba,2026-08-11 19:00:00,33.62,1008.38,75.7,normal,none,0,none
AWS-002,Mumbai Colaba,2026-08-11 19:10:00,33.04,1008.69,75.3,normal,none,0,none
AWS-002,Mumbai Colaba,2026-08-11 19:20:00,32.41,1008.28,80.1,normal,none,0,none
AWS-002,Mumbai Colaba,2026-08-11 19:30:00,32.29,1008.83,77.2,normal,none,0,none
AWS-002,Mumbai Colaba,2026-08-11 19:40:00,32.14,1008.84,77.1,normal,none,0,none
AWS-002,Mumbai Colaba,2026-08-11 19:50:00,31.96,1008.46,77.1,normal,none,0,none
AWS-002,Mumbai Colaba,2026-08-11 20:00:00,31.5,1008.61,78.6,normal,none,0,none
AWS-002,Mumbai Colaba,2026-08-11 20:10:00,31.48,1008.41,79.2,normal,none,0,none
AWS-002,Mumbai Colaba,2026-08-11 20:20:00,31.47,1008.48,80.0,normal,none,0,none
AWS-002,Mumbai Colaba,2026-08-11 20:30:00,31.4,1008.61,79.4,normal,none,0,none
AWS-002,Mumbai Colaba,2026-08-11 20:40:00,31.5,1008.56,78.4,normal,none,0,none
AWS-002,Mumbai Colaba,2026-08-11 20:50:00,30.53,1008.59,79.5,normal,none,0,none
AWS-002,Mumbai Colaba,2026-08-11 21:00:00,30.45,1008.36,80.5,normal,none,0,none
AWS-002,Mumbai Colaba,2026-08-11 21:10:00,30.6,1008.38,81.7,normal,none,0,none
AWS-002,Mumbai Colaba,2026-08-11 21:20:00,30.26,1008.39,81.9,normal,none,0,none
AWS-002,Mumbai Colaba,2026-08-11 21:30:00,30.55,1008.86,82.8,normal,none,0,none
AWS-002,Mumbai Colaba,2026-08-11 21:40:00,29.48,1008.58,79.7,normal,none,0,none
AWS-002,Mumbai Colaba,2026-08-11 21:50:00,30.51,1008.73,82.5,normal,none,0,none
AWS-002,Mumbai Colaba,2026-08-11 22:00:00,29.34,1009.14,83.2,normal,none,0,none
AWS-002,Mumbai Colaba,2026-08-11 22:10:00,29.4,1008.47,83.4,normal,none,0,none
AWS-002,Mumbai Colaba,2026-08-11 22:20:00,29.18,1008.93,83.2,normal,none,0,none
AWS-002,Mumbai Colaba,2026-08-11 22:30:00,28.92,1008.97,84.5,normal,none,0,none
AWS-002,Mumbai Colaba,2026-08-11 22:40:00,28.92,1008.6,84.0,normal,none,0,none
AWS-002,Mumbai Colaba,2026-08-11 22:50:00,28.67,1008.83,86.0,normal,none,0,none
AWS-002,Mumbai Colaba,2026-08-11 23:00:00,28.41,1009.29,85.8,normal,none,0,none
AWS-002,Mumbai Colaba,2026-08-11 23:10:00,28.3,1008.89,83.2,normal,none,0,none
AWS-002,Mumbai Colaba,2026-08-11 23:20:00,28.28,1009.21,86.4,normal,none,0,none
AWS-002,Mumbai Colaba,2026-08-11 23:30:00,28.38,1009.42,84.9,normal,none,0,none
AWS-002,Mumbai Colaba,2026-08-11 23:40:00,27.69,1009.18,84.2,normal,none,0,none
AWS-002,Mumbai Colaba,2026-08-11 23:50:00,27.95,1009.76,84.1,normal,none,0,none
AWS-002,Mumbai Colaba,2026-08-12 00:00:00,27.85,1009.25,86.6,normal,none,0,none
AWS-002,Mumbai Colaba,2026-08-12 00:10:00,28.05,1009.42,86.1,normal,none,0,none
AWS-002,Mumbai Colaba,2026-08-12 00:20:00,28.02,1009.56,87.0,normal,none,0,none
AWS-002,Mumbai Colaba,2026-08-12 00:30:00,27.47,1009.68,86.5,normal,none,0,none
AWS-002,Mumbai Colaba,2026-08-12 00:40:00,26.9,1010.38,84.8,normal,none,0,none
AWS-002,Mumbai Colaba,2026-08-12 00:50:00,27.13,1010.22,84.4,normal,none,0,none
AWS-002,Mumbai Colaba,2026-08-12 01:00:00,27.18,1009.98,87.6,normal,none,0,none
AWS-002,Mumbai Colaba,2026-08-12 01:10:00,26.37,1010.2,86.4,normal,none,0,none
AWS-002,Mumbai Colaba,2026-08-12 01:20:00,26.58,1010.48,87.6,normal,none,0,none
AWS-002,Mumbai Colaba,2026-08-12 01:30:00,26.71,1010.06,88.7,normal,none,0,none
AWS-002,Mumbai Colaba,2026-08-12 01:40:00,26.89,1010.79,88.8,normal,none,0,none
AWS-002,Mumbai Colaba,2026-08-12 01:50:00,26.63,1009.97,87.3,normal,none,0,none
AWS-002,Mumbai Colaba,2026-08-12 02:00:00,27.19,1010.67,87.3,normal,none,0,none
AWS-002,Mumbai Colaba,2026-08-12 02:10:00,26.74,1010.6,86.4,normal,none,0,none
AWS-002,Mumbai Colaba,2026-08-12 02:20:00,27.31,1010.44,88.3,normal,none,0,none
AWS-002,Mumbai Colaba,2026-08-12 02:30:00,26.88,1010.86,85.9,normal,none,0,none
AWS-002,Mumbai Colaba,2026-08-12 02:40:00,26.77,1011.06,85.3,normal,none,0,none
AWS-002,Mumbai Colaba,2026-08-12 02:50:00,26.8,1011.13,85.3,normal,none,0,none
AWS-002,Mumbai Colaba,2026-08-12 03:00:00,27.33,1010.77,88.4,normal,none,0,none
AWS-002,Mumbai Colaba,2026-08-12 03:10:00,27.05,1010.94,86.4,normal,none,0,none
AWS-002,Mumbai Colaba,2026-08-12 03:20:00,27.18,1011.51,88.4,normal,none,0,none
AWS-002,Mumbai Colaba,2026-08-12 03:30:00,27.34,1011.48,87.2,normal,none,0,none
AWS-002,Mumbai Colaba,2026-08-12 03:40:00,27.25,1011.45,86.7,normal,none,0,none
AWS-002,Mumbai Colaba,2026-08-12 03:50:00,27.45,1011.28,84.5,normal,none,0,none
AWS-002,Mumbai Colaba,2026-08-12 04:00:00,27.17,1011.93,87.7,normal,none,0,none
AWS-002,Mumbai Colaba,2026-08-12 04:10:00,27.38,1011.58,88.0,normal,none,0,none
AWS-002,Mumbai Colaba,2026-08-12 04:20:00,27.91,1011.9,87.0,normal,none,0,none
AWS-002,Mumbai Colaba,2026-08-12 04:30:00,27.75,1011.91,85.3,normal,none,0,none
AWS-002,Mumbai Colaba,2026-08-12 04:40:00,27.57,1011.75,86.5,normal,none,0,none
AWS-002,Mumbai Colaba,2026-08-12 04:50:00,27.15,1012.69,84.3,normal,none,0,none
AWS-002,Mumbai Colaba,2026-08-12 05:00:00,27.8,1012.16,83.1,normal,none,0,none
AWS-002,Mumbai Colaba,2026-08-12 05:10:00,27.86,1012.37,87.5,normal,none,0,none
AWS-002,Mumbai Colaba,2026-08-12 05:20:00,28.14,1012.38,84.0,normal,none,0,none
AWS-002,Mumbai Colaba,2026-08-12 05:30:00,27.94,1012.61,82.9,normal,none,0,none
AWS-002,Mumbai Colaba,2026-08-12 05:40:00,27.92,1012.64,84.5,normal,none,0,none
AWS-002,Mumbai Colaba,2026-08-12 05:50:00,28.76,1012.61,83.4,normal,none,0,none
AWS-002,Mumbai Colaba,2026-08-12 06:00:00,28.51,1012.69,83.9,normal,none,0,none
AWS-002,Mumbai Colaba,2026-08-12 06:10:00,28.28,1013.1,83.0,normal,none,0,none
AWS-002,Mumbai Colaba,2026-08-12 06:20:00,29.25,1012.89,82.3,normal,none,0,none
AWS-002,Mumbai Colaba,2026-08-12 06:30:00,29.54,1013.04,81.5,normal,none,0,none
AWS-002,Mumbai Colaba,2026-08-12 06:40:00,28.98,1013.22,81.8,normal,none,0,none
AWS-002,Mumbai Colaba,2026-08-12 06:50:00,29.21,1013.12,80.8,normal,none,0,none
AWS-002,Mumbai Colaba,2026-08-12 07:00:00,29.02,1013.13,78.4,normal,none,0,none
AWS-002,Mumbai Colaba,2026-08-12 07:10:00,29.58,1013.02,83.3,normal,none,0,none
AWS-002,Mumbai Colaba,2026-08-12 07:20:00,29.82,1012.93,82.8,normal,none,0,none
AWS-002,Mumbai Colaba,2026-08-12 07:30:00,30.69,1013.34,83.2,normal,none,0,none
AWS-002,Mumbai Colaba,2026-08-12 07:40:00,30.4,1013.25,82.4,normal,none,0,none
AWS-002,Mumbai Colaba,2026-08-12 07:50:00,31.54,1013.59,82.1,normal,none,0,none
AWS-002,Mumbai Colaba,2026-08-12 08:00:00,31.03,1013.54,81.9,normal,none,0,none
AWS-002,Mumbai Colaba,2026-08-12 08:10:00,31.53,1013.79,80.8,normal,none,0,none
AWS-002,Mumbai Colaba,2026-08-12 08:20:00,31.29,1013.71,80.3,normal,none,0,none
AWS-002,Mumbai Colaba,2026-08-12 08:30:00,31.05,1013.24,77.2,normal,none,0,none
AWS-002,Mumbai Colaba,2026-08-12 08:40:00,31.2,1013.67,79.7,normal,none,0,none
AWS-002,Mumbai Colaba,2026-08-12 08:50:00,32.19,1013.41,79.7,normal,none,0,none
AWS-002,Mumbai Colaba,2026-08-12 09:00:00,31.99,1013.37,78.4,normal,none,0,none
AWS-002,Mumbai Colaba,2026-08-12 09:10:00,32.52,1013.3,79.1,normal,none,0,none
AWS-002,Mumbai Colaba,2026-08-12 09:20:00,32.51,1013.31,77.9,normal,none,0,none
AWS-002,Mumbai Colaba,2026-08-12 09:30:00,31.84,1013.8,78.1,normal,none,0,none
AWS-002,Mumbai Colaba,2026-08-12 09:40:00,33.17,1013.49,76.2,normal,none,0,none
AWS-002,Mumbai Colaba,2026-08-12 09:50:00,33.25,1013.53,74.8,normal,none,0,none
AWS-002,Mumbai Colaba,2026-08-12 10:00:00,32.79,1013.85,74.3,normal,none,0,none
AWS-002,Mumbai Colaba,2026-08-12 10:10:00,33.34,1013.5,74.4,normal,none,0,none
AWS-002,Mumbai Colaba,2026-08-12 10:20:00,34.03,1013.82,74.4,normal,none,0,none
AWS-002,Mumbai Colaba,2026-08-12 10:30:00,33.57,1013.79,75.9,normal,none,0,none
AWS-002,Mumbai Colaba,2026-08-12 10:40:00,34.06,1013.86,74.1,normal,none,0,none
AWS-002,Mumbai Colaba,2026-08-12 10:50:00,34.07,1013.35,71.6,normal,none,0,none
AWS-002,Mumbai Colaba,2026-08-12 11:00:00,34.59,1013.74,73.6,normal,none,0,none
AWS-002,Mumbai Colaba,2026-08-12 11:10:00,34.39,1013.0,72.9,normal,none,0,none
AWS-002,Mumbai Colaba,2026-08-12 11:20:00,33.74,1013.48,73.0,normal,none,0,none
AWS-002,Mumbai Colaba,2026-08-12 11:30:00,34.29,1013.63,71.9,normal,none,0,none
AWS-002,Mumbai Colaba,2026-08-12 11:40:00,34.63,1013.03,72.6,normal,none,0,none
AWS-002,Mumbai Colaba,2026-08-12 11:50:00,34.64,1013.26,74.8,normal,none,0,none
AWS-002,Mumbai Colaba,2026-08-12 12:00:00,35.42,1013.75,73.5,normal,none,0,none
AWS-002,Mumbai Colaba,2026-08-12 12:10:00,34.84,1012.93,71.9,normal,none,0,none
AWS-002,Mumbai Colaba,2026-08-12 12:20:00,35.45,1013.67,71.1,normal,none,0,none
AWS-002,Mumbai Colaba,2026-08-12 12:30:00,35.5,1013.08,72.3,normal,none,0,none
AWS-002,Mumbai Colaba,2026-08-12 12:40:00,35.3,1013.39,70.8,normal,none,0,none
AWS-002,Mumbai Colaba,2026-08-12 12:50:00,35.72,1012.68,69.4,normal,none,0,none
AWS-002,Mumbai Colaba,2026-08-12 13:00:00,35.12,1013.22,73.3,normal,none,0,none
AWS-002,Mumbai Colaba,2026-08-12 13:10:00,35.32,1013.4,72.9,normal,none,0,none
AWS-002,Mumbai Colaba,2026-08-12 13:20:00,35.91,1012.89,73.0,normal,none,0,none
AWS-002,Mumbai Colaba,2026-08-12 13:30:00,35.47,1013.34,71.2,normal,none,0,none
AWS-002,Mumbai Colaba,2026-08-12 13:40:00,35.93,1012.99,72.8,normal,none,0,none
AWS-002,Mumbai Colaba,2026-08-12 13:50:00,35.69,1013.05,72.2,normal,none,0,none
AWS-002,Mumbai Colaba,2026-08-12 14:00:00,35.14,1012.47,70.9,normal,none,0,none
AWS-002,Mumbai Colaba,2026-08-12 14:10:00,35.48,1012.9,71.8,normal,none,0,none
AWS-002,Mumbai Colaba,2026-08-12 14:20:00,35.87,1013.12,73.1,normal,none,0,none
AWS-002,Mumbai Colaba,2026-08-12 14:30:00,36.19,1012.58,71.5,normal,none,0,none
AWS-002,Mumbai Colaba,2026-08-12 14:40:00,35.6,1012.36,71.1,normal,none,0,none
AWS-002,Mumbai Colaba,2026-08-12 14:50:00,35.69,1012.09,70.4,normal,none,0,none
AWS-002,Mumbai Colaba,2026-08-12 15:00:00,35.8,1012.3,71.9,normal,none,0,none
AWS-002,Mumbai Colaba,2026-08-12 15:10:00,35.74,1012.16,70.4,normal,none,0,none
AWS-002,Mumbai Colaba,2026-08-12 15:20:00,35.6,1011.81,69.5,normal,none,0,none
AWS-002,Mumbai Colaba,2026-08-12 15:30:00,36.26,1011.99,73.3,normal,none,0,none
AWS-002,Mumbai Colaba,2026-08-12 15:40:00,35.37,1011.88,71.8,normal,none,0,none
AWS-002,Mumbai Colaba,2026-08-12 15:50:00,35.11,1011.72,70.7,normal,none,0,none
AWS-002,Mumbai Colaba,2026-08-12 16:00:00,35.19,1012.25,71.6,normal,none,0,none
AWS-002,Mumbai Colaba,2026-08-12 16:10:00,35.04,1011.58,71.5,normal,none,0,none
AWS-002,Mumbai Colaba,2026-08-12 16:20:00,35.1,1011.67,70.1,normal,none,0,none
AWS-002,Mumbai Colaba,2026-08-12 16:30:00,34.99,1011.35,71.5,normal,none,0,none
AWS-002,Mumbai Colaba,2026-08-12 16:40:00,65.54389701079388,1011.79,73.0,spike,temperature_spike,1,temperature
AWS-002,Mumbai Colaba,2026-08-12 16:50:00,34.83,1011.43,74.0,normal,none,0,none
AWS-002,Mumbai Colaba,2026-08-12 17:00:00,34.26,1011.41,71.3,normal,none,0,none
AWS-002,Mumbai Colaba,2026-08-12 17:10:00,34.32,1011.71,72.2,normal,none,0,none
AWS-002,Mumbai Colaba,2026-08-12 17:20:00,34.25,1011.21,73.8,normal,none,0,none
AWS-002,Mumbai Colaba,2026-08-12 17:30:00,34.35,1011.29,74.6,normal,none,0,none
AWS-002,Mumbai Colaba,2026-08-12 17:40:00,33.67,1011.2,73.8,normal,none,0,none
AWS-002,Mumbai Colaba,2026-08-12 17:50:00,34.4,1011.35,71.8,normal,none,0,none
AWS-002,Mumbai Colaba,2026-08-12 18:00:00,33.97,1011.13,73.6,normal,none,0,none
AWS-002,Mumbai Colaba,2026-08-12 18:10:00,33.77,1011.1,76.7,normal,none,0,none
AWS-002,Mumbai Colaba,2026-08-12 18:20:00,32.94,1011.19,75.2,normal,none,0,none
AWS-002,Mumbai Colaba,2026-08-12 18:30:00,33.21,1011.26,75.7,normal,none,0,none
AWS-002,Mumbai Colaba,2026-08-12 18:40:00,33.1,1010.41,77.4,normal,none,0,none
AWS-002,Mumbai Colaba,2026-08-12 18:50:00,33.54,1011.02,76.0,normal,none,0,none
AWS-002,Mumbai Colaba,2026-08-12 19:00:00,32.67,1010.79,75.4,normal,none,0,none
AWS-002,Mumbai Colaba,2026-08-12 19:10:00,32.36,1010.55,76.9,normal,none,0,none
AWS-002,Mumbai Colaba,2026-08-12 19:20:00,32.76,1010.75,77.8,normal,none,0,none
AWS-002,Mumbai Colaba,2026-08-12 19:30:00,32.03,1010.89,77.4,normal,none,0,none
AWS-002,Mumbai Colaba,2026-08-12 19:40:00,32.03,1010.58,78.5,normal,none,0,none
AWS-002,Mumbai Colaba,2026-08-12 19:50:00,31.88,1010.6,78.5,normal,none,0,none
AWS-002,Mumbai Colaba,2026-08-12 20:00:00,31.27,1011.07,78.6,normal,none,0,none
AWS-002,Mumbai Colaba,2026-08-12 20:10:00,30.83,1010.8,77.6,normal,none,0,none
AWS-002,Mumbai Colaba,2026-08-12 20:20:00,30.94,1010.78,79.4,normal,none,0,none
AWS-002,Mumbai Colaba,2026-08-12 20:30:00,31.0,1010.55,80.2,normal,none,0,none
AWS-002,Mumbai Colaba,2026-08-12 20:40:00,30.23,1011.07,81.0,normal,none,0,none
AWS-002,Mumbai Colaba,2026-08-12 20:50:00,30.69,1010.79,81.4,normal,none,0,none
AWS-002,Mumbai Colaba,2026-08-12 21:00:00,30.39,1010.57,80.2,normal,none,0,none
AWS-002,Mumbai Colaba,2026-08-12 21:10:00,29.65,1010.82,80.5,normal,none,0,none
AWS-002,Mumbai Colaba,2026-08-12 21:20:00,30.15,1010.99,82.2,normal,none,0,none
AWS-002,Mumbai Colaba,2026-08-12 21:30:00,29.53,1010.65,81.6,normal,none,0,none
AWS-002,Mumbai Colaba,2026-08-12 21:40:00,29.63,1010.31,79.9,normal,none,0,none
AWS-002,Mumbai Colaba,2026-08-12 21:50:00,28.71,1010.58,84.5,normal,none,0,none
AWS-002,Mumbai Colaba,2026-08-12 22:00:00,29.68,1010.49,82.9,normal,none,0,none
AWS-002,Mumbai Colaba,2026-08-12 22:10:00,28.55,1011.09,83.1,normal,none,0,none
AWS-002,Mumbai Colaba,2026-08-12 22:20:00,28.77,1011.41,86.3,normal,none,0,none
AWS-002,Mumbai Colaba,2026-08-12 22:30:00,29.15,1010.82,83.0,normal,none,0,none
AWS-002,Mumbai Colaba,2026-08-12 22:40:00,28.56,1010.78,82.9,normal,none,0,none
AWS-002,Mumbai Colaba,2026-08-12 22:50:00,28.74,1010.85,83.5,normal,none,0,none
AWS-002,Mumbai Colaba,2026-08-12 23:00:00,28.3,1011.05,84.0,normal,none,0,none
AWS-002,Mumbai Colaba,2026-08-12 23:10:00,27.99,1010.96,85.7,normal,none,0,none
AWS-002,Mumbai Colaba,2026-08-12 23:20:00,27.39,1010.77,84.2,normal,none,0,none
AWS-002,Mumbai Colaba,2026-08-12 23:30:00,27.58,1011.03,86.5,normal,none,0,none
AWS-002,Mumbai Colaba,2026-08-12 23:40:00,26.92,1011.35,86.6,normal,none,0,none
AWS-002,Mumbai Colaba,2026-08-12 23:50:00,26.9,1010.98,84.6,normal,none,0,none
AWS-002,Mumbai Colaba,2026-08-13 00:00:00,27.3,1011.13,87.0,normal,none,0,none
AWS-002,Mumbai Colaba,2026-08-13 00:10:00,27.2,1011.18,83.8,normal,none,0,none
AWS-002,Mumbai Colaba,2026-08-13 00:20:00,26.43,1011.6,88.0,normal,none,0,none
AWS-002,Mumbai Colaba,2026-08-13 00:30:00,26.73,1012.02,86.4,normal,none,0,none
AWS-002,Mumbai Colaba,2026-08-13 00:40:00,26.04,1011.2,87.7,normal,none,0,none
AWS-002,Mumbai Colaba,2026-08-13 00:50:00,26.4,1011.89,87.7,normal,none,0,none
AWS-002,Mumbai Colaba,2026-08-13 01:00:00,26.79,1011.8,87.5,normal,none,0,none
AWS-002,Mumbai Colaba,2026-08-13 01:10:00,26.12,1011.26,88.7,normal,none,0,none
AWS-002,Mumbai Colaba,2026-08-13 01:20:00,26.16,1011.78,88.5,normal,none,0,none
AWS-002,Mumbai Colaba,2026-08-13 01:30:00,26.5,1011.74,88.2,normal,none,0,none
AWS-002,Mumbai Colaba,2026-08-13 01:40:00,26.41,1011.6,87.3,normal,none,0,none
AWS-002,Mumbai Colaba,2026-08-13 01:50:00,26.77,1012.22,89.2,normal,none,0,none
AWS-002,Mumbai Colaba,2026-08-13 02:00:00,26.15,1012.29,88.7,normal,none,0,none
AWS-002,Mumbai Colaba,2026-08-13 02:10:00,26.33,1012.39,88.5,normal,none,0,none
AWS-002,Mumbai Colaba,2026-08-13 02:20:00,25.72,1011.51,88.9,normal,none,0,none
AWS-002,Mumbai Colaba,2026-08-13 02:30:00,25.83,1011.91,88.9,normal,none,0,none
AWS-002,Mumbai Colaba,2026-08-13 02:40:00,26.28,1012.38,88.8,normal,none,0,none
AWS-002,Mumbai Colaba,2026-08-13 02:50:00,25.91,1012.72,88.5,normal,none,0,none
AWS-002,Mumbai Colaba,2026-08-13 03:00:00,25.73,1012.53,89.8,normal,none,0,none
AWS-002,Mumbai Colaba,2026-08-13 03:10:00,26.05,1012.57,88.0,normal,none,0,none
AWS-002,Mumbai Colaba,2026-08-13 03:20:00,25.89,1012.41,87.4,normal,none,0,none
AWS-002,Mumbai Colaba,2026-08-13 03:30:00,26.1,1012.69,88.9,normal,none,0,none
AWS-002,Mumbai Colaba,2026-08-13 03:40:00,25.92,1012.55,88.9,normal,none,0,none
AWS-002,Mumbai Colaba,2026-08-13 03:50:00,26.24,1012.96,86.4,normal,none,0,none
AWS-002,Mumbai Colaba,2026-08-13 04:00:00,25.73,1012.58,87.5,normal,none,0,none
AWS-002,Mumbai Colaba,2026-08-13 04:10:00,25.99,1013.09,88.6,normal,none,0,none
AWS-002,Mumbai Colaba,2026-08-13 04:20:00,26.33,1013.22,86.5,normal,none,0,none
AWS-002,Mumbai Colaba,2026-08-13 04:30:00,26.43,1013.31,91.4,normal,none,0,none
AWS-002,Mumbai Colaba,2026-08-13 04:40:00,26.41,1012.85,88.7,normal,none,0,none
AWS-002,Mumbai Colaba,2026-08-13 04:50:00,26.8,1013.3,87.4,normal,none,0,none
AWS-002,Mumbai Colaba,2026-08-13 05:00:00,26.22,1013.49,85.3,normal,none,0,none
AWS-002,Mumbai Colaba,2026-08-13 05:10:00,27.32,1013.62,85.4,normal,none,0,none
AWS-002,Mumbai Colaba,2026-08-13 05:20:00,26.83,1013.61,87.2,normal,none,0,none
AWS-002,Mumbai Colaba,2026-08-13 05:30:00,26.67,1013.57,87.2,normal,none,0,none
AWS-002,Mumbai Colaba,2026-08-13 05:40:00,26.98,1013.62,86.7,normal,none,0,none
AWS-002,Mumbai Colaba,2026-08-13 05:50:00,27.26,1013.43,88.4,normal,none,0,none
AWS-002,Mumbai Colaba,2026-08-13 06:00:00,27.73,1013.69,86.2,normal,none,0,none
AWS-002,Mumbai Colaba,2026-08-13 06:10:00,27.45,1013.63,86.1,normal,none,0,none
AWS-002,Mumbai Colaba,2026-08-13 06:20:00,27.74,1013.99,85.8,normal,none,0,none
AWS-002,Mumbai Colaba,2026-08-13 06:30:00,28.06,1013.86,84.1,normal,none,0,none
AWS-002,Mumbai Colaba,2026-08-13 06:40:00,27.83,1014.07,83.4,normal,none,0,none
AWS-002,Mumbai Colaba,2026-08-13 06:50:00,27.47,1013.47,86.7,normal,none,0,none
AWS-002,Mumbai Colaba,2026-08-13 07:00:00,28.44,1013.63,85.8,normal,none,0,none
AWS-002,Mumbai Colaba,2026-08-13 07:10:00,28.92,1013.9,83.0,normal,none,0,none
AWS-002,Mumbai Colaba,2026-08-13 07:20:00,28.92,1014.23,82.8,normal,none,0,none
AWS-002,Mumbai Colaba,2026-08-13 07:30:00,28.79,1014.05,84.9,normal,none,0,none
AWS-002,Mumbai Colaba,2026-08-13 07:40:00,29.26,1014.16,84.3,normal,none,0,none
AWS-002,Mumbai Colaba,2026-08-13 07:50:00,28.92,1014.05,81.4,normal,none,0,none
AWS-002,Mumbai Colaba,2026-08-13 08:00:00,29.57,1013.62,83.4,normal,none,0,none
AWS-002,Mumbai Colaba,2026-08-13 08:10:00,29.81,1013.89,82.1,normal,none,0,none
AWS-002,Mumbai Colaba,2026-08-13 08:20:00,30.23,1013.9,82.8,normal,none,0,none
AWS-002,Mumbai Colaba,2026-08-13 08:30:00,29.75,1013.82,81.4,normal,none,0,none
AWS-002,Mumbai Colaba,2026-08-13 08:40:00,30.0,1013.95,80.9,normal,none,0,none
AWS-002,Mumbai Colaba,2026-08-13 08:50:00,30.6,1014.12,81.5,normal,none,0,none
AWS-002,Mumbai Colaba,2026-08-13 09:00:00,30.92,1014.27,80.5,normal,none,0,none
AWS-002,Mumbai Colaba,2026-08-13 09:10:00,30.54,1014.16,81.5,normal,none,0,none
AWS-002,Mumbai Colaba,2026-08-13 09:20:00,30.03,1014.33,81.1,normal,none,0,none
AWS-002,Mumbai Colaba,2026-08-13 09:30:00,31.47,1014.07,81.3,normal,none,0,none
AWS-002,Mumbai Colaba,2026-08-13 09:40:00,31.01,1014.11,79.4,normal,none,0,none
AWS-002,Mumbai Colaba,2026-08-13 09:50:00,31.43,1014.15,77.9,normal,none,0,none
AWS-002,Mumbai Colaba,2026-08-13 10:00:00,31.59,1014.13,78.5,normal,none,0,none
AWS-002,Mumbai Colaba,2026-08-13 10:10:00,31.4,1013.52,77.5,normal,none,0,none
AWS-002,Mumbai Colaba,2026-08-13 10:20:00,32.32,1014.16,79.5,normal,none,0,none
AWS-002,Mumbai Colaba,2026-08-13 10:30:00,32.5,1013.67,77.9,normal,none,0,none
AWS-002,Mumbai Colaba,2026-08-13 10:40:00,31.85,1013.74,78.3,normal,none,0,none
AWS-002,Mumbai Colaba,2026-08-13 10:50:00,32.52,1013.39,77.0,normal,none,0,none
AWS-002,Mumbai Colaba,2026-08-13 11:00:00,31.84,1013.52,76.1,normal,none,0,none
AWS-002,Mumbai Colaba,2026-08-13 11:10:00,32.73,1013.43,74.8,normal,none,0,none
AWS-002,Mumbai Colaba,2026-08-13 11:20:00,32.21,1013.46,75.7,normal,none,0,none
AWS-002,Mumbai Colaba,2026-08-13 11:30:00,32.69,1013.38,75.9,normal,none,0,none
AWS-002,Mumbai Colaba,2026-08-13 11:40:00,32.71,1013.69,77.1,normal,none,0,none
AWS-002,Mumbai Colaba,2026-08-13 11:50:00,33.11,1012.83,75.7,normal,none,0,none
AWS-002,Mumbai Colaba,2026-08-13 12:00:00,32.58,1013.82,76.6,normal,none,0,none
AWS-002,Mumbai Colaba,2026-08-13 12:10:00,32.55,1013.15,76.0,normal,none,0,none
AWS-002,Mumbai Colaba,2026-08-13 12:20:00,33.39,1012.93,75.3,normal,none,0,none
AWS-002,Mumbai Colaba,2026-08-13 12:30:00,33.51,1013.34,74.6,normal,none,0,none
AWS-002,Mumbai Colaba,2026-08-13 12:40:00,33.0,1012.86,73.5,normal,none,0,none
AWS-002,Mumbai Colaba,2026-08-13 12:50:00,33.77,1012.79,76.1,normal,none,0,none
AWS-002,Mumbai Colaba,2026-08-13 13:00:00,33.88,1013.13,73.7,normal,none,0,none
AWS-002,Mumbai Colaba,2026-08-13 13:10:00,33.87,1012.67,74.5,normal,none,0,none
AWS-002,Mumbai Colaba,2026-08-13 13:20:00,33.54,1012.44,73.6,normal,none,0,none
AWS-002,Mumbai Colaba,2026-08-13 13:30:00,34.3,1012.5,75.0,normal,none,0,none
AWS-002,Mumbai Colaba,2026-08-13 13:40:00,34.47,1012.46,74.5,normal,none,0,none
AWS-002,Mumbai Colaba,2026-08-13 13:50:00,33.62,1012.05,74.1,normal,none,0,none
AWS-002,Mumbai Colaba,2026-08-13 14:00:00,33.97,1012.4,73.4,normal,none,0,none
AWS-002,Mumbai Colaba,2026-08-13 14:10:00,33.66,1012.4,74.2,normal,none,0,none
AWS-002,Mumbai Colaba,2026-08-13 14:20:00,33.89,1012.29,73.8,normal,none,0,none
AWS-002,Mumbai Colaba,2026-08-13 14:30:00,33.29,1012.16,73.4,normal,none,0,none
AWS-002,Mumbai Colaba,2026-08-13 14:40:00,33.97,1012.56,74.9,normal,none,0,none
AWS-002,Mumbai Colaba,2026-08-13 14:50:00,33.43,1011.83,76.0,normal,none,0,none
AWS-002,Mumbai Colaba,2026-08-13 15:00:00,33.89,1011.56,75.1,normal,none,0,none
AWS-002,Mumbai Colaba,2026-08-13 15:10:00,33.95,1012.05,73.3,normal,none,0,none
AWS-002,Mumbai Colaba,2026-08-13 15:20:00,33.33,1011.64,75.0,normal,none,0,none
AWS-002,Mumbai Colaba,2026-08-13 15:30:00,33.35,1011.22,75.8,normal,none,0,none
AWS-002,Mumbai Colaba,2026-08-13 15:40:00,32.88,1011.53,75.2,normal,none,0,none
AWS-002,Mumbai Colaba,2026-08-13 15:50:00,33.78,1011.39,75.2,normal,none,0,none
AWS-002,Mumbai Colaba,2026-08-13 16:00:00,33.81,1011.87,75.8,normal,none,0,none
AWS-002,Mumbai Colaba,2026-08-13 16:10:00,33.14,1011.02,75.2,normal,none,0,none
AWS-002,Mumbai Colaba,2026-08-13 16:20:00,33.08,1011.26,75.7,normal,none,0,none
AWS-002,Mumbai Colaba,2026-08-13 16:30:00,32.94,1011.41,76.5,normal,none,0,none
AWS-002,Mumbai Colaba,2026-08-13 16:40:00,32.9,1010.75,76.0,normal,none,0,none
AWS-002,Mumbai Colaba,2026-08-13 16:50:00,32.8,1010.85,75.9,normal,none,0,none
AWS-002,Mumbai Colaba,2026-08-13 17:00:00,32.69,1010.78,75.6,normal,none,0,none
AWS-002,Mumbai Colaba,2026-08-13 17:10:00,32.72,1010.23,74.7,normal,none,0,none
AWS-002,Mumbai Colaba,2026-08-13 17:20:00,32.02,1010.77,76.5,normal,none,0,none
AWS-002,Mumbai Colaba,2026-08-13 17:30:00,32.54,1010.48,77.1,normal,none,0,none
AWS-002,Mumbai Colaba,2026-08-13 17:40:00,31.96,1010.27,76.5,normal,none,0,none
AWS-002,Mumbai Colaba,2026-08-13 17:50:00,31.62,1010.8,80.0,normal,none,0,none
AWS-002,Mumbai Colaba,2026-08-13 18:00:00,26.741265348369893,1000.7171321087887,100.0,possible_weather_event,possible_weather_event,1,meteorological
AWS-002,Mumbai Colaba,2026-08-13 18:10:00,25.68982503945741,997.2989442316419,100.0,possible_weather_event,possible_weather_event,1,meteorological
AWS-002,Mumbai Colaba,2026-08-13 18:20:00,24.92441390396597,998.8055125868277,100.0,possible_weather_event,possible_weather_event,1,meteorological
AWS-002,Mumbai Colaba,2026-08-13 18:30:00,24.821137870246403,1000.6268552578762,100.0,possible_weather_event,possible_weather_event,1,meteorological
AWS-002,Mumbai Colaba,2026-08-13 18:40:00,23.927786156866667,996.3462078015526,100.0,possible_weather_event,possible_weather_event,1,meteorological
AWS-002,Mumbai Colaba,2026-08-13 18:50:00,25.398465577066574,1000.9139673159617,100.0,possible_weather_event,possible_weather_event,1,meteorological
AWS-002,Mumbai Colaba,2026-08-13 19:00:00,24.509618765651,1000.9777705909314,100.0,possible_weather_event,possible_weather_event,1,meteorological
AWS-002,Mumbai Colaba,2026-08-13 19:10:00,25.934028697211954,996.5640775875273,100.0,possible_weather_event,possible_weather_event,1,meteorological
AWS-002,Mumbai Colaba,2026-08-13 19:20:00,29.84,1009.67,79.3,normal,none,0,none
AWS-002,Mumbai Colaba,2026-08-13 19:30:00,30.51,1009.6,81.6,normal,none,0,none
AWS-002,Mumbai Colaba,2026-08-13 19:40:00,29.3,1009.31,79.1,normal,none,0,none
AWS-002,Mumbai Colaba,2026-08-13 19:50:00,29.8,1009.59,80.7,normal,none,0,none
AWS-002,Mumbai Colaba,2026-08-13 20:00:00,29.15,1009.14,82.6,normal,none,0,none
AWS-002,Mumbai Colaba,2026-08-13 20:10:00,29.19,1010.11,82.5,normal,none,0,none
AWS-002,Mumbai Colaba,2026-08-13 20:20:00,28.92,1009.63,83.0,normal,none,0,none
AWS-002,Mumbai Colaba,2026-08-13 20:30:00,28.84,1009.56,84.1,normal,none,0,none
AWS-002,Mumbai Colaba,2026-08-13 20:40:00,28.96,1009.27,82.4,normal,none,0,none
AWS-002,Mumbai Colaba,2026-08-13 20:50:00,27.44,1009.75,83.6,normal,none,0,none
AWS-002,Mumbai Colaba,2026-08-13 21:00:00,27.38,1008.84,86.4,normal,none,0,none
AWS-002,Mumbai Colaba,2026-08-13 21:10:00,27.55,1009.22,87.5,normal,none,0,none
AWS-002,Mumbai Colaba,2026-08-13 21:20:00,27.22,1009.53,84.3,normal,none,0,none
AWS-002,Mumbai Colaba,2026-08-13 21:30:00,26.76,1009.45,84.3,normal,none,0,none
AWS-002,Mumbai Colaba,2026-08-13 21:40:00,27.78,1009.52,84.6,normal,none,0,none
AWS-002,Mumbai Colaba,2026-08-13 21:50:00,26.73,1009.44,87.5,normal,none,0,none
AWS-002,Mumbai Colaba,2026-08-13 22:00:00,26.61,1009.1,85.8,normal,none,0,none
AWS-002,Mumbai Colaba,2026-08-13 22:10:00,26.75,1009.17,88.5,normal,none,0,none
AWS-002,Mumbai Colaba,2026-08-13 22:20:00,26.82,1009.23,86.3,normal,none,0,none
AWS-002,Mumbai Colaba,2026-08-13 22:30:00,25.82,1009.09,85.0,normal,none,0,none
AWS-002,Mumbai Colaba,2026-08-13 22:40:00,25.76,1008.85,88.6,normal,none,0,none
AWS-002,Mumbai Colaba,2026-08-13 22:50:00,25.41,1009.46,88.4,normal,none,0,none
AWS-002,Mumbai Colaba,2026-08-13 23:00:00,25.75,1009.67,89.2,normal,none,0,none
AWS-002,Mumbai Colaba,2026-08-13 23:10:00,25.9,1009.5,90.3,normal,none,0,none
AWS-002,Mumbai Colaba,2026-08-13 23:20:00,25.54,1009.88,89.6,normal,none,0,none
AWS-002,Mumbai Colaba,2026-08-13 23:30:00,25.29,1009.1,90.7,normal,none,0,none
AWS-002,Mumbai Colaba,2026-08-13 23:40:00,24.6,1008.95,88.1,normal,none,0,none
AWS-002,Mumbai Colaba,2026-08-13 23:50:00,25.15,1010.01,89.1,normal,none,0,none
AWS-002,Mumbai Colaba,2026-08-14 00:00:00,25.41,1009.23,91.1,normal,none,0,none
AWS-002,Mumbai Colaba,2026-08-14 00:10:00,24.62,1009.36,91.2,normal,none,0,none
AWS-002,Mumbai Colaba,2026-08-14 00:20:00,24.62,1009.22,90.0,normal,none,0,none
AWS-002,Mumbai Colaba,2026-08-14 00:30:00,24.97,1009.08,89.6,normal,none,0,none
AWS-002,Mumbai Colaba,2026-08-14 00:40:00,24.83,1009.62,91.9,normal,none,0,none
AWS-002,Mumbai Colaba,2026-08-14 00:50:00,23.83,1009.69,91.0,normal,none,0,none
AWS-002,Mumbai Colaba,2026-08-14 01:00:00,23.63,1009.92,92.3,normal,none,0,none
AWS-002,Mumbai Colaba,2026-08-14 01:10:00,23.39,1009.9,91.3,normal,none,0,none
AWS-002,Mumbai Colaba,2026-08-14 01:20:00,24.02,1009.73,93.4,normal,none,0,none
AWS-002,Mumbai Colaba,2026-08-14 01:30:00,23.38,1009.71,93.3,normal,none,0,none
AWS-002,Mumbai Colaba,2026-08-14 01:40:00,23.24,1009.9,90.7,normal,none,0,none
AWS-002,Mumbai Colaba,2026-08-14 01:50:00,23.81,1010.1,92.5,normal,none,0,none
AWS-002,Mumbai Colaba,2026-08-14 02:00:00,24.14,1009.92,92.3,normal,none,0,none
AWS-002,Mumbai Colaba,2026-08-14 02:10:00,24.2,1009.97,93.2,normal,none,0,none
AWS-002,Mumbai Colaba,2026-08-14 02:20:00,23.4,1010.0,91.0,normal,none,0,none
AWS-002,Mumbai Colaba,2026-08-14 02:30:00,23.81,1010.03,93.3,normal,none,0,none
AWS-002,Mumbai Colaba,2026-08-14 02:40:00,23.54,1010.26,91.8,normal,none,0,none
AWS-002,Mumbai Colaba,2026-08-14 02:50:00,23.41,1010.97,93.1,normal,none,0,none
AWS-002,Mumbai Colaba,2026-08-14 03:00:00,23.63,1010.56,93.1,normal,none,0,none
AWS-002,Mumbai Colaba,2026-08-14 03:10:00,23.1,1010.32,91.1,normal,none,0,none
AWS-002,Mumbai Colaba,2026-08-14 03:20:00,23.99,1010.14,91.5,normal,none,0,none
AWS-002,Mumbai Colaba,2026-08-14 03:30:00,23.55,1010.87,92.4,normal,none,0,none
AWS-002,Mumbai Colaba,2026-08-14 03:40:00,24.12,1010.65,92.2,normal,none,0,none
AWS-002,Mumbai Colaba,2026-08-14 03:50:00,23.73,1010.91,93.5,normal,none,0,none
AWS-002,Mumbai Colaba,2026-08-14 04:00:00,23.22,1010.66,91.5,normal,none,0,none
AWS-002,Mumbai Colaba,2026-08-14 04:10:00,23.52,1010.54,91.8,normal,none,0,none
AWS-002,Mumbai Colaba,2026-08-14 04:20:00,24.53,1010.7,93.0,normal,none,0,none
AWS-002,Mumbai Colaba,2026-08-14 04:30:00,23.88,1011.05,92.1,normal,none,0,none
AWS-002,Mumbai Colaba,2026-08-14 04:40:00,24.34,1011.04,90.1,normal,none,0,none
AWS-002,Mumbai Colaba,2026-08-14 04:50:00,24.4,1010.82,91.2,normal,none,0,none
AWS-002,Mumbai Colaba,2026-08-14 05:00:00,24.35,1011.53,90.2,normal,none,0,none
AWS-002,Mumbai Colaba,2026-08-14 05:10:00,24.72,1010.79,92.5,normal,none,0,none
AWS-002,Mumbai Colaba,2026-08-14 05:20:00,24.56,1011.44,88.7,normal,none,0,none
AWS-002,Mumbai Colaba,2026-08-14 05:30:00,24.52,1010.94,90.8,normal,none,0,none
AWS-002,Mumbai Colaba,2026-08-14 05:40:00,25.41,1010.51,88.2,normal,none,0,none
AWS-002,Mumbai Colaba,2026-08-14 05:50:00,25.12,1010.54,88.5,normal,none,0,none
AWS-002,Mumbai Colaba,2026-08-14 06:00:00,24.95,1011.18,90.9,normal,none,0,none
AWS-002,Mumbai Colaba,2026-08-14 06:10:00,25.71,1011.38,87.5,normal,none,0,none
AWS-002,Mumbai Colaba,2026-08-14 06:20:00,26.0,1010.88,87.4,normal,none,0,none
AWS-002,Mumbai Colaba,2026-08-14 06:30:00,25.89,1011.52,87.4,normal,none,0,none
AWS-002,Mumbai Colaba,2026-08-14 06:40:00,25.94,1011.33,87.0,normal,none,0,none
AWS-002,Mumbai Colaba,2026-08-14 06:50:00,25.67,1011.11,87.0,normal,none,0,none
AWS-002,Mumbai Colaba,2026-08-14 07:00:00,26.4,1011.67,89.2,normal,none,0,none
AWS-002,Mumbai Colaba,2026-08-14 07:10:00,26.49,1011.62,87.4,normal,none,0,none
AWS-002,Mumbai Colaba,2026-08-14 07:20:00,26.17,1011.31,86.8,normal,none,0,none
AWS-002,Mumbai Colaba,2026-08-14 07:30:00,26.41,1011.43,85.3,normal,none,0,none
AWS-002,Mumbai Colaba,2026-08-14 07:40:00,27.03,1011.68,87.4,normal,none,0,none
AWS-002,Mumbai Colaba,2026-08-14 07:50:00,26.73,1011.05,85.0,normal,none,0,none
AWS-002,Mumbai Colaba,2026-08-14 08:00:00,26.61,1011.17,83.8,normal,none,0,none
AWS-002,Mumbai Colaba,2026-08-14 08:10:00,27.79,1011.35,85.2,normal,none,0,none
AWS-002,Mumbai Colaba,2026-08-14 08:20:00,28.0,1011.57,84.8,normal,none,0,none
AWS-002,Mumbai Colaba,2026-08-14 08:30:00,28.15,1011.24,84.4,normal,none,0,none
AWS-002,Mumbai Colaba,2026-08-14 08:40:00,27.74,1011.76,85.2,normal,none,0,none
AWS-002,Mumbai Colaba,2026-08-14 08:50:00,28.7,1011.17,83.3,normal,none,0,none
AWS-002,Mumbai Colaba,2026-08-14 09:00:00,28.73,1011.14,83.3,normal,none,0,none
AWS-002,Mumbai Colaba,2026-08-14 09:10:00,28.16,1011.41,82.6,normal,none,0,none
AWS-002,Mumbai Colaba,2026-08-14 09:20:00,28.8,1011.43,82.5,normal,none,0,none
AWS-002,Mumbai Colaba,2026-08-14 09:30:00,28.87,1011.19,83.7,normal,none,0,none
AWS-002,Mumbai Colaba,2026-08-14 09:40:00,29.1,1010.77,83.0,normal,none,0,none
AWS-002,Mumbai Colaba,2026-08-14 09:50:00,28.75,1010.95,79.7,normal,none,0,none
AWS-002,Mumbai Colaba,2026-08-14 10:00:00,29.18,1011.18,80.7,normal,none,0,none
AWS-002,Mumbai Colaba,2026-08-14 10:10:00,30.1,1010.96,80.3,normal,none,0,none
AWS-002,Mumbai Colaba,2026-08-14 10:20:00,30.01,1010.76,79.0,normal,none,0,none
AWS-002,Mumbai Colaba,2026-08-14 10:30:00,30.23,1010.9,82.4,normal,none,0,none
AWS-002,Mumbai Colaba,2026-08-14 10:40:00,30.3,1010.71,78.7,normal,none,0,none
AWS-002,Mumbai Colaba,2026-08-14 10:50:00,29.9,1010.57,79.8,normal,none,0,none
AWS-002,Mumbai Colaba,2026-08-14 11:00:00,30.75,1010.5,80.5,normal,none,0,none
AWS-002,Mumbai Colaba,2026-08-14 11:10:00,30.67,1011.08,82.1,normal,none,0,none
AWS-002,Mumbai Colaba,2026-08-14 11:20:00,30.55,1010.52,80.7,normal,none,0,none
AWS-002,Mumbai Colaba,2026-08-14 11:30:00,30.82,1010.34,79.5,normal,none,0,none
AWS-002,Mumbai Colaba,2026-08-14 11:40:00,31.1,1010.26,80.2,normal,none,0,none
AWS-002,Mumbai Colaba,2026-08-14 11:50:00,31.07,1010.26,79.3,normal,none,0,none
AWS-002,Mumbai Colaba,2026-08-14 12:00:00,31.3,1010.06,77.6,normal,none,0,none
AWS-002,Mumbai Colaba,2026-08-14 12:10:00,30.94,1010.1,79.3,normal,none,0,none
AWS-002,Mumbai Colaba,2026-08-14 12:20:00,31.56,1009.8,78.4,normal,none,0,none
AWS-002,Mumbai Colaba,2026-08-14 12:30:00,31.58,1009.99,79.4,normal,none,0,none
AWS-002,Mumbai Colaba,2026-08-14 12:40:00,31.6,1010.09,79.8,normal,none,0,none
AWS-002,Mumbai Colaba,2026-08-14 12:50:00,31.56,1009.81,78.7,normal,none,0,none
AWS-002,Mumbai Colaba,2026-08-14 13:00:00,31.43,1010.19,75.7,normal,none,0,none
AWS-002,Mumbai Colaba,2026-08-14 13:10:00,31.68,1009.44,78.9,normal,none,0,none
AWS-002,Mumbai Colaba,2026-08-14 13:20:00,31.64,1009.4,77.8,normal,none,0,none
AWS-002,Mumbai Colaba,2026-08-14 13:30:00,31.63,1009.56,76.4,normal,none,0,none
AWS-002,Mumbai Colaba,2026-08-14 13:40:00,32.12,1009.26,76.3,normal,none,0,none
AWS-002,Mumbai Colaba,2026-08-14 13:50:00,32.11,1009.12,76.7,normal,none,0,none
AWS-002,Mumbai Colaba,2026-08-14 14:00:00,32.1,1009.03,77.9,normal,none,0,none
AWS-002,Mumbai Colaba,2026-08-14 14:10:00,31.96,1009.56,75.4,normal,none,0,none
AWS-002,Mumbai Colaba,2026-08-14 14:20:00,31.76,1008.89,77.0,normal,none,0,none
AWS-002,Mumbai Colaba,2026-08-14 14:30:00,32.26,1008.53,75.2,normal,none,0,none
AWS-002,Mumbai Colaba,2026-08-14 14:40:00,31.43,1008.84,76.1,normal,none,0,none
AWS-002,Mumbai Colaba,2026-08-14 14:50:00,32.18,1008.52,76.3,normal,none,0,none
AWS-002,Mumbai Colaba,2026-08-14 15:00:00,32.01,1008.23,76.6,normal,none,0,none
AWS-002,Mumbai Colaba,2026-08-14 15:10:00,31.68,1008.3,77.3,normal,none,0,none
AWS-002,Mumbai Colaba,2026-08-14 15:20:00,32.37,1008.41,78.8,normal,none,0,none
AWS-002,Mumbai Colaba,2026-08-14 15:30:00,32.22,1008.17,76.6,normal,none,0,none
AWS-002,Mumbai Colaba,2026-08-14 15:40:00,31.98,1008.54,77.9,normal,none,0,none
AWS-002,Mumbai Colaba,2026-08-14 15:50:00,31.46,1007.35,77.2,normal,none,0,none
AWS-002,Mumbai Colaba,2026-08-14 16:00:00,31.82,1007.76,77.7,normal,none,0,none
AWS-002,Mumbai Colaba,2026-08-14 16:10:00,31.27,1007.59,77.4,normal,none,0,none
AWS-002,Mumbai Colaba,2026-08-14 16:20:00,31.25,1007.48,78.2,normal,none,0,none
AWS-002,Mumbai Colaba,2026-08-14 16:30:00,31.77,1006.91,76.8,normal,none,0,none
AWS-002,Mumbai Colaba,2026-08-14 16:40:00,30.49,1007.21,80.6,normal,none,0,none
AWS-002,Mumbai Colaba,2026-08-14 16:50:00,30.79,1007.32,78.3,normal,none,0,none
AWS-002,Mumbai Colaba,2026-08-14 17:00:00,31.05,1007.52,79.4,normal,none,0,none
AWS-002,Mumbai Colaba,2026-08-14 17:10:00,31.56,1007.26,78.0,normal,none,0,none
AWS-002,Mumbai Colaba,2026-08-14 17:20:00,31.14,1007.0,79.0,normal,none,0,none
AWS-002,Mumbai Colaba,2026-08-14 17:30:00,30.4,1007.11,79.4,normal,none,0,none
AWS-002,Mumbai Colaba,2026-08-14 17:40:00,30.95,1007.09,80.8,normal,none,0,none
AWS-002,Mumbai Colaba,2026-08-14 17:50:00,30.35,1007.19,81.7,normal,none,0,none
AWS-002,Mumbai Colaba,2026-08-14 18:00:00,30.07,1006.78,81.0,normal,none,0,none
AWS-002,Mumbai Colaba,2026-08-14 18:10:00,30.28,1006.57,81.2,normal,none,0,none
AWS-002,Mumbai Colaba,2026-08-14 18:20:00,30.53,1006.87,82.9,normal,none,0,none
AWS-002,Mumbai Colaba,2026-08-14 18:30:00,29.51,1006.76,79.3,normal,none,0,none
AWS-002,Mumbai Colaba,2026-08-14 18:40:00,28.8,1006.81,81.8,normal,none,0,none
AWS-002,Mumbai Colaba,2026-08-14 18:50:00,29.18,1005.88,83.7,normal,none,0,none
AWS-002,Mumbai Colaba,2026-08-14 19:00:00,29.3,1006.19,83.7,normal,none,0,none
AWS-002,Mumbai Colaba,2026-08-14 19:10:00,29.14,1006.09,82.7,normal,none,0,none
AWS-002,Mumbai Colaba,2026-08-14 19:20:00,28.44,1006.09,84.3,normal,none,0,none
AWS-002,Mumbai Colaba,2026-08-14 19:30:00,28.19,1006.38,84.5,normal,none,0,none
AWS-002,Mumbai Colaba,2026-08-14 19:40:00,28.7,1006.0,82.9,normal,none,0,none
AWS-002,Mumbai Colaba,2026-08-14 19:50:00,27.93,1006.11,84.0,normal,none,0,none
AWS-002,Mumbai Colaba,2026-08-14 20:00:00,28.1,1006.43,84.1,normal,none,0,none
AWS-002,Mumbai Colaba,2026-08-14 20:10:00,28.31,1006.06,83.1,normal,none,0,none
AWS-002,Mumbai Colaba,2026-08-14 20:20:00,28.19,1006.28,82.6,normal,none,0,none
AWS-002,Mumbai Colaba,2026-08-14 20:30:00,26.72,1005.82,84.4,normal,none,0,none
AWS-002,Mumbai Colaba,2026-08-14 20:40:00,27.23,1005.94,84.9,normal,none,0,none
AWS-002,Mumbai Colaba,2026-08-14 20:50:00,27.8,1005.95,85.7,normal,none,0,none
AWS-002,Mumbai Colaba,2026-08-14 21:00:00,26.19,1005.96,84.4,normal,none,0,none
AWS-002,Mumbai Colaba,2026-08-14 21:10:00,26.87,1006.12,87.5,normal,none,0,none
AWS-002,Mumbai Colaba,2026-08-14 21:20:00,26.94,1005.58,86.6,normal,none,0,none
AWS-002,Mumbai Colaba,2026-08-14 21:30:00,26.4,1005.61,86.6,normal,none,0,none
AWS-002,Mumbai Colaba,2026-08-14 21:40:00,26.39,1005.38,88.6,normal,none,0,none
AWS-002,Mumbai Colaba,2026-08-14 21:50:00,25.6,1005.53,88.8,normal,none,0,none
AWS-002,Mumbai Colaba,2026-08-14 22:00:00,25.89,1006.14,85.9,normal,none,0,none
AWS-002,Mumbai Colaba,2026-08-14 22:10:00,26.48,1005.99,86.6,normal,none,0,none
AWS-002,Mumbai Colaba,2026-08-14 22:20:00,24.85,1005.66,89.3,normal,none,0,none
AWS-002,Mumbai Colaba,2026-08-14 22:30:00,25.41,1005.74,87.0,normal,none,0,none
AWS-002,Mumbai Colaba,2026-08-14 22:40:00,25.34,1006.11,90.8,normal,none,0,none
AWS-002,Mumbai Colaba,2026-08-14 22:50:00,24.24,1005.66,90.3,normal,none,0,none
AWS-002,Mumbai Colaba,2026-08-14 23:00:00,25.25,1006.13,90.0,normal,none,0,none
AWS-002,Mumbai Colaba,2026-08-14 23:10:00,24.15,1005.64,89.6,normal,none,0,none
AWS-002,Mumbai Colaba,2026-08-14 23:20:00,25.22,1005.93,90.0,normal,none,0,none
AWS-002,Mumbai Colaba,2026-08-14 23:30:00,24.59,1005.59,90.5,normal,none,0,none
AWS-002,Mumbai Colaba,2026-08-14 23:40:00,24.16,1006.23,91.9,normal,none,0,none
AWS-002,Mumbai Colaba,2026-08-14 23:50:00,23.32,1006.21,92.4,normal,none,0,none
AWS-002,Mumbai Colaba,2026-08-15 00:00:00,23.81,1005.82,91.4,normal,none,0,none
AWS-002,Mumbai Colaba,2026-08-15 00:10:00,23.38,1005.47,92.6,normal,none,0,none
AWS-002,Mumbai Colaba,2026-08-15 00:20:00,23.46,1006.33,90.8,normal,none,0,none
AWS-002,Mumbai Colaba,2026-08-15 00:30:00,23.99,1006.25,91.6,normal,none,0,none
AWS-002,Mumbai Colaba,2026-08-15 00:40:00,23.54,1006.25,92.0,normal,none,0,none
AWS-002,Mumbai Colaba,2026-08-15 00:50:00,23.94,1005.84,92.7,normal,none,0,none
AWS-002,Mumbai Colaba,2026-08-15 01:00:00,23.32,1006.47,91.6,normal,none,0,none
AWS-002,Mumbai Colaba,2026-08-15 01:10:00,22.9,1006.31,92.0,normal,none,0,none
AWS-002,Mumbai Colaba,2026-08-15 01:20:00,23.5,1005.99,93.6,normal,none,0,none
AWS-002,Mumbai Colaba,2026-08-15 01:30:00,22.56,1006.16,93.2,normal,none,0,none
AWS-002,Mumbai Colaba,2026-08-15 01:40:00,23.13,1006.6,92.9,normal,none,0,none
AWS-002,Mumbai Colaba,2026-08-15 01:50:00,23.58,1006.24,91.8,normal,none,0,none
AWS-002,Mumbai Colaba,2026-08-15 02:00:00,23.09,1007.01,92.7,normal,none,0,none
AWS-002,Mumbai Colaba,2026-08-15 02:10:00,22.22,1006.51,91.0,normal,none,0,none
AWS-002,Mumbai Colaba,2026-08-15 02:20:00,23.44,1006.41,93.8,normal,none,0,none
AWS-002,Mumbai Colaba,2026-08-15 02:30:00,22.92,1006.6,93.9,normal,none,0,none
AWS-002,Mumbai Colaba,2026-08-15 02:40:00,23.48,1006.87,93.6,normal,none,0,none
AWS-002,Mumbai Colaba,2026-08-15 02:50:00,23.51,1006.93,93.9,normal,none,0,none
AWS-002,Mumbai Colaba,2026-08-15 03:00:00,23.24,1006.89,92.4,normal,none,0,none
AWS-002,Mumbai Colaba,2026-08-15 03:10:00,23.18,1006.68,93.2,normal,none,0,none
AWS-002,Mumbai Colaba,2026-08-15 03:20:00,23.12,1007.16,93.1,normal,none,0,none
AWS-002,Mumbai Colaba,2026-08-15 03:30:00,23.2,1007.08,91.2,normal,none,0,none
AWS-002,Mumbai Colaba,2026-08-15 03:40:00,24.1,1007.03,91.9,normal,none,0,none
AWS-002,Mumbai Colaba,2026-08-15 03:50:00,23.62,1006.88,90.8,normal,none,0,none
AWS-002,Mumbai Colaba,2026-08-15 04:00:00,23.21,1006.86,93.4,normal,none,0,none
AWS-002,Mumbai Colaba,2026-08-15 04:10:00,23.79,1006.82,91.0,normal,none,0,none
AWS-002,Mumbai Colaba,2026-08-15 04:20:00,23.39,1007.15,92.9,normal,none,0,none
AWS-002,Mumbai Colaba,2026-08-15 04:30:00,23.66,1007.83,90.6,normal,none,0,none
AWS-002,Mumbai Colaba,2026-08-15 04:40:00,23.88,1007.45,91.2,normal,none,0,none
AWS-002,Mumbai Colaba,2026-08-15 04:50:00,24.85,1007.55,92.3,normal,none,0,none
AWS-002,Mumbai Colaba,2026-08-15 05:00:00,24.12,1007.48,92.0,normal,none,0,none
AWS-002,Mumbai Colaba,2026-08-15 05:10:00,24.25,1007.16,92.0,normal,none,0,none
AWS-002,Mumbai Colaba,2026-08-15 05:20:00,24.49,1007.51,90.0,normal,none,0,none
AWS-002,Mumbai Colaba,2026-08-15 05:30:00,24.57,1007.78,90.0,normal,none,0,none
AWS-002,Mumbai Colaba,2026-08-15 05:40:00,25.05,1008.02,87.8,normal,none,0,none
AWS-002,Mumbai Colaba,2026-08-15 05:50:00,25.02,1007.94,90.6,normal,none,0,none
AWS-002,Mumbai Colaba,2026-08-15 06:00:00,25.92,1007.95,88.6,normal,none,0,none
AWS-002,Mumbai Colaba,2026-08-15 06:10:00,25.01,1007.65,89.4,normal,none,0,none
AWS-002,Mumbai Colaba,2026-08-15 06:20:00,25.84,1007.73,89.5,normal,none,0,none
AWS-002,Mumbai Colaba,2026-08-15 06:30:00,25.74,1008.33,89.0,normal,none,0,none
AWS-002,Mumbai Colaba,2026-08-15 06:40:00,25.72,1008.55,88.0,normal,none,0,none
AWS-002,Mumbai Colaba,2026-08-15 06:50:00,26.45,1007.86,88.0,normal,none,0,none
AWS-002,Mumbai Colaba,2026-08-15 07:00:00,26.31,1008.16,87.8,normal,none,0,none
AWS-002,Mumbai Colaba,2026-08-15 07:10:00,26.57,1007.9,87.8,normal,none,0,none
AWS-002,Mumbai Colaba,2026-08-15 07:20:00,26.04,1007.91,84.9,normal,none,0,none
AWS-002,Mumbai Colaba,2026-08-15 07:30:00,26.83,1008.12,85.9,normal,none,0,none
AWS-002,Mumbai Colaba,2026-08-15 07:40:00,27.22,1008.18,85.5,normal,none,0,none
AWS-002,Mumbai Colaba,2026-08-15 07:50:00,27.56,1008.03,85.5,normal,none,0,none
AWS-002,Mumbai Colaba,2026-08-15 08:00:00,27.72,1008.05,85.2,normal,none,0,none
AWS-002,Mumbai Colaba,2026-08-15 08:10:00,28.47,1007.88,83.3,normal,none,0,none
AWS-002,Mumbai Colaba,2026-08-15 08:20:00,28.02,1008.06,85.1,normal,none,0,none
AWS-002,Mumbai Colaba,2026-08-15 08:30:00,27.93,1008.23,83.1,normal,none,0,none
AWS-002,Mumbai Colaba,2026-08-15 08:40:00,27.75,1008.0,83.9,normal,none,0,none
AWS-002,Mumbai Colaba,2026-08-15 08:50:00,28.39,1008.23,82.7,normal,none,0,none
AWS-002,Mumbai Colaba,2026-08-15 09:00:00,28.69,1007.58,83.2,normal,none,0,none
AWS-002,Mumbai Colaba,2026-08-15 09:10:00,29.14,1007.59,81.3,normal,none,0,none
AWS-002,Mumbai Colaba,2026-08-15 09:20:00,28.98,1008.3,82.0,normal,none,0,none
AWS-002,Mumbai Colaba,2026-08-15 09:30:00,29.76,1008.27,83.3,normal,none,0,none
AWS-002,Mumbai Colaba,2026-08-15 09:40:00,29.53,1007.99,80.4,normal,none,0,none
AWS-002,Mumbai Colaba,2026-08-15 09:50:00,29.55,1007.39,80.7,normal,none,0,none
AWS-002,Mumbai Colaba,2026-08-15 10:00:00,29.74,1007.63,83.1,normal,none,0,none
AWS-002,Mumbai Colaba,2026-08-15 10:10:00,29.98,1007.73,81.2,normal,none,0,none
AWS-002,Mumbai Colaba,2026-08-15 10:20:00,30.28,1008.07,81.6,normal,none,0,none
AWS-002,Mumbai Colaba,2026-08-15 10:30:00,29.84,1007.22,80.4,normal,none,0,none
AWS-002,Mumbai Colaba,2026-08-15 10:40:00,30.36,1007.65,80.6,normal,none,0,none
AWS-002,Mumbai Colaba,2026-08-15 10:50:00,30.97,1007.67,78.5,normal,none,0,none
AWS-002,Mumbai Colaba,2026-08-15 11:00:00,31.34,1007.58,80.0,normal,none,0,none
AWS-002,Mumbai Colaba,2026-08-15 11:10:00,31.16,1007.62,80.1,normal,none,0,none
AWS-002,Mumbai Colaba,2026-08-15 11:20:00,31.11,1007.33,77.3,normal,none,0,none
AWS-002,Mumbai Colaba,2026-08-15 11:30:00,31.44,1007.69,79.8,normal,none,0,none
AWS-002,Mumbai Colaba,2026-08-15 11:40:00,32.09,1007.1,76.7,normal,none,0,none
AWS-002,Mumbai Colaba,2026-08-15 11:50:00,31.44,1007.3,78.4,normal,none,0,none
AWS-002,Mumbai Colaba,2026-08-15 12:00:00,32.43,1007.49,78.5,normal,none,0,none
AWS-002,Mumbai Colaba,2026-08-15 12:10:00,32.01,1007.22,76.9,normal,none,0,none
AWS-002,Mumbai Colaba,2026-08-15 12:20:00,31.85,1007.1,75.7,normal,none,0,none
AWS-002,Mumbai Colaba,2026-08-15 12:30:00,32.22,1007.6,76.0,normal,none,0,none
AWS-002,Mumbai Colaba,2026-08-15 12:40:00,32.56,1006.81,76.5,normal,none,0,none
AWS-002,Mumbai Colaba,2026-08-15 12:50:00,32.53,1006.92,77.6,normal,none,0,none
AWS-002,Mumbai Colaba,2026-08-15 13:00:00,32.61,1006.95,76.4,normal,none,0,none
AWS-002,Mumbai Colaba,2026-08-15 13:10:00,32.52,1006.4,74.9,normal,none,0,none
AWS-002,Mumbai Colaba,2026-08-15 13:20:00,32.68,1006.31,76.1,normal,none,0,none
AWS-002,Mumbai Colaba,2026-08-15 13:30:00,32.33,1006.58,73.8,normal,none,0,none
AWS-002,Mumbai Colaba,2026-08-15 13:40:00,32.88,1006.16,75.9,normal,none,0,none
AWS-002,Mumbai Colaba,2026-08-15 13:50:00,32.72,1005.76,77.1,normal,none,0,none
AWS-002,Mumbai Colaba,2026-08-15 14:00:00,32.95,1006.23,77.9,normal,none,0,none
AWS-002,Mumbai Colaba,2026-08-15 14:10:00,32.5,1006.18,75.9,normal,none,0,none
AWS-002,Mumbai Colaba,2026-08-15 14:20:00,32.67,1005.67,76.6,normal,none,0,none
AWS-002,Mumbai Colaba,2026-08-15 14:30:00,33.47,1005.78,72.6,normal,none,0,none
AWS-002,Mumbai Colaba,2026-08-15 14:40:00,32.65,1005.8,75.1,normal,none,0,none
AWS-002,Mumbai Colaba,2026-08-15 14:50:00,32.94,1005.99,75.9,normal,none,0,none
AWS-002,Mumbai Colaba,2026-08-15 15:00:00,33.36,1005.89,75.4,normal,none,0,none
AWS-002,Mumbai Colaba,2026-08-15 15:10:00,32.76,1005.98,76.6,normal,none,0,none
AWS-002,Mumbai Colaba,2026-08-15 15:20:00,32.47,1005.13,76.2,normal,none,0,none
AWS-002,Mumbai Colaba,2026-08-15 15:30:00,33.44,1005.23,75.5,normal,none,0,none
AWS-002,Mumbai Colaba,2026-08-15 15:40:00,32.82,1005.16,74.8,normal,none,0,none
AWS-002,Mumbai Colaba,2026-08-15 15:50:00,32.88,1005.04,77.4,normal,none,0,none
AWS-002,Mumbai Colaba,2026-08-15 16:00:00,32.21,1005.22,74.0,normal,none,0,none
AWS-002,Mumbai Colaba,2026-08-15 16:10:00,32.52,1005.37,78.8,normal,none,0,none
AWS-002,Mumbai Colaba,2026-08-15 16:20:00,33.09,1004.68,75.7,normal,none,0,none
AWS-002,Mumbai Colaba,2026-08-15 16:30:00,33.05,1005.3,76.7,normal,none,0,none
AWS-002,Mumbai Colaba,2026-08-15 16:40:00,31.68,1004.87,79.0,normal,none,0,none
AWS-002,Mumbai Colaba,2026-08-15 16:50:00,32.42,1005.16,76.3,normal,none,0,none
AWS-002,Mumbai Colaba,2026-08-15 17:00:00,32.33,1005.16,76.1,normal,none,0,none
AWS-002,Mumbai Colaba,2026-08-15 17:10:00,32.06,1004.66,76.9,normal,none,0,none
AWS-002,Mumbai Colaba,2026-08-15 17:20:00,32.26,1004.38,77.7,normal,none,0,none
AWS-002,Mumbai Colaba,2026-08-15 17:30:00,31.71,1004.92,78.7,normal,none,0,none
AWS-002,Mumbai Colaba,2026-08-15 17:40:00,31.66,1004.67,75.5,normal,none,0,none
AWS-002,Mumbai Colaba,2026-08-15 17:50:00,31.87,1004.72,76.5,normal,none,0,none
AWS-002,Mumbai Colaba,2026-08-15 18:00:00,31.56,1004.18,77.9,normal,none,0,none
AWS-002,Mumbai Colaba,2026-08-15 18:10:00,31.66,1004.19,77.3,normal,none,0,none
AWS-002,Mumbai Colaba,2026-08-15 18:20:00,31.36,1004.46,79.6,normal,none,0,none
AWS-002,Mumbai Colaba,2026-08-15 18:30:00,31.07,1004.24,77.5,normal,none,0,none
AWS-002,Mumbai Colaba,2026-08-15 18:40:00,31.36,1004.26,76.9,normal,none,0,none
AWS-002,Mumbai Colaba,2026-08-15 18:50:00,30.66,1004.16,79.2,normal,none,0,none
AWS-002,Mumbai Colaba,2026-08-15 19:00:00,29.93,1004.28,79.8,normal,none,0,none
AWS-002,Mumbai Colaba,2026-08-15 19:10:00,30.73,1004.06,79.8,normal,none,0,none
AWS-002,Mumbai Colaba,2026-08-15 19:20:00,29.8,1003.88,82.9,normal,none,0,none
AWS-002,Mumbai Colaba,2026-08-15 19:30:00,29.89,1003.65,79.5,normal,none,0,none
AWS-002,Mumbai Colaba,2026-08-15 19:40:00,30.03,1004.2,80.4,normal,none,0,none
AWS-002,Mumbai Colaba,2026-08-15 19:50:00,29.69,1004.25,81.9,normal,none,0,none
AWS-002,Mumbai Colaba,2026-08-15 20:00:00,29.17,1004.22,82.9,normal,none,0,none
AWS-002,Mumbai Colaba,2026-08-15 20:10:00,28.68,1003.85,81.8,normal,none,0,none
AWS-002,Mumbai Colaba,2026-08-15 20:20:00,29.73,1004.55,81.2,normal,none,0,none
AWS-002,Mumbai Colaba,2026-08-15 20:30:00,29.55,1003.92,82.9,normal,none,0,none
AWS-002,Mumbai Colaba,2026-08-15 20:40:00,29.03,1003.41,83.3,normal,none,0,none
AWS-002,Mumbai Colaba,2026-08-15 20:50:00,28.51,1003.92,81.6,normal,none,0,none
AWS-002,Mumbai Colaba,2026-08-15 21:00:00,28.8,1003.33,82.4,normal,none,0,none
AWS-002,Mumbai Colaba,2026-08-15 21:10:00,28.31,1003.95,83.4,normal,none,0,none
AWS-002,Mumbai Colaba,2026-08-15 21:20:00,28.51,1003.47,86.2,normal,none,0,none
AWS-002,Mumbai Colaba,2026-08-15 21:30:00,28.35,1003.93,85.6,normal,none,0,none
AWS-002,Mumbai Colaba,2026-08-15 21:40:00,28.0,1003.48,84.2,normal,none,0,none
AWS-002,Mumbai Colaba,2026-08-15 21:50:00,28.16,1003.56,85.7,normal,none,0,none
AWS-002,Mumbai Colaba,2026-08-15 22:00:00,27.56,1003.32,85.1,normal,none,0,none
AWS-002,Mumbai Colaba,2026-08-15 22:10:00,27.38,1004.18,85.6,normal,none,0,none
AWS-002,Mumbai Colaba,2026-08-15 22:20:00,27.12,1003.64,84.7,normal,none,0,none
AWS-002,Mumbai Colaba,2026-08-15 22:30:00,27.04,1003.84,86.0,normal,none,0,none
AWS-002,Mumbai Colaba,2026-08-15 22:40:00,26.5,1003.48,90.0,normal,none,0,none
AWS-002,Mumbai Colaba,2026-08-15 22:50:00,26.93,1004.01,89.0,normal,none,0,none
AWS-002,Mumbai Colaba,2026-08-15 23:00:00,26.33,1004.24,89.3,normal,none,0,none
AWS-002,Mumbai Colaba,2026-08-15 23:10:00,26.57,1003.95,88.9,normal,none,0,none
AWS-002,Mumbai Colaba,2026-08-15 23:20:00,25.52,1004.18,88.8,normal,none,0,none
AWS-002,Mumbai Colaba,2026-08-15 23:30:00,26.03,1003.88,88.0,normal,none,0,none
AWS-002,Mumbai Colaba,2026-08-15 23:40:00,26.19,1004.08,86.8,normal,none,0,none
AWS-002,Mumbai Colaba,2026-08-15 23:50:00,25.93,1004.23,89.3,normal,none,0,none
