station_id,station_name,timestamp,temperature,pressure,humidity,label,fault_type,ground_truth_is_anomaly,ground_truth_sensor
AWS-006,Hyderabad Begumpet,2026-08-01 00:00:00,21.22,953.88,66.9,normal,none,0,none
AWS-006,Hyderabad Begumpet,2026-08-01 00:10:00,21.24,954.15,67.0,normal,none,0,none
AWS-006,Hyderabad Begumpet,2026-08-01 00:20:00,20.58,954.36,68.5,normal,none,0,none
AWS-006,Hyderabad Begumpet,2026-08-01 00:30:00,21.32,954.65,67.6,normal,none,0,none
AWS-006,Hyderabad Begumpet,2026-08-01 00:40:00,20.66,954.05,68.3,normal,none,0,none
AWS-006,Hyderabad Begumpet,2026-08-01 00:50:00,19.9,954.54,68.2,normal,none,0,none
AWS-006,Hyderabad Begumpet,2026-08-01 01:00:00,19.69,954.26,66.7,normal,none,0,none
AWS-006,Hyderabad Begumpet,2026-08-01 01:10:00,19.63,954.38,69.8,normal,none,0,none
AWS-006,Hyderabad Begumpet,2026-08-01 01:20:00,19.46,954.82,70.3,normal,none,0,none
AWS-006,Hyderabad Begumpet,2026-08-01 01:30:00,19.78,954.99,70.6,normal,none,0,none
AWS-006,Hyderabad Begumpet,2026-08-01 01:40:00,19.41,954.85,71.3,normal,none,0,none
AWS-006,Hyderabad Begumpet,2026-08-01 01:50:00,19.77,955.53,71.0,normal,none,0,none
AWS-006,Hyderabad Begumpet,2026-08-01 02:00:00,19.72,955.14,70.4,normal,none,0,none
AWS-006,Hyderabad Begumpet,2026-08-01 02:10:00,19.64,955.0,71.0,normal,none,0,none
AWS-006,Hyderabad Begumpet,2026-08-01 02:20:00,19.35,955.26,69.9,normal,none,0,none
AWS-006,Hyderabad Begumpet,2026-08-01 02:30:00,19.62,955.39,71.2,normal,none,0,none
AWS-006,Hyderabad Begumpet,2026-08-01 02:40:00,20.06,955.08,69.3,normal,none,0,none
AWS-006,Hyderabad Begumpet,2026-08-01 02:50:00,20.0,955.28,70.1,normal,none,0,none
AWS-006,Hyderabad Begumpet,2026-08-01 03:00:00,19.87,955.65,69.4,normal,none,0,none
AWS-006,Hyderabad Begumpet,2026-08-01 03:10:00,19.99,955.26,68.2,normal,none,0,none
AWS-006,Hyderabad Begumpet,2026-08-01 03:20:00,19.95,956.18,69.5,normal,none,0,none
AWS-006,Hyderabad Begumpet,2026-08-01 03:30:00,20.33,956.07,70.7,normal,none,0,none
AWS-006,Hyderabad Begumpet,2026-08-01 03:40:00,20.61,955.67,69.3,normal,none,0,none
AWS-006,Hyderabad Begumpet,2026-08-01 03:50:00,20.9,955.64,68.4,normal,none,0,none
AWS-006,Hyderabad Begumpet,2026-08-01 04:00:00,20.34,955.94,67.1,normal,none,0,none
AWS-006,Hyderabad Begumpet,2026-08-01 04:10:00,20.78,955.84,69.4,normal,none,0,none
AWS-006,Hyderabad Begumpet,2026-08-01 04:20:00,20.73,955.91,67.5,normal,none,0,none
AWS-006,Hyderabad Begumpet,2026-08-01 04:30:00,20.8,956.47,67.6,normal,none,0,none
AWS-006,Hyderabad Begumpet,2026-08-01 04:40:00,21.05,956.04,68.1,normal,none,0,none
AWS-006,Hyderabad Begumpet,2026-08-01 04:50:00,20.89,956.39,65.6,normal,none,0,none
AWS-006,Hyderabad Begumpet,2026-08-01 05:00:00,21.92,956.3,64.2,normal,none,0,none
AWS-006,Hyderabad Begumpet,2026-08-01 05:10:00,21.39,956.27,67.7,normal,none,0,none
AWS-006,Hyderabad Begumpet,2026-08-01 05:20:00,22.14,956.2,66.3,normal,none,0,none
AWS-006,Hyderabad Begumpet,2026-08-01 05:30:00,22.06,956.6,64.9,normal,none,0,none
AWS-006,Hyderabad Begumpet,2026-08-01 05:40:00,22.66,956.5,64.2,normal,none,0,none
AWS-006,Hyderabad Begumpet,2026-08-01 05:50:00,23.91,956.47,62.2,normal,none,0,none
AWS-006,Hyderabad Begumpet,2026-08-01 06:00:00,23.38,956.93,62.4,normal,none,0,none
AWS-006,Hyderabad Begumpet,2026-08-01 06:10:00,23.45,957.15,61.9,normal,none,0,none
AWS-006,Hyderabad Begumpet,2026-08-01 06:20:00,24.07,957.09,61.4,normal,none,0,none
AWS-006,Hyderabad Begumpet,2026-08-01 06:30:00,23.97,956.66,61.9,normal,none,0,none
AWS-006,Hyderabad Begumpet,2026-08-01 06:40:00,24.29,956.89,60.6,normal,none,0,none
AWS-006,Hyderabad Begumpet,2026-08-01 06:50:00,24.69,957.01,60.2,normal,none,0,none
AWS-006,Hyderabad Begumpet,2026-08-01 07:00:00,25.42,957.19,58.1,normal,none,0,none
AWS-006,Hyderabad Begumpet,2026-08-01 07:10:00,26.16,957.27,60.7,normal,none,0,none
AWS-006,Hyderabad Begumpet,2026-08-01 07:20:00,25.98,956.79,56.9,normal,none,0,none
AWS-006,Hyderabad Begumpet,2026-08-01 07:30:00,26.41,956.94,58.4,normal,none,0,none
AWS-006,Hyderabad Begumpet,2026-08-01 07:40:00,27.5,956.83,56.9,normal,none,0,none
AWS-006,Hyderabad Begumpet,2026-08-01 07:50:00,27.29,956.69,54.6,normal,none,0,none
AWS-006,Hyderabad Begumpet,2026-08-01 08:00:00,27.09,957.37,56.5,normal,none,0,none
AWS-006,Hyderabad Begumpet,2026-08-01 08:10:00,28.37,957.27,55.4,normal,none,0,none
AWS-006,Hyderabad Begumpet,2026-08-01 08:20:00,28.68,957.27,53.7,normal,none,0,none
AWS-006,Hyderabad Begumpet,2026-08-01 08:30:00,29.2,957.0,53.9,normal,none,0,none
AWS-006,Hyderabad Begumpet,2026-08-01 08:40:00,29.48,957.5,53.1,normal,none,0,none
AWS-006,Hyderabad Begumpet,2026-08-01 08:50:00,29.36,956.84,54.2,normal,none,0,none
AWS-006,Hyderabad Begumpet,2026-08-01 09:00:00,29.11,956.44,52.9,normal,none,0,none
AWS-006,Hyderabad Begumpet,2026-08-01 09:10:00,29.65,957.31,52.3,normal,none,0,none
AWS-006,Hyderabad Begumpet,2026-08-01 09:20:00,30.13,957.2,49.8,normal,none,0,none
AWS-006,Hyderabad Begumpet,2026-08-01 09:30:00,30.39,956.6,50.1,normal,none,0,none
AWS-006,Hyderabad Begumpet,2026-08-01 09:40:00,31.9,956.56,48.9,normal,none,0,none
AWS-006,Hyderabad Begumpet,2026-08-01 09:50:00,31.55,956.73,50.2,normal,none,0,none
AWS-006,Hyderabad Begumpet,2026-08-01 10:00:00,32.25,956.77,48.0,normal,none,0,none
AWS-006,Hyderabad Begumpet,2026-08-01 10:10:00,32.49,956.96,46.9,normal,none,0,none
AWS-006,Hyderabad Begumpet,2026-08-01 10:20:00,33.06,956.77,47.2,normal,none,0,none
AWS-006,Hyderabad Begumpet,2026-08-01 10:30:00,32.79,957.09,46.7,normal,none,0,none
AWS-006,Hyderabad Begumpet,2026-08-01 10:40:00,33.59,956.75,46.1,normal,none,0,none
AWS-006,Hyderabad Begumpet,2026-08-01 10:50:00,34.13,956.73,43.6,normal,none,0,none
AWS-006,Hyderabad Begumpet,2026-08-01 11:00:00,33.97,956.06,44.1,normal,none,0,none
AWS-006,Hyderabad Begumpet,2026-08-01 11:10:00,34.77,956.67,43.0,normal,none,0,none
AWS-006,Hyderabad Begumpet,2026-08-01 11:20:00,34.69,957.02,43.5,normal,none,0,none
AWS-006,Hyderabad Begumpet,2026-08-01 11:30:00,35.14,956.25,42.9,normal,none,0,none
AWS-006,Hyderabad Begumpet,2026-08-01 11:40:00,35.68,956.65,40.2,normal,none,0,none
AWS-006,Hyderabad Begumpet,2026-08-01 11:50:00,36.21,956.23,43.7,normal,none,0,none
AWS-006,Hyderabad Begumpet,2026-08-01 12:00:00,35.69,956.27,39.9,normal,none,0,none
AWS-006,Hyderabad Begumpet,2026-08-01 12:10:00,35.74,956.62,41.5,normal,none,0,none
AWS-006,Hyderabad Begumpet,2026-08-01 12:20:00,36.33,955.96,38.6,normal,none,0,none
AWS-006,Hyderabad Begumpet,2026-08-01 12:30:00,36.27,956.2,39.3,normal,none,0,none
AWS-006,Hyderabad Begumpet,2026-08-01 12:40:00,35.99,955.96,40.2,normal,none,0,none
AWS-006,Hyderabad Begumpet,2026-08-01 12:50:00,36.16,955.83,38.4,normal,none,0,none
AWS-006,Hyderabad Begumpet,2026-08-01 13:00:00,36.87,955.59,38.8,normal,none,0,none
AWS-006,Hyderabad Begumpet,2026-08-01 13:10:00,37.08,955.55,38.9,normal,none,0,none
AWS-006,Hyderabad Begumpet,2026-08-01 13:20:00,37.08,955.5,39.3,normal,none,0,none
AWS-006,Hyderabad Begumpet,2026-08-01 13:30:00,37.25,955.24,36.4,normal,none,0,none
AWS-006,Hyderabad Begumpet,2026-08-01 13:40:00,38.05,955.45,38.5,normal,none,0,none
AWS-006,Hyderabad Begumpet,2026-08-01 13:50:00,36.94,955.52,38.8,normal,none,0,none
AWS-006,Hyderabad Begumpet,2026-08-01 14:00:00,37.88,955.56,39.8,normal,none,0,none
AWS-006,Hyderabad Begumpet,2026-08-01 14:10:00,38.02,955.4,37.0,normal,none,0,none
AWS-006,Hyderabad Begumpet,2026-08-01 14:20:00,36.85,955.08,38.0,normal,none,0,none
AWS-006,Hyderabad Begumpet,2026-08-01 14:30:00,37.33,954.9,35.9,normal,none,0,none
AWS-006,Hyderabad Begumpet,2026-08-01 14:40:00,37.63,954.89,35.1,normal,none,0,none
AWS-006,Hyderabad Begumpet,2026-08-01 14:50:00,37.74,954.7,38.6,normal,none,0,none
AWS-006,Hyderabad Begumpet,2026-08-01 15:00:00,38.0,954.79,37.6,normal,none,0,none
AWS-006,Hyderabad Begumpet,2026-08-01 15:10:00,37.89,954.8,38.0,normal,none,0,none
AWS-006,Hyderabad Begumpet,2026-08-01 15:20:00,37.19,954.19,37.6,normal,none,0,none
AWS-006,Hyderabad Begumpet,2026-08-01 15:30:00,37.82,954.44,37.2,normal,none,0,none
AWS-006,Hyderabad Begumpet,2026-08-01 15:40:00,37.06,954.3,37.9,normal,none,0,none
AWS-006,Hyderabad Begumpet,2026-08-01 15:50:00,37.15,954.3,37.2,normal,none,0,none
AWS-006,Hyderabad Begumpet,2026-08-01 16:00:00,36.74,954.57,37.5,normal,none,0,none
AWS-006,Hyderabad Begumpet,2026-08-01 16:10:00,37.05,954.09,39.0,normal,none,0,none
AWS-006,Hyderabad Begumpet,2026-08-01 16:20:00,36.63,954.24,40.7,normal,none,0,none
AWS-006,Hyderabad Begumpet,2026-08-01 16:30:00,35.96,953.76,38.2,normal,none,0,none
AWS-006,Hyderabad Begumpet,2026-08-01 16:40:00,36.31,954.01,41.6,normal,none,0,none
AWS-006,Hyderabad Begumpet,2026-08-01 16:50:00,36.5,953.57,39.7,normal,none,0,none
AWS-006,Hyderabad Begumpet,2026-08-01 17:00:00,35.52,953.71,40.2,normal,none,0,none
AWS-006,Hyderabad Begumpet,2026-08-01 17:10:00,35.59,953.49,41.9,normal,none,0,none
AWS-006,Hyderabad Begumpet,2026-08-01 17:20:00,35.1,953.4,41.6,normal,none,0,none
AWS-006,Hyderabad Begumpet,2026-08-01 17:30:00,35.56,953.46,43.2,normal,none,0,none
AWS-006,Hyderabad Begumpet,2026-08-01 17:40:00,35.11,953.3,40.9,normal,none,0,none
AWS-006,Hyderabad Begumpet,2026-08-01 17:50:00,35.23,953.26,43.7,normal,none,0,none
AWS-006,Hyderabad Begumpet,2026-08-01 18:00:00,34.58,953.26,42.8,normal,none,0,none
AWS-006,Hyderabad Begumpet,2026-08-01 18:10:00,33.99,953.04,44.8,normal,none,0,none
AWS-006,Hyderabad Begumpet,2026-08-01 18:20:00,34.15,953.13,46.4,normal,none,0,none
AWS-006,Hyderabad Begumpet,2026-08-01 18:30:00,32.95,953.0,41.6,normal,none,0,none
AWS-006,Hyderabad Begumpet,2026-08-01 18:40:00,33.53,952.84,46.2,normal,none,0,none
AWS-006,Hyderabad Begumpet,2026-08-01 18:50:00,33.33,952.49,45.8,normal,none,0,none
AWS-006,Hyderabad Begumpet,2026-08-01 19:00:00,33.08,953.07,45.9,normal,none,0,none
AWS-006,Hyderabad Begumpet,2026-08-01 19:10:00,32.29,952.53,47.7,normal,none,0,none
AWS-006,Hyderabad Begumpet,2026-08-01 19:20:00,32.22,952.56,46.4,normal,none,0,none
AWS-006,Hyderabad Begumpet,2026-08-01 19:30:00,32.22,952.4,48.6,normal,none,0,none
AWS-006,Hyderabad Begumpet,2026-08-01 19:40:00,31.93,952.19,47.9,normal,none,0,none
AWS-006,Hyderabad Begumpet,2026-08-01 19:50:00,30.5,952.49,48.8,normal,none,0,none
AWS-006,Hyderabad Begumpet,2026-08-01 20:00:00,31.08,952.23,50.7,normal,none,0,none
AWS-006,Hyderabad Begumpet,2026-08-01 20:10:00,30.23,952.5,49.7,normal,none,0,none
AWS-006,Hyderabad Begumpet,2026-08-01 20:20:00,29.92,952.73,50.8,normal,none,0,none
AWS-006,Hyderabad Begumpet,2026-08-01 20:30:00,29.34,952.54,52.4,normal,none,0,none
AWS-006,Hyderabad Begumpet,2026-08-01 20:40:00,29.15,952.31,51.9,normal,none,0,none
AWS-006,Hyderabad Begumpet,2026-08-01 20:50:00,29.24,952.45,53.5,normal,none,0,none
AWS-006,Hyderabad Begumpet,2026-08-01 21:00:00,28.48,952.0,54.8,normal,none,0,none
AWS-006,Hyderabad Begumpet,2026-08-01 21:10:00,28.09,952.18,56.6,normal,none,0,none
AWS-006,Hyderabad Begumpet,2026-08-01 21:20:00,27.15,952.14,54.2,normal,none,0,none
AWS-006,Hyderabad Begumpet,2026-08-01 21:30:00,27.36,951.76,58.5,normal,none,0,none
AWS-006,Hyderabad Begumpet,2026-08-01 21:40:00,27.03,952.27,58.1,normal,none,0,none
AWS-006,Hyderabad Begumpet,2026-08-01 21:50:00,26.85,952.35,57.3,normal,none,0,none
AWS-006,Hyderabad Begumpet,2026-08-01 22:00:00,26.69,952.65,58.3,normal,none,0,none
AWS-006,Hyderabad Begumpet,2026-08-01 22:10:00,25.95,952.18,58.6,normal,none,0,none
AWS-006,Hyderabad Begumpet,2026-08-01 22:20:00,25.18,952.37,58.9,normal,none,0,none
AWS-006,Hyderabad Begumpet,2026-08-01 22:30:00,25.38,952.24,60.3,normal,none,0,none
AWS-006,Hyderabad Begumpet,2026-08-01 22:40:00,25.62,952.21,60.0,normal,none,0,none
AWS-006,Hyderabad Begumpet,2026-08-01 22:50:00,24.75,952.08,59.0,normal,none,0,none
AWS-006,Hyderabad Begumpet,2026-08-01 23:00:00,24.48,952.53,62.1,normal,none,0,none
AWS-006,Hyderabad Begumpet,2026-08-01 23:10:00,24.08,952.4,60.3,normal,none,0,none
AWS-006,Hyderabad Begumpet,2026-08-01 23:20:00,23.99,952.04,61.5,normal,none,0,none
AWS-006,Hyderabad Begumpet,2026-08-01 23:30:00,23.57,952.62,63.1,normal,none,0,none
AWS-006,Hyderabad Begumpet,2026-08-01 23:40:00,23.77,952.38,63.7,normal,none,0,none
AWS-006,Hyderabad Begumpet,2026-08-01 23:50:00,22.76,952.5,65.5,normal,none,0,none
AWS-006,Hyderabad Begumpet,2026-08-02 00:00:00,22.18,952.28,62.3,normal,none,0,none
AWS-006,Hyderabad Begumpet,2026-08-02 00:10:00,22.24,952.3,64.0,normal,none,0,none
AWS-006,Hyderabad Begumpet,2026-08-02 00:20:00,22.62,952.68,65.5,normal,none,0,none
AWS-006,Hyderabad Begumpet,2026-08-02 00:30:00,22.27,952.33,64.9,normal,none,0,none
AWS-006,Hyderabad Begumpet,2026-08-02 00:40:00,22.92,952.98,67.6,normal,none,0,none
AWS-006,Hyderabad Begumpet,2026-08-02 00:50:00,21.66,952.66,63.6,normal,none,0,none
AWS-006,Hyderabad Begumpet,2026-08-02 01:00:00,21.52,952.51,66.1,normal,none,0,none
AWS-006,Hyderabad Begumpet,2026-08-02 01:10:00,21.47,952.72,66.3,normal,none,0,none
AWS-006,Hyderabad Begumpet,2026-08-02 01:20:00,21.62,953.17,67.7,normal,none,0,none
AWS-006,Hyderabad Begumpet,2026-08-02 01:30:00,21.45,952.97,68.0,normal,none,0,none
AWS-006,Hyderabad Begumpet,2026-08-02 01:40:00,21.52,953.1,67.7,normal,none,0,none
AWS-006,Hyderabad Begumpet,2026-08-02 01:50:00,21.63,953.29,67.4,normal,none,0,none
AWS-006,Hyderabad Begumpet,2026-08-02 02:00:00,21.25,952.56,69.6,normal,none,0,none
AWS-006,Hyderabad Begumpet,2026-08-02 02:10:00,21.2,952.84,68.3,normal,none,0,none
AWS-006,Hyderabad Begumpet,2026-08-02 02:20:00,21.2,952.94,67.9,normal,none,0,none
AWS-006,Hyderabad Begumpet,2026-08-02 02:30:00,20.8,953.11,68.8,normal,none,0,none
AWS-006,Hyderabad Begumpet,2026-08-02 02:40:00,21.15,953.06,68.8,normal,none,0,none
AWS-006,Hyderabad Begumpet,2026-08-02 02:50:00,21.36,953.22,68.2,normal,none,0,none
AWS-006,Hyderabad Begumpet,2026-08-02 03:00:00,20.6,953.63,65.8,normal,none,0,none
AWS-006,Hyderabad Begumpet,2026-08-02 03:10:00,21.63,953.6,65.1,normal,none,0,none
AWS-006,Hyderabad Begumpet,2026-08-02 03:20:00,21.24,953.01,66.5,normal,none,0,none
AWS-006,Hyderabad Begumpet,2026-08-02 03:30:00,20.98,953.47,66.2,normal,none,0,none
AWS-006,Hyderabad Begumpet,2026-08-02 03:40:00,21.58,953.49,64.2,normal,none,0,none
AWS-006,Hyderabad Begumpet,2026-08-02 03:50:00,21.55,953.49,66.3,normal,none,0,none
AWS-006,Hyderabad Begumpet,2026-08-02 04:00:00,22.38,953.99,64.1,normal,none,0,none
AWS-006,Hyderabad Begumpet,2026-08-02 04:10:00,21.77,953.36,66.9,normal,none,0,none
AWS-006,Hyderabad Begumpet,2026-08-02 04:20:00,21.72,953.7,64.4,normal,none,0,none
AWS-006,Hyderabad Begumpet,2026-08-02 04:30:00,22.97,954.13,66.4,normal,none,0,none
AWS-006,Hyderabad Begumpet,2026-08-02 04:40:00,22.94,953.8,64.0,normal,none,0,none
AWS-006,Hyderabad Begumpet,2026-08-02 04:50:00,22.63,953.87,64.4,normal,none,0,none
AWS-006,Hyderabad Begumpet,2026-08-02 05:00:00,23.1,953.95,63.6,normal,none,0,none
AWS-006,Hyderabad Begumpet,2026-08-02 05:10:00,23.72,954.12,64.8,normal,none,0,none
AWS-006,Hyderabad Begumpet,2026-08-02 05:20:00,23.02,953.86,63.6,normal,none,0,none
AWS-006,Hyderabad Begumpet,2026-08-02 05:30:00,23.55,953.94,61.1,normal,none,0,none
AWS-006,Hyderabad Begumpet,2026-08-02 05:40:00,23.68,953.89,62.9,normal,none,0,none
AWS-006,Hyderabad Begumpet,2026-08-02 05:50:00,23.89,954.26,61.1,normal,none,0,none
AWS-006,Hyderabad Begumpet,2026-08-02 06:00:00,24.1,954.42,60.2,normal,none,0,none
AWS-006,Hyderabad Begumpet,2026-08-02 06:10:00,24.39,954.41,59.8,normal,none,0,none
AWS-006,Hyderabad Begumpet,2026-08-02 06:20:00,25.06,954.34,59.3,normal,none,0,none
AWS-006,Hyderabad Begumpet,2026-08-02 06:30:00,26.21,954.46,61.2,normal,none,0,none
AWS-006,Hyderabad Begumpet,2026-08-02 06:40:00,26.24,954.33,59.8,normal,none,0,none
AWS-006,Hyderabad Begumpet,2026-08-02 06:50:00,26.27,954.34,59.8,normal,none,0,none
AWS-006,Hyderabad Begumpet,2026-08-02 07:00:00,26.81,954.03,58.8,normal,none,0,none
AWS-006,Hyderabad Begumpet,2026-08-02 07:10:00,26.47,954.48,60.4,normal,none,0,none
AWS-006,Hyderabad Begumpet,2026-08-02 07:20:00,27.41,954.34,56.6,normal,none,0,none
AWS-006,Hyderabad Begumpet,2026-08-02 07:30:00,27.64,954.55,56.2,normal,none,0,none
AWS-006,Hyderabad Begumpet,2026-08-02 07:40:00,27.86,954.01,54.7,normal,none,0,none
AWS-006,Hyderabad Begumpet,2026-08-02 07:50:00,27.83,954.68,54.2,normal,none,0,none
AWS-006,Hyderabad Begumpet,2026-08-02 08:00:00,28.46,954.51,54.8,normal,none,0,none
AWS-006,Hyderabad Begumpet,2026-08-02 08:10:00,28.71,954.61,52.8,normal,none,0,none
AWS-006,Hyderabad Begumpet,2026-08-02 08:20:00,29.65,954.55,54.7,normal,none,0,none
AWS-006,Hyderabad Begumpet,2026-08-02 08:30:00,29.64,954.45,49.5,normal,none,0,none
AWS-006,Hyderabad Begumpet,2026-08-02 08:40:00,30.69,954.4,50.1,normal,none,0,none
AWS-006,Hyderabad Begumpet,2026-08-02 08:50:00,30.4,953.94,50.1,normal,none,0,none
AWS-006,Hyderabad Begumpet,2026-08-02 09:00:00,31.14,954.23,50.0,normal,none,0,none
AWS-006,Hyderabad Begumpet,2026-08-02 09:10:00,30.46,953.79,51.1,normal,none,0,none
AWS-006,Hyderabad Begumpet,2026-08-02 09:20:00,32.17,954.02,47.9,normal,none,0,none
AWS-006,Hyderabad Begumpet,2026-08-02 09:30:00,32.24,954.2,48.9,normal,none,0,none
AWS-006,Hyderabad Begumpet,2026-08-02 09:40:00,32.69,953.91,46.2,normal,none,0,none
AWS-006,Hyderabad Begumpet,2026-08-02 09:50:00,32.54,954.15,47.9,normal,none,0,none
AWS-006,Hyderabad Begumpet,2026-08-02 10:00:00,33.15,954.18,44.6,normal,none,0,none
AWS-006,Hyderabad Begumpet,2026-08-02 10:10:00,33.93,954.24,45.2,normal,none,0,none
AWS-006,Hyderabad Begumpet,2026-08-02 10:20:00,33.99,953.81,43.0,normal,none,0,none
AWS-006,Hyderabad Begumpet,2026-08-02 10:30:00,33.54,953.93,43.5,normal,none,0,none
AWS-006,Hyderabad Begumpet,2026-08-02 10:40:00,34.11,954.21,42.8,normal,none,0,none
AWS-006,Hyderabad Begumpet,2026-08-02 10:50:00,33.97,953.22,41.4,normal,none,0,none
AWS-006,Hyderabad Begumpet,2026-08-02 11:00:00,34.74,953.57,41.2,normal,none,0,none
AWS-006,Hyderabad Begumpet,2026-08-02 11:10:00,35.21,953.84,41.4,normal,none,0,none
AWS-006,Hyderabad Begumpet,2026-08-02 11:20:00,35.79,953.73,41.2,normal,none,0,none
AWS-006,Hyderabad Begumpet,2026-08-02 11:30:00,35.3,953.73,42.1,normal,none,0,none
AWS-006,Hyderabad Begumpet,2026-08-02 11:40:00,36.09,953.22,40.8,normal,none,0,none
AWS-006,Hyderabad Begumpet,2026-08-02 11:50:00,36.16,953.71,36.7,normal,none,0,none
AWS-006,Hyderabad Begumpet,2026-08-02 12:00:00,36.8,953.11,40.7,normal,none,0,none
AWS-006,Hyderabad Begumpet,2026-08-02 12:10:00,36.15,953.07,40.7,normal,none,0,none
AWS-006,Hyderabad Begumpet,2026-08-02 12:20:00,37.05,952.88,40.7,normal,none,0,none
AWS-006,Hyderabad Begumpet,2026-08-02 12:30:00,37.24,953.43,41.0,normal,none,0,none
AWS-006,Hyderabad Begumpet,2026-08-02 12:40:00,37.42,953.1,39.4,normal,none,0,none
AWS-006,Hyderabad Begumpet,2026-08-02 12:50:00,38.16,953.17,39.8,normal,none,0,none
AWS-006,Hyderabad Begumpet,2026-08-02 13:00:00,36.86,952.82,37.2,normal,none,0,none
AWS-006,Hyderabad Begumpet,2026-08-02 13:10:00,37.93,952.54,36.7,normal,none,0,none
AWS-006,Hyderabad Begumpet,2026-08-02 13:20:00,37.88,953.0,38.4,normal,none,0,none
AWS-006,Hyderabad Begumpet,2026-08-02 13:30:00,37.71,952.33,38.2,normal,none,0,none
AWS-006,Hyderabad Begumpet,2026-08-02 13:40:00,37.51,952.23,37.7,normal,none,0,none
AWS-006,Hyderabad Begumpet,2026-08-02 13:50:00,38.15,952.43,37.2,normal,none,0,none
AWS-006,Hyderabad Begumpet,2026-08-02 14:00:00,38.25,952.11,37.4,normal,none,0,none
AWS-006,Hyderabad Begumpet,2026-08-02 14:10:00,37.36,952.51,36.0,normal,none,0,none
AWS-006,Hyderabad Begumpet,2026-08-02 14:20:00,38.24,952.18,40.1,normal,none,0,none
AWS-006,Hyderabad Begumpet,2026-08-02 14:30:00,38.42,951.73,38.5,normal,none,0,none
AWS-006,Hyderabad Begumpet,2026-08-02 14:40:00,38.88,951.73,34.2,normal,none,0,none
AWS-006,Hyderabad Begumpet,2026-08-02 14:50:00,38.49,952.0,36.1,normal,none,0,none
AWS-006,Hyderabad Begumpet,2026-08-02 15:00:00,37.81,952.02,39.2,normal,none,0,none
AWS-006,Hyderabad Begumpet,2026-08-02 15:10:00,37.56,951.06,38.2,normal,none,0,none
AWS-006,Hyderabad Begumpet,2026-08-02 15:20:00,38.09,951.02,37.7,normal,none,0,none
AWS-006,Hyderabad Begumpet,2026-08-02 15:30:00,37.55,951.19,35.9,normal,none,0,none
AWS-006,Hyderabad Begumpet,2026-08-02 15:40:00,37.44,950.97,38.2,normal,none,0,none
AWS-006,Hyderabad Begumpet,2026-08-02 15:50:00,37.71,951.02,37.7,normal,none,0,none
AWS-006,Hyderabad Begumpet,2026-08-02 16:00:00,37.8,950.9,37.7,normal,none,0,none
AWS-006,Hyderabad Begumpet,2026-08-02 16:10:00,36.89,951.17,39.7,normal,none,0,none
AWS-006,Hyderabad Begumpet,2026-08-02 16:20:00,37.37,950.93,37.5,normal,none,0,none
AWS-006,Hyderabad Begumpet,2026-08-02 16:30:00,36.77,950.74,39.7,normal,none,0,none
AWS-006,Hyderabad Begumpet,2026-08-02 16:40:00,36.43,950.51,40.1,normal,none,0,none
AWS-006,Hyderabad Begumpet,2026-08-02 16:50:00,36.67,950.68,37.8,normal,none,0,none
AWS-006,Hyderabad Begumpet,2026-08-02 17:00:00,36.03,950.39,37.9,normal,none,0,none
AWS-006,Hyderabad Begumpet,2026-08-02 17:10:00,35.61,950.36,40.4,normal,none,0,none
AWS-006,Hyderabad Begumpet,2026-08-02 17:20:00,36.44,949.7,40.5,normal,none,0,none
AWS-006,Hyderabad Begumpet,2026-08-02 17:30:00,35.36,949.88,39.6,normal,none,0,none
AWS-006,Hyderabad Begumpet,2026-08-02 17:40:00,35.65,950.03,41.0,normal,none,0,none
AWS-006,Hyderabad Begumpet,2026-08-02 17:50:00,35.25,950.17,42.7,normal,none,0,none
AWS-006,Hyderabad Begumpet,2026-08-02 18:00:00,33.94,949.67,43.4,normal,none,0,none
AWS-006,Hyderabad Begumpet,2026-08-02 18:10:00,34.17,949.85,43.1,normal,none,0,none
AWS-006,Hyderabad Begumpet,2026-08-02 18:20:00,33.38,949.66,43.1,normal,none,0,none
AWS-006,Hyderabad Begumpet,2026-08-02 18:30:00,34.0,949.82,44.1,normal,none,0,none
AWS-006,Hyderabad Begumpet,2026-08-02 18:40:00,32.94,949.95,43.8,normal,none,0,none
AWS-006,Hyderabad Begumpet,2026-08-02 18:50:00,32.61,949.28,46.7,normal,none,0,none
AWS-006,Hyderabad Begumpet,2026-08-02 19:00:00,32.22,949.49,47.9,normal,none,0,none
AWS-006,Hyderabad Begumpet,2026-08-02 19:10:00,56.38718202040516,949.27,47.3,spike,temperature_spike,1,temperature
AWS-006,Hyderabad Begumpet,2026-08-02 19:20:00,31.85,948.83,48.0,normal,none,0,none
AWS-006,Hyderabad Begumpet,2026-08-02 19:30:00,30.95,949.13,49.4,normal,none,0,none
AWS-006,Hyderabad Begumpet,2026-08-02 19:40:00,31.19,948.77,49.8,normal,none,0,none
AWS-006,Hyderabad Begumpet,2026-08-02 19:50:00,30.65,949.23,51.0,normal,none,0,none
AWS-006,Hyderabad Begumpet,2026-08-02 20:00:00,30.26,948.84,50.7,normal,none,0,none
AWS-006,Hyderabad Begumpet,2026-08-02 20:10:00,30.49,949.46,50.5,normal,none,0,none
AWS-006,Hyderabad Begumpet,2026-08-02 20:20:00,29.49,948.97,55.0,normal,none,0,none
AWS-006,Hyderabad Begumpet,2026-08-02 20:30:00,29.19,949.11,53.5,normal,none,0,none
AWS-006,Hyderabad Begumpet,2026-08-02 20:40:00,29.15,948.97,55.2,normal,none,0,none
AWS-006,Hyderabad Begumpet,2026-08-02 20:50:00,28.8,948.86,53.9,normal,none,0,none
AWS-006,Hyderabad Begumpet,2026-08-02 21:00:00,28.29,948.78,55.4,normal,none,0,none
AWS-006,Hyderabad Begumpet,2026-08-02 21:10:00,27.35,948.72,54.3,normal,none,0,none
AWS-006,Hyderabad Begumpet,2026-08-02 21:20:00,27.63,948.89,55.2,normal,none,0,none
AWS-006,Hyderabad Begumpet,2026-08-02 21:30:00,26.75,948.72,54.4,normal,none,0,none
AWS-006,Hyderabad Begumpet,2026-08-02 21:40:00,27.17,949.22,59.5,normal,none,0,none
AWS-006,Hyderabad Begumpet,2026-08-02 21:50:00,25.91,948.43,59.4,normal,none,0,none
AWS-006,Hyderabad Begumpet,2026-08-02 22:00:00,26.42,949.23,56.8,normal,none,0,none
AWS-006,Hyderabad Begumpet,2026-08-02 22:10:00,25.82,948.64,60.4,normal,none,0,none
AWS-006,Hyderabad Begumpet,2026-08-02 22:20:00,25.25,948.59,58.8,normal,none,0,none
AWS-006,Hyderabad Begumpet,2026-08-02 22:30:00,24.98,948.53,60.6,normal,none,0,none
AWS-006,Hyderabad Begumpet,2026-08-02 22:40:00,24.77,948.51,60.5,normal,none,0,none
AWS-006,Hyderabad Begumpet,2026-08-02 22:50:00,24.08,948.52,63.1,normal,none,0,none
AWS-006,Hyderabad Begumpet,2026-08-02 23:00:00,23.72,949.0,61.7,normal,none,0,none
AWS-006,Hyderabad Begumpet,2026-08-02 23:10:00,23.48,948.82,62.5,normal,none,0,none
AWS-006,Hyderabad Begumpet,2026-08-02 23:20:00,23.18,948.38,62.0,normal,none,0,none
AWS-006,Hyderabad Begumpet,2026-08-02 23:30:00,22.87,949.08,63.0,normal,none,0,none
AWS-006,Hyderabad Begumpet,2026-08-02 23:40:00,22.5,949.07,66.0,normal,none,0,none
AWS-006,Hyderabad Begumpet,2026-08-02 23:50:00,22.54,949.18,63.8,normal,none,0,none
AWS-006,Hyderabad Begumpet,2026-08-03 00:00:00,21.78,949.01,66.6,normal,none,0,none
AWS-006,Hyderabad Begumpet,2026-08-03 00:10:00,22.36,948.89,65.2,normal,none,0,none
AWS-006,Hyderabad Begumpet,2026-08-03 00:20:00,22.08,949.15,66.6,normal,none,0,none
AWS-006,Hyderabad Begumpet,2026-08-03 00:30:00,21.88,949.4,67.0,normal,none,0,none
AWS-006,Hyderabad Begumpet,2026-08-03 00:40:00,21.07,949.03,65.8,normal,none,0,none
AWS-006,Hyderabad Begumpet,2026-08-03 00:50:00,21.23,949.13,66.5,normal,none,0,none
AWS-006,Hyderabad Begumpet,2026-08-03 01:00:00,20.67,949.15,68.4,normal,none,0,none
AWS-006,Hyderabad Begumpet,2026-08-03 01:10:00,20.54,948.74,67.4,normal,none,0,none
AWS-006,Hyderabad Begumpet,2026-08-03 01:20:00,21.26,949.6,67.0,normal,none,0,none
AWS-006,Hyderabad Begumpet,2026-08-03 01:30:00,21.16,949.1,68.1,normal,none,0,none
AWS-006,Hyderabad Begumpet,2026-08-03 01:40:00,20.66,949.43,69.2,normal,none,0,none
AWS-006,Hyderabad Begumpet,2026-08-03 01:50:00,20.94,949.57,69.6,normal,none,0,none
AWS-006,Hyderabad Begumpet,2026-08-03 02:00:00,20.59,949.46,69.2,normal,none,0,none
AWS-006,Hyderabad Begumpet,2026-08-03 02:10:00,20.21,949.44,68.8,normal,none,0,none
AWS-006,Hyderabad Begumpet,2026-08-03 02:20:00,20.08,949.61,70.4,normal,none,0,none
AWS-006,Hyderabad Begumpet,2026-08-03 02:30:00,20.28,949.87,70.8,normal,none,0,none
AWS-006,Hyderabad Begumpet,2026-08-03 02:40:00,19.92,949.54,67.6,normal,none,0,none
AWS-006,Hyderabad Begumpet,2026-08-03 02:50:00,20.02,949.81,69.5,normal,none,0,none
AWS-006,Hyderabad Begumpet,2026-08-03 03:00:00,20.36,950.06,68.9,normal,none,0,none
AWS-006,Hyderabad Begumpet,2026-08-03 03:10:00,20.01,949.79,68.7,normal,none,0,none
AWS-006,Hyderabad Begumpet,2026-08-03 03:20:00,19.87,949.94,67.9,normal,none,0,none
AWS-006,Hyderabad Begumpet,2026-08-03 03:30:00,20.24,950.05,67.2,normal,none,0,none
AWS-006,Hyderabad Begumpet,2026-08-03 03:40:00,20.44,950.46,68.3,normal,none,0,none
AWS-006,Hyderabad Begumpet,2026-08-03 03:50:00,20.27,950.12,69.7,normal,none,0,none
AWS-006,Hyderabad Begumpet,2026-08-03 04:00:00,20.77,950.09,70.2,normal,none,0,none
AWS-006,Hyderabad Begumpet,2026-08-03 04:10:00,20.65,950.6,69.3,normal,none,0,none
AWS-006,Hyderabad Begumpet,2026-08-03 04:20:00,20.9,950.56,67.2,normal,none,0,none
AWS-006,Hyderabad Begumpet,2026-08-03 04:30:00,21.01,950.78,67.5,normal,none,0,none
AWS-006,Hyderabad Begumpet,2026-08-03 04:40:00,21.74,950.38,67.0,normal,none,0,none
AWS-006,Hyderabad Begumpet,2026-08-03 04:50:00,21.87,950.59,64.6,normal,none,0,none
AWS-006,Hyderabad Begumpet,2026-08-03 05:00:00,21.74,950.42,65.9,normal,none,0,none
AWS-006,Hyderabad Begumpet,2026-08-03 05:10:00,21.74,950.68,65.6,normal,none,0,none
AWS-006,Hyderabad Begumpet,2026-08-03 05:20:00,22.09,950.64,66.1,normal,none,0,none
AWS-006,Hyderabad Begumpet,2026-08-03 05:30:00,22.55,950.8,65.9,normal,none,0,none
AWS-006,Hyderabad Begumpet,2026-08-03 05:40:00,22.97,951.09,64.1,normal,none,0,none
AWS-006,Hyderabad Begumpet,2026-08-03 05:50:00,22.98,950.18,65.6,normal,none,0,none
AWS-006,Hyderabad Begumpet,2026-08-03 06:00:00,23.09,950.7,63.1,normal,none,0,none
AWS-006,Hyderabad Begumpet,2026-08-03 06:10:00,23.79,951.01,63.6,normal,none,0,none
AWS-006,Hyderabad Begumpet,2026-08-03 06:20:00,23.28,950.76,62.5,normal,none,0,none
AWS-006,Hyderabad Begumpet,2026-08-03 06:30:00,24.61,951.05,61.9,normal,none,0,none
AWS-006,Hyderabad Begumpet,2026-08-03 06:40:00,25.32,950.99,61.1,normal,none,0,none
AWS-006,Hyderabad Begumpet,2026-08-03 06:50:00,24.7,951.42,60.7,normal,none,0,none
AWS-006,Hyderabad Begumpet,2026-08-03 07:00:00,24.71,950.73,59.4,normal,none,0,none
AWS-006,Hyderabad Begumpet,2026-08-03 07:10:00,25.36,951.23,60.6,normal,none,0,none
AWS-006,Hyderabad Begumpet,2026-08-03 07:20:00,26.0,950.97,59.4,normal,none,0,none
AWS-006,Hyderabad Begumpet,2026-08-03 07:30:00,26.05,951.18,60.1,normal,none,0,none
AWS-006,Hyderabad Begumpet,2026-08-03 07:40:00,26.44,951.2,56.4,normal,none,0,none
AWS-006,Hyderabad Begumpet,2026-08-03 07:50:00,26.19,951.01,57.2,normal,none,0,none
AWS-006,Hyderabad Begumpet,2026-08-03 08:00:00,26.48,951.08,59.2,normal,none,0,none
AWS-006,Hyderabad Begumpet,2026-08-03 08:10:00,27.59,950.83,56.1,normal,none,0,none
AWS-006,Hyderabad Begumpet,2026-08-03 08:20:00,27.39,951.47,53.0,normal,none,0,none
AWS-006,Hyderabad Begumpet,2026-08-03 08:30:00,28.07,951.21,55.2,normal,none,0,none
AWS-006,Hyderabad Begumpet,2026-08-03 08:40:00,28.17,951.11,53.3,normal,none,0,none
AWS-006,Hyderabad Begumpet,2026-08-03 08:50:00,28.74,950.92,51.5,normal,none,0,none
AWS-006,Hyderabad Begumpet,2026-08-03 09:00:00,29.45,951.38,52.7,normal,none,0,none
AWS-006,Hyderabad Begumpet,2026-08-03 09:10:00,29.04,951.13,50.7,normal,none,0,none
AWS-006,Hyderabad Begumpet,2026-08-03 09:20:00,29.24,951.33,54.4,normal,none,0,none
AWS-006,Hyderabad Begumpet,2026-08-03 09:30:00,30.55,951.07,51.1,normal,none,0,none
AWS-006,Hyderabad Begumpet,2026-08-03 09:40:00,31.01,951.32,49.4,normal,none,0,none
AWS-006,Hyderabad Begumpet,2026-08-03 09:50:00,30.57,950.71,49.2,normal,none,0,none
AWS-006,Hyderabad Begumpet,2026-08-03 10:00:00,31.29,950.69,47.0,normal,none,0,none
AWS-006,Hyderabad Begumpet,2026-08-03 10:10:00,30.92,950.67,46.9,normal,none,0,none
AWS-006,Hyderabad Begumpet,2026-08-03 10:20:00,31.94,950.59,47.4,normal,none,0,none
AWS-006,Hyderabad Begumpet,2026-08-03 10:30:00,32.05,950.91,50.7,normal,none,0,none
AWS-006,Hyderabad Begumpet,2026-08-03 10:40:00,32.46,950.71,47.1,normal,none,0,none
AWS-006,Hyderabad Begumpet,2026-08-03 10:50:00,32.68,949.94,46.8,normal,none,0,none
AWS-006,Hyderabad Begumpet,2026-08-03 11:00:00,32.58,950.7,46.5,normal,none,0,none
AWS-006,Hyderabad Begumpet,2026-08-03 11:10:00,32.52,950.53,45.2,normal,none,0,none
AWS-006,Hyderabad Begumpet,2026-08-03 11:20:00,34.41,950.41,44.9,normal,none,0,none
AWS-006,Hyderabad Begumpet,2026-08-03 11:30:00,33.39,950.37,43.4,normal,none,0,none
AWS-006,Hyderabad Begumpet,2026-08-03 11:40:00,34.39,950.17,44.1,normal,none,0,none
AWS-006,Hyderabad Begumpet,2026-08-03 11:50:00,34.27,950.4,43.5,normal,none,0,none
AWS-006,Hyderabad Begumpet,2026-08-03 12:00:00,35.3,949.91,43.7,normal,none,0,none
AWS-006,Hyderabad Begumpet,2026-08-03 12:10:00,34.57,949.84,42.8,normal,none,0,none
AWS-006,Hyderabad Begumpet,2026-08-03 12:20:00,34.87,950.23,42.4,normal,none,0,none
AWS-006,Hyderabad Begumpet,2026-08-03 12:30:00,34.65,950.63,41.6,normal,none,0,none
AWS-006,Hyderabad Begumpet,2026-08-03 12:40:00,35.19,949.88,40.2,normal,none,0,none
AWS-006,Hyderabad Begumpet,2026-08-03 12:50:00,35.06,950.06,41.6,normal,none,0,none
AWS-006,Hyderabad Begumpet,2026-08-03 13:00:00,35.52,949.87,40.9,normal,none,0,none
AWS-006,Hyderabad Begumpet,2026-08-03 13:10:00,35.75,949.71,41.4,normal,none,0,none
AWS-006,Hyderabad Begumpet,2026-08-03 13:20:00,35.25,949.83,40.6,normal,none,0,none
AWS-006,Hyderabad Begumpet,2026-08-03 13:30:00,35.99,949.73,39.4,normal,none,0,none
AWS-006,Hyderabad Begumpet,2026-08-03 13:40:00,36.26,949.31,39.9,normal,none,0,none
AWS-006,Hyderabad Begumpet,2026-08-03 13:50:00,36.0,949.09,40.3,normal,none,0,none
AWS-006,Hyderabad Begumpet,2026-08-03 14:00:00,35.82,949.08,40.8,normal,none,0,none
AWS-006,Hyderabad Begumpet,2026-08-03 14:10:00,36.27,948.98,41.2,normal,none,0,none
AWS-006,Hyderabad Begumpet,2026-08-03 14:20:00,35.82,949.52,39.6,normal,none,0,none
AWS-006,Hyderabad Begumpet,2026-08-03 14:30:00,36.07,948.61,41.4,normal,none,0,none
AWS-006,Hyderabad Begumpet,2026-08-03 14:40:00,35.52,948.92,40.7,normal,none,0,none
AWS-006,Hyderabad Begumpet,2026-08-03 14:50:00,36.15,948.7,41.4,normal,none,0,none
AWS-006,Hyderabad Begumpet,2026-08-03 15:00:00,35.77,948.42,40.7,normal,none,0,none
AWS-006,Hyderabad Begumpet,2026-08-03 15:10:00,36.11,948.77,38.6,normal,none,0,none
AWS-006,Hyderabad Begumpet,2026-08-03 15:20:00,35.21,948.38,39.8,normal,none,0,none
AWS-006,Hyderabad Begumpet,2026-08-03 15:30:00,35.5,948.71,40.8,normal,none,0,none
AWS-006,Hyderabad Begumpet,2026-08-03 15:40:00,35.52,948.59,40.3,normal,none,0,none
AWS-006,Hyderabad Begumpet,2026-08-03 15:50:00,35.0,947.68,42.7,normal,none,0,none
AWS-006,Hyderabad Begumpet,2026-08-03 16:00:00,34.96,948.01,42.3,normal,none,0,none
AWS-006,Hyderabad Begumpet,2026-08-03 16:10:00,34.98,948.57,40.7,normal,none,0,none
AWS-006,Hyderabad Begumpet,2026-08-03 16:20:00,34.38,948.16,42.8,normal,none,0,none
AWS-006,Hyderabad Begumpet,2026-08-03 16:30:00,34.31,947.67,43.3,normal,none,0,none
AWS-006,Hyderabad Begumpet,2026-08-03 16:40:00,34.77,947.62,41.5,normal,none,0,none
AWS-006,Hyderabad Begumpet,2026-08-03 16:50:00,34.54,947.91,41.4,normal,none,0,none
AWS-006,Hyderabad Begumpet,2026-08-03 17:00:00,33.76,947.49,42.8,normal,none,0,none
AWS-006,Hyderabad Begumpet,2026-08-03 17:10:00,33.57,947.82,44.7,normal,none,0,none
AWS-006,Hyderabad Begumpet,2026-08-03 17:20:00,32.85,947.54,44.6,normal,none,0,none
AWS-006,Hyderabad Begumpet,2026-08-03 17:30:00,33.5,947.59,42.9,normal,none,0,none
AWS-006,Hyderabad Begumpet,2026-08-03 17:40:00,33.16,947.78,45.8,normal,none,0,none
AWS-006,Hyderabad Begumpet,2026-08-03 17:50:00,33.65,947.65,48.0,normal,none,0,none
AWS-006,Hyderabad Begumpet,2026-08-03 18:00:00,32.67,947.09,45.8,normal,none,0,none
AWS-006,Hyderabad Begumpet,2026-08-03 18:10:00,32.54,947.07,48.5,normal,none,0,none
AWS-006,Hyderabad Begumpet,2026-08-03 18:20:00,31.48,947.49,47.0,normal,none,0,none
AWS-006,Hyderabad Begumpet,2026-08-03 18:30:00,31.42,947.08,49.2,normal,none,0,none
AWS-006,Hyderabad Begumpet,2026-08-03 18:40:00,30.61,947.0,48.6,normal,none,0,none
AWS-006,Hyderabad Begumpet,2026-08-03 18:50:00,30.64,947.14,50.0,normal,none,0,none
AWS-006,Hyderabad Begumpet,2026-08-03 19:00:00,30.63,946.98,49.8,normal,none,0,none
AWS-006,Hyderabad Begumpet,2026-08-03 19:10:00,29.82,946.68,51.6,normal,none,0,none
AWS-006,Hyderabad Begumpet,2026-08-03 19:20:00,29.67,946.84,51.0,normal,none,0,none
AWS-006,Hyderabad Begumpet,2026-08-03 19:30:00,29.42,946.89,50.7,normal,none,0,none
AWS-006,Hyderabad Begumpet,2026-08-03 19:40:00,28.91,946.66,52.5,normal,none,0,none
AWS-006,Hyderabad Begumpet,2026-08-03 19:50:00,28.43,946.96,55.3,normal,none,0,none
AWS-006,Hyderabad Begumpet,2026-08-03 20:00:00,28.2,946.38,54.4,normal,none,0,none
AWS-006,Hyderabad Begumpet,2026-08-03 20:10:00,27.48,946.58,54.2,normal,none,0,none
AWS-006,Hyderabad Begumpet,2026-08-03 20:20:00,27.28,946.57,52.4,normal,none,0,none
AWS-006,Hyderabad Begumpet,2026-08-03 20:30:00,26.84,946.69,54.3,normal,none,0,none
AWS-006,Hyderabad Begumpet,2026-08-03 20:40:00,26.36,946.58,58.0,normal,none,0,none
AWS-006,Hyderabad Begumpet,2026-08-03 20:50:00,25.99,946.53,59.0,normal,none,0,none
AWS-006,Hyderabad Begumpet,2026-08-03 21:00:00,25.67,946.26,57.7,normal,none,0,none
AWS-006,Hyderabad Begumpet,2026-08-03 21:10:00,25.84,946.74,58.2,normal,none,0,none
AWS-006,Hyderabad Begumpet,2026-08-03 21:20:00,25.17,946.87,61.5,normal,none,0,none
AWS-006,Hyderabad Begumpet,2026-08-03 21:30:00,24.63,946.24,61.2,normal,none,0,none
AWS-006,Hyderabad Begumpet,2026-08-03 21:40:00,24.47,946.3,61.4,normal,none,0,none
AWS-006,Hyderabad Begumpet,2026-08-03 21:50:00,24.15,946.84,63.4,normal,none,0,none
AWS-006,Hyderabad Begumpet,2026-08-03 22:00:00,24.29,947.14,60.4,normal,none,0,none
AWS-006,Hyderabad Begumpet,2026-08-03 22:10:00,23.16,947.24,61.8,normal,none,0,none
AWS-006,Hyderabad Begumpet,2026-08-03 22:20:00,22.67,946.79,62.6,normal,none,0,none
AWS-006,Hyderabad Begumpet,2026-08-03 22:30:00,22.48,947.22,65.4,normal,none,0,none
AWS-006,Hyderabad Begumpet,2026-08-03 22:40:00,22.35,946.36,63.1,normal,none,0,none
AWS-006,Hyderabad Begumpet,2026-08-03 22:50:00,21.63,947.39,66.2,normal,none,0,none
AWS-006,Hyderabad Begumpet,2026-08-03 23:00:00,22.03,947.44,65.8,normal,none,0,none
AWS-006,Hyderabad Begumpet,2026-08-03 23:10:00,21.85,947.05,69.3,normal,none,0,none
AWS-006,Hyderabad Begumpet,2026-08-03 23:20:00,21.2,947.02,67.8,normal,none,0,none
AWS-006,Hyderabad Begumpet,2026-08-03 23:30:00,21.18,947.39,69.3,normal,none,0,none
AWS-006,Hyderabad Begumpet,2026-08-03 23:40:00,20.53,946.5,68.9,normal,none,0,none
AWS-006,Hyderabad Begumpet,2026-08-03 23:50:00,19.77,947.02,70.1,normal,none,0,none
AWS-006,Hyderabad Begumpet,2026-08-04 00:00:00,19.95,947.54,68.0,normal,none,0,none
AWS-006,Hyderabad Begumpet,2026-08-04 00:10:00,18.99,947.56,68.6,normal,none,0,none
AWS-006,Hyderabad Begumpet,2026-08-04 00:20:00,19.07,947.51,69.4,normal,none,0,none
AWS-006,Hyderabad Begumpet,2026-08-04 00:30:00,19.17,947.16,69.9,normal,none,0,none
AWS-006,Hyderabad Begumpet,2026-08-04 00:40:00,18.41,947.68,69.4,normal,none,0,none
AWS-006,Hyderabad Begumpet,2026-08-04 00:50:00,18.97,947.99,70.5,normal,none,0,none
AWS-006,Hyderabad Begumpet,2026-08-04 01:00:00,18.6,947.51,70.6,normal,none,0,none
AWS-006,Hyderabad Begumpet,2026-08-04 01:10:00,18.37,947.91,71.9,normal,none,0,none
AWS-006,Hyderabad Begumpet,2026-08-04 01:20:00,18.25,947.83,72.4,normal,none,0,none
AWS-006,Hyderabad Begumpet,2026-08-04 01:30:00,18.5,948.03,72.3,normal,none,0,none
AWS-006,Hyderabad Begumpet,2026-08-04 01:40:00,18.24,947.92,71.8,normal,none,0,none
AWS-006,Hyderabad Begumpet,2026-08-04 01:50:00,17.73,948.22,71.9,normal,none,0,none
AWS-006,Hyderabad Begumpet,2026-08-04 02:00:00,17.92,948.28,70.6,normal,none,0,none
AWS-006,Hyderabad Begumpet,2026-08-04 02:10:00,17.88,948.31,73.1,normal,none,0,none
AWS-006,Hyderabad Begumpet,2026-08-04 02:20:00,17.59,948.54,72.8,normal,none,0,none
AWS-006,Hyderabad Begumpet,2026-08-04 02:30:00,17.63,948.39,71.8,normal,none,0,none
AWS-006,Hyderabad Begumpet,2026-08-04 02:40:00,18.09,948.2,73.6,normal,none,0,none
AWS-006,Hyderabad Begumpet,2026-08-04 02:50:00,18.03,948.78,70.4,normal,none,0,none
AWS-006,Hyderabad Begumpet,2026-08-04 03:00:00,18.28,948.17,72.6,normal,none,0,none
AWS-006,Hyderabad Begumpet,2026-08-04 03:10:00,18.06,948.67,72.3,normal,none,0,none
AWS-006,Hyderabad Begumpet,2026-08-04 03:20:00,17.95,948.95,71.7,normal,none,0,none
AWS-006,Hyderabad Begumpet,2026-08-04 03:30:00,17.77,948.42,72.9,normal,none,0,none
AWS-006,Hyderabad Begumpet,2026-08-04 03:40:00,18.3,948.69,71.2,normal,none,0,none
AWS-006,Hyderabad Begumpet,2026-08-04 03:50:00,18.77,949.06,72.6,normal,none,0,none
AWS-006,Hyderabad Begumpet,2026-08-04 04:00:00,18.45,948.77,72.2,normal,none,0,none
AWS-006,Hyderabad Begumpet,2026-08-04 04:10:00,18.69,948.58,71.3,normal,none,0,none
AWS-006,Hyderabad Begumpet,2026-08-04 04:20:00,18.88,949.03,70.2,normal,none,0,none
AWS-006,Hyderabad Begumpet,2026-08-04 04:30:00,19.22,949.54,68.7,normal,none,0,none
AWS-006,Hyderabad Begumpet,2026-08-04 04:40:00,18.95,949.45,70.4,normal,none,0,none
AWS-006,Hyderabad Begumpet,2026-08-04 04:50:00,19.77,949.52,69.2,normal,none,0,none
AWS-006,Hyderabad Begumpet,2026-08-04 05:00:00,19.76,949.54,71.2,normal,none,0,none
AWS-006,Hyderabad Begumpet,2026-08-04 05:10:00,19.99,949.61,69.6,normal,none,0,none
AWS-006,Hyderabad Begumpet,2026-08-04 05:20:00,20.15,949.31,67.8,normal,none,0,none
AWS-006,Hyderabad Begumpet,2026-08-04 05:30:00,20.3,949.37,65.5,normal,none,0,none
AWS-006,Hyderabad Begumpet,2026-08-04 05:40:00,19.87,949.8,66.9,normal,none,0,none
AWS-006,Hyderabad Begumpet,2026-08-04 05:50:00,20.65,949.63,67.8,normal,none,0,none
AWS-006,Hyderabad Begumpet,2026-08-04 06:00:00,20.89,949.39,67.2,normal,none,0,none
AWS-006,Hyderabad Begumpet,2026-08-04 06:10:00,21.13,949.97,67.7,normal,none,0,none
AWS-006,Hyderabad Begumpet,2026-08-04 06:20:00,21.94,949.84,64.0,normal,none,0,none
AWS-006,Hyderabad Begumpet,2026-08-04 06:30:00,21.58,949.88,64.1,normal,none,0,none
AWS-006,Hyderabad Begumpet,2026-08-04 06:40:00,22.27,950.06,63.4,normal,none,0,none
AWS-006,Hyderabad Begumpet,2026-08-04 06:50:00,22.0,950.42,63.5,normal,none,0,none
AWS-006,Hyderabad Begumpet,2026-08-04 07:00:00,22.76,950.48,62.6,normal,none,0,none
AWS-006,Hyderabad Begumpet,2026-08-04 07:10:00,23.1,950.42,63.0,normal,none,0,none
AWS-006,Hyderabad Begumpet,2026-08-04 07:20:00,23.8,949.94,62.7,normal,none,0,none
AWS-006,Hyderabad Begumpet,2026-08-04 07:30:00,23.88,950.59,61.1,normal,none,0,none
AWS-006,Hyderabad Begumpet,2026-08-04 07:40:00,23.8,950.51,61.3,normal,none,0,none
AWS-006,Hyderabad Begumpet,2026-08-04 07:50:00,25.19,950.3,59.4,normal,none,0,none
AWS-006,Hyderabad Begumpet,2026-08-04 08:00:00,24.52,950.46,58.2,normal,none,0,none
AWS-006,Hyderabad Begumpet,2026-08-04 08:10:00,25.3,950.23,60.7,normal,none,0,none
AWS-006,Hyderabad Begumpet,2026-08-04 08:20:00,25.39,950.29,57.2,normal,none,0,none
AWS-006,Hyderabad Begumpet,2026-08-04 08:30:00,25.6,950.39,58.2,normal,none,0,none
AWS-006,Hyderabad Begumpet,2026-08-04 08:40:00,26.59,950.58,58.3,normal,none,0,none
AWS-006,Hyderabad Begumpet,2026-08-04 08:50:00,26.48,950.31,56.6,normal,none,0,none
AWS-006,Hyderabad Begumpet,2026-08-04 09:00:00,27.27,950.47,59.2,normal,none,0,none
AWS-006,Hyderabad Begumpet,2026-08-04 09:10:00,27.86,950.81,54.1,normal,none,0,none
AWS-006,Hyderabad Begumpet,2026-08-04 09:20:00,27.57,950.54,55.4,normal,none,0,none
AWS-006,Hyderabad Begumpet,2026-08-04 09:30:00,27.92,950.73,53.3,normal,none,0,none
AWS-006,Hyderabad Begumpet,2026-08-04 09:40:00,28.61,950.7,52.3,normal,none,0,none
AWS-006,Hyderabad Begumpet,2026-08-04 09:50:00,28.57,950.46,53.0,normal,none,0,none
AWS-006,Hyderabad Begumpet,2026-08-04 10:00:00,28.97,949.68,51.7,normal,none,0,none
AWS-006,Hyderabad Begumpet,2026-08-04 10:10:00,30.52,950.72,51.4,normal,none,0,none
AWS-006,Hyderabad Begumpet,2026-08-04 10:20:00,30.09,950.82,52.2,normal,none,0,none
AWS-006,Hyderabad Begumpet,2026-08-04 10:30:00,29.76,950.35,50.0,normal,none,0,none
AWS-006,Hyderabad Begumpet,2026-08-04 10:40:00,30.96,950.63,49.5,normal,none,0,none
AWS-006,Hyderabad Begumpet,2026-08-04 10:50:00,30.26,950.37,45.4,normal,none,0,none
AWS-006,Hyderabad Begumpet,2026-08-04 11:00:00,30.7,950.48,49.6,normal,none,0,none
AWS-006,Hyderabad Begumpet,2026-08-04 11:10:00,32.05,950.33,47.9,normal,none,0,none
AWS-006,Hyderabad Begumpet,2026-08-04 11:20:00,31.62,950.1,47.6,normal,none,0,none
AWS-006,Hyderabad Begumpet,2026-08-04 11:30:00,31.65,950.75,48.5,normal,none,0,none
AWS-006,Hyderabad Begumpet,2026-08-04 11:40:00,31.87,950.35,48.1,normal,none,0,none
AWS-006,Hyderabad Begumpet,2026-08-04 11:50:00,32.53,950.23,45.3,normal,none,0,none
AWS-006,Hyderabad Begumpet,2026-08-04 12:00:00,32.91,949.87,45.3,normal,none,0,none
AWS-006,Hyderabad Begumpet,2026-08-04 12:10:00,33.11,950.21,47.3,normal,none,0,none
AWS-006,Hyderabad Begumpet,2026-08-04 12:20:00,33.14,950.07,44.1,normal,none,0,none
AWS-006,Hyderabad Begumpet,2026-08-04 12:30:00,33.33,950.07,46.4,normal,none,0,none
AWS-006,Hyderabad Begumpet,2026-08-04 12:40:00,33.31,949.91,43.7,normal,none,0,none
AWS-006,Hyderabad Begumpet,2026-08-04 12:50:00,34.08,950.4,43.5,normal,none,0,none
AWS-006,Hyderabad Begumpet,2026-08-04 13:00:00,33.9,949.99,41.7,normal,none,0,none
AWS-006,Hyderabad Begumpet,2026-08-04 13:10:00,33.77,949.73,41.6,normal,none,0,none
AWS-006,Hyderabad Begumpet,2026-08-04 13:20:00,34.34,949.87,45.2,normal,none,0,none
AWS-006,Hyderabad Begumpet,2026-08-04 13:30:00,33.84,949.52,41.7,normal,none,0,none
AWS-006,Hyderabad Begumpet,2026-08-04 13:40:00,34.21,949.74,42.8,normal,none,0,none
AWS-006,Hyderabad Begumpet,2026-08-04 13:50:00,34.08,949.29,44.2,normal,none,0,none
AWS-006,Hyderabad Begumpet,2026-08-04 14:00:00,34.85,949.85,43.3,normal,none,0,none
AWS-006,Hyderabad Begumpet,2026-08-04 14:10:00,34.27,949.63,42.2,normal,none,0,none
AWS-006,Hyderabad Begumpet,2026-08-04 14:20:00,34.65,949.34,41.8,normal,none,0,none
AWS-006,Hyderabad Begumpet,2026-08-04 14:30:00,34.32,949.4,42.6,normal,none,0,none
AWS-006,Hyderabad Begumpet,2026-08-04 14:40:00,34.29,949.2,42.3,normal,none,0,none
AWS-006,Hyderabad Begumpet,2026-08-04 14:50:00,34.42,948.86,43.0,normal,none,0,none
AWS-006,Hyderabad Begumpet,2026-08-04 15:00:00,34.41,949.01,43.3,normal,none,0,none
AWS-006,Hyderabad Begumpet,2026-08-04 15:10:00,33.55,949.1,41.6,normal,none,0,none
AWS-006,Hyderabad Begumpet,2026-08-04 15:20:00,34.46,948.58,43.1,normal,none,0,none
AWS-006,Hyderabad Begumpet,2026-08-04 15:30:00,33.38,949.44,42.0,normal,none,0,none
AWS-006,Hyderabad Begumpet,2026-08-04 15:40:00,34.05,949.08,43.3,normal,none,0,none
AWS-006,Hyderabad Begumpet,2026-08-04 15:50:00,33.88,948.78,41.7,normal,none,0,none
AWS-006,Hyderabad Begumpet,2026-08-04 16:00:00,34.54,948.85,44.3,normal,none,0,none
AWS-006,Hyderabad Begumpet,2026-08-04 16:10:00,33.57,948.54,43.8,normal,none,0,none
AWS-006,Hyderabad Begumpet,2026-08-04 16:20:00,33.72,948.57,47.1,normal,none,0,none
AWS-006,Hyderabad Begumpet,2026-08-04 16:30:00,33.15,948.82,42.4,normal,none,0,none
AWS-006,Hyderabad Begumpet,2026-08-04 16:40:00,32.91,949.0,46.1,normal,none,0,none
AWS-006,Hyderabad Begumpet,2026-08-04 16:50:00,32.3,948.48,45.8,normal,none,0,none
AWS-006,Hyderabad Begumpet,2026-08-04 17:00:00,32.72,948.3,45.7,normal,none,0,none
AWS-006,Hyderabad Begumpet,2026-08-04 17:10:00,32.36,948.17,47.7,normal,none,0,none
AWS-006,Hyderabad Begumpet,2026-08-04 17:20:00,32.3,947.89,46.3,normal,none,0,none
AWS-006,Hyderabad Begumpet,2026-08-04 17:30:00,31.38,948.41,49.3,normal,none,0,none
AWS-006,Hyderabad Begumpet,2026-08-04 17:40:00,31.84,948.3,47.0,normal,none,0,none
AWS-006,Hyderabad Begumpet,2026-08-04 17:50:00,30.9,948.21,46.6,normal,none,0,none
AWS-006,Hyderabad Begumpet,2026-08-04 18:00:00,31.4,948.06,49.7,normal,none,0,none
AWS-006,Hyderabad Begumpet,2026-08-04 18:10:00,30.66,948.29,51.4,normal,none,0,none
AWS-006,Hyderabad Begumpet,2026-08-04 18:20:00,30.56,948.52,48.9,normal,none,0,none
AWS-006,Hyderabad Begumpet,2026-08-04 18:30:00,30.4,947.8,52.3,normal,none,0,none
AWS-006,Hyderabad Begumpet,2026-08-04 18:40:00,29.86,947.68,48.9,normal,none,0,none
AWS-006,Hyderabad Begumpet,2026-08-04 18:50:00,29.34,948.42,51.8,normal,none,0,none
AWS-006,Hyderabad Begumpet,2026-08-04 19:00:00,28.94,948.32,51.5,normal,none,0,none
AWS-006,Hyderabad Begumpet,2026-08-04 19:10:00,28.65,948.19,50.9,normal,none,0,none
AWS-006,Hyderabad Begumpet,2026-08-04 19:20:00,28.25,948.33,52.2,normal,none,0,none
AWS-006,Hyderabad Begumpet,2026-08-04 19:30:00,27.66,948.39,52.4,normal,none,0,none
AWS-006,Hyderabad Begumpet,2026-08-04 19:40:00,27.85,948.02,53.4,normal,none,0,none
AWS-006,Hyderabad Begumpet,2026-08-04 19:50:00,26.74,948.3,55.8,normal,none,0,none
AWS-006,Hyderabad Begumpet,2026-08-04 20:00:00,26.94,948.16,54.7,normal,none,0,none
AWS-006,Hyderabad Begumpet,2026-08-04 20:10:00,26.58,948.3,57.3,normal,none,0,none
AWS-006,Hyderabad Begumpet,2026-08-04 20:20:00,26.07,948.35,57.7,normal,none,0,none
AWS-006,Hyderabad Begumpet,2026-08-04 20:30:00,26.37,948.05,56.5,normal,none,0,none
AWS-006,Hyderabad Begumpet,2026-08-04 20:40:00,24.95,948.0,59.4,normal,none,0,none
AWS-006,Hyderabad Begumpet,2026-08-04 20:50:00,25.36,948.15,59.4,normal,none,0,none
AWS-006,Hyderabad Begumpet,2026-08-04 21:00:00,24.62,947.88,61.7,normal,none,0,none
AWS-006,Hyderabad Begumpet,2026-08-04 21:10:00,23.82,948.25,60.9,normal,none,0,none
AWS-006,Hyderabad Begumpet,2026-08-04 21:20:00,23.45,948.16,61.7,normal,none,0,none
AWS-006,Hyderabad Begumpet,2026-08-04 21:30:00,23.75,947.97,61.9,normal,none,0,none
AWS-006,Hyderabad Begumpet,2026-08-04 21:40:00,22.89,948.16,61.6,normal,none,0,none
AWS-006,Hyderabad Begumpet,2026-08-04 21:50:00,22.84,947.91,66.0,normal,none,0,none
AWS-006,Hyderabad Begumpet,2026-08-04 22:00:00,23.0,948.26,64.5,normal,none,0,none
AWS-006,Hyderabad Begumpet,2026-08-04 22:10:00,22.21,948.15,65.6,normal,none,0,none
AWS-006,Hyderabad Begumpet,2026-08-04 22:20:00,22.23,947.75,65.6,normal,none,0,none
AWS-006,Hyderabad Begumpet,2026-08-04 22:30:00,21.85,948.18,66.9,normal,none,0,none
AWS-006,Hyderabad Begumpet,2026-08-04 22:40:00,20.78,948.2,66.1,normal,none,0,none
AWS-006,Hyderabad Begumpet,2026-08-04 22:50:00,21.16,948.51,65.2,normal,none,0,none
AWS-006,Hyderabad Begumpet,2026-08-04 23:00:00,19.91,948.62,66.7,normal,none,0,none
AWS-006,Hyderabad Begumpet,2026-08-04 23:10:00,20.22,948.85,69.3,normal,none,0,none
AWS-006,Hyderabad Begumpet,2026-08-04 23:20:00,20.11,949.04,65.9,normal,none,0,none
AWS-006,Hyderabad Begumpet,2026-08-04 23:30:00,20.21,948.86,68.8,normal,none,0,none
AWS-006,Hyderabad Begumpet,2026-08-04 23:40:00,19.62,948.73,70.1,normal,none,0,none
AWS-006,Hyderabad Begumpet,2026-08-04 23:50:00,19.02,948.9,68.5,normal,none,0,none
AWS-006,Hyderabad Begumpet,2026-08-05 00:00:00,19.02,948.94,72.9,normal,none,0,none
AWS-006,Hyderabad Begumpet,2026-08-05 00:10:00,18.94,949.12,71.3,normal,none,0,none
AWS-006,Hyderabad Begumpet,2026-08-05 00:20:00,18.91,949.45,70.3,normal,none,0,none
AWS-006,Hyderabad Begumpet,2026-08-05 00:30:00,18.24,949.05,73.2,normal,none,0,none
AWS-006,Hyderabad Begumpet,2026-08-05 00:40:00,18.39,949.45,71.8,normal,none,0,none
AWS-006,Hyderabad Begumpet,2026-08-05 00:50:00,17.31,949.78,71.1,normal,none,0,none
AWS-006,Hyderabad Begumpet,2026-08-05 01:00:00,17.84,949.81,72.1,normal,none,0,none
AWS-006,Hyderabad Begumpet,2026-08-05 01:10:00,18.16,949.72,71.9,normal,none,0,none
AWS-006,Hyderabad Begumpet,2026-08-05 01:20:00,18.4,949.67,72.0,normal,none,0,none
AWS-006,Hyderabad Begumpet,2026-08-05 01:30:00,17.74,949.8,71.7,normal,none,0,none
AWS-006,Hyderabad Begumpet,2026-08-05 01:40:00,17.46,949.47,71.8,normal,none,0,none
AWS-006,Hyderabad Begumpet,2026-08-05 01:50:00,17.9,949.53,72.6,normal,none,0,none
AWS-006,Hyderabad Begumpet,2026-08-05 02:00:00,17.54,949.99,71.0,normal,none,0,none
AWS-006,Hyderabad Begumpet,2026-08-05 02:10:00,18.1,950.04,71.9,normal,none,0,none
AWS-006,Hyderabad Begumpet,2026-08-05 02:20:00,17.45,950.28,71.7,normal,none,0,none
AWS-006,Hyderabad Begumpet,2026-08-05 02:30:00,16.86,950.07,73.4,normal,none,0,none
AWS-006,Hyderabad Begumpet,2026-08-05 02:40:00,17.78,950.32,71.5,normal,none,0,none
AWS-006,Hyderabad Begumpet,2026-08-05 02:50:00,17.82,950.01,73.9,normal,none,0,none
AWS-006,Hyderabad Begumpet,2026-08-05 03:00:00,17.98,950.76,72.7,normal,none,0,none
AWS-006,Hyderabad Begumpet,2026-08-05 03:10:00,17.83,951.09,75.6,normal,none,0,none
AWS-006,Hyderabad Begumpet,2026-08-05 03:20:00,18.04,950.86,73.3,normal,none,0,none
AWS-006,Hyderabad Begumpet,2026-08-05 03:30:00,18.15,951.11,72.1,normal,none,0,none
AWS-006,Hyderabad Begumpet,2026-08-05 03:40:00,18.1,950.85,71.8,normal,none,0,none
AWS-006,Hyderabad Begumpet,2026-08-05 03:50:00,18.02,951.57,73.1,normal,none,0,none
AWS-006,Hyderabad Begumpet,2026-08-05 04:00:00,18.63,951.19,72.2,normal,none,0,none
AWS-006,Hyderabad Begumpet,2026-08-05 04:10:00,18.36,951.51,70.0,normal,none,0,none
AWS-006,Hyderabad Begumpet,2026-08-05 04:20:00,19.31,951.87,71.5,normal,none,0,none
AWS-006,Hyderabad Begumpet,2026-08-05 04:30:00,19.11,951.32,72.5,normal,none,0,none
AWS-006,Hyderabad Begumpet,2026-08-05 04:40:00,18.97,988.6331696839407,69.8,spike,pressure_spike,1,pressure
AWS-006,Hyderabad Begumpet,2026-08-05 04:50:00,19.14,951.37,70.2,normal,none,0,none
AWS-006,Hyderabad Begumpet,2026-08-05 05:00:00,19.88,951.68,68.5,normal,none,0,none
AWS-006,Hyderabad Begumpet,2026-08-05 05:10:00,19.54,952.05,68.7,normal,none,0,none
AWS-006,Hyderabad Begumpet,2026-08-05 05:20:00,19.8,952.32,68.4,normal,none,0,none
AWS-006,Hyderabad Begumpet,2026-08-05 05:30:00,19.5,952.05,67.9,normal,none,0,none
AWS-006,Hyderabad Begumpet,2026-08-05 05:40:00,20.28,952.04,68.0,normal,none,0,none
AWS-006,Hyderabad Begumpet,2026-08-05 05:50:00,20.71,952.38,64.9,normal,none,0,none
AWS-006,Hyderabad Begumpet,2026-08-05 06:00:00,21.04,952.59,66.8,normal,none,0,none
AWS-006,Hyderabad Begumpet,2026-08-05 06:10:00,21.38,952.46,65.6,normal,none,0,none
AWS-006,Hyderabad Begumpet,2026-08-05 06:20:00,21.74,952.48,63.9,normal,none,0,none
AWS-006,Hyderabad Begumpet,2026-08-05 06:30:00,22.05,952.39,65.5,normal,none,0,none
AWS-006,Hyderabad Begumpet,2026-08-05 06:40:00,22.36,952.41,64.8,normal,none,0,none
AWS-006,Hyderabad Begumpet,2026-08-05 06:50:00,23.09,952.61,61.8,normal,none,0,none
AWS-006,Hyderabad Begumpet,2026-08-05 07:00:00,22.75,952.84,63.9,normal,none,0,none
AWS-006,Hyderabad Begumpet,2026-08-05 07:10:00,23.31,953.13,62.2,normal,none,0,none
AWS-006,Hyderabad Begumpet,2026-08-05 07:20:00,23.38,953.06,63.0,normal,none,0,none
AWS-006,Hyderabad Begumpet,2026-08-05 07:30:00,24.35,953.35,61.6,normal,none,0,none
AWS-006,Hyderabad Begumpet,2026-08-05 07:40:00,24.4,953.42,61.0,normal,none,0,none
AWS-006,Hyderabad Begumpet,2026-08-05 07:50:00,25.16,952.96,58.9,normal,none,0,none
AWS-006,Hyderabad Begumpet,2026-08-05 08:00:00,25.62,952.94,58.8,normal,none,0,none
AWS-006,Hyderabad Begumpet,2026-08-05 08:10:00,25.62,952.97,57.8,normal,none,0,none
AWS-006,Hyderabad Begumpet,2026-08-05 08:20:00,25.94,953.15,58.3,normal,none,0,none
AWS-006,Hyderabad Begumpet,2026-08-05 08:30:00,26.06,952.97,56.6,normal,none,0,none
AWS-006,Hyderabad Begumpet,2026-08-05 08:40:00,26.18,953.31,55.1,normal,none,0,none
AWS-006,Hyderabad Begumpet,2026-08-05 08:50:00,27.16,953.77,57.6,normal,none,0,none
AWS-006,Hyderabad Begumpet,2026-08-05 09:00:00,27.02,953.5,54.7,normal,none,0,none
AWS-006,Hyderabad Begumpet,2026-08-05 09:10:00,27.54,953.17,52.7,normal,none,0,none
AWS-006,Hyderabad Begumpet,2026-08-05 09:20:00,28.3,953.64,54.6,normal,none,0,none
AWS-006,Hyderabad Begumpet,2026-08-05 09:30:00,28.97,952.93,53.6,normal,none,0,none
AWS-006,Hyderabad Begumpet,2026-08-05 09:40:00,28.83,953.7,53.4,normal,none,0,none
AWS-006,Hyderabad Begumpet,2026-08-05 09:50:00,29.24,952.87,49.3,normal,none,0,none
AWS-006,Hyderabad Begumpet,2026-08-05 10:00:00,29.83,953.73,49.4,normal,none,0,none
AWS-006,Hyderabad Begumpet,2026-08-05 10:10:00,30.24,953.16,49.2,normal,none,0,none
AWS-006,Hyderabad Begumpet,2026-08-05 10:20:00,30.39,953.74,50.0,normal,none,0,none
AWS-006,Hyderabad Begumpet,2026-08-05 10:30:00,31.3,953.33,51.5,normal,none,0,none
AWS-006,Hyderabad Begumpet,2026-08-05 10:40:00,31.23,953.87,49.1,normal,none,0,none
AWS-006,Hyderabad Begumpet,2026-08-05 10:50:00,31.52,953.57,50.4,normal,none,0,none
AWS-006,Hyderabad Begumpet,2026-08-05 11:00:00,31.51,952.87,48.6,normal,none,0,none
AWS-006,Hyderabad Begumpet,2026-08-05 11:10:00,31.97,953.54,46.2,normal,none,0,none
AWS-006,Hyderabad Begumpet,2026-08-05 11:20:00,32.36,952.86,46.3,normal,none,0,none
AWS-006,Hyderabad Begumpet,2026-08-05 11:30:00,31.62,953.31,46.2,normal,none,0,none
AWS-006,Hyderabad Begumpet,2026-08-05 11:40:00,32.43,953.41,46.2,normal,none,0,none
AWS-006,Hyderabad Begumpet,2026-08-05 11:50:00,33.02,953.18,45.1,normal,none,0,none
AWS-006,Hyderabad Begumpet,2026-08-05 12:00:00,34.08,953.4,44.7,normal,none,0,none
AWS-006,Hyderabad Begumpet,2026-08-05 12:10:00,33.88,953.32,45.4,normal,none,0,none
AWS-006,Hyderabad Begumpet,2026-08-05 12:20:00,33.52,953.46,42.1,normal,none,0,none
AWS-006,Hyderabad Begumpet,2026-08-05 12:30:00,33.79,953.38,43.7,normal,none,0,none
AWS-006,Hyderabad Begumpet,2026-08-05 12:40:00,33.79,953.08,43.0,normal,none,0,none
AWS-006,Hyderabad Begumpet,2026-08-05 12:50:00,34.51,953.0,41.4,normal,none,0,none
AWS-006,Hyderabad Begumpet,2026-08-05 13:00:00,34.62,953.04,44.2,normal,none,0,none
AWS-006,Hyderabad Begumpet,2026-08-05 13:10:00,34.34,953.13,41.2,normal,none,0,none
AWS-006,Hyderabad Begumpet,2026-08-05 13:20:00,34.91,953.08,44.6,normal,none,0,none
AWS-006,Hyderabad Begumpet,2026-08-05 13:30:00,34.96,952.77,40.5,normal,none,0,none
AWS-006,Hyderabad Begumpet,2026-08-05 13:40:00,35.13,953.18,40.9,normal,none,0,none
AWS-006,Hyderabad Begumpet,2026-08-05 13:50:00,34.79,953.3,40.0,normal,none,0,none
AWS-006,Hyderabad Begumpet,2026-08-05 14:00:00,34.83,952.49,41.5,normal,none,0,none
AWS-006,Hyderabad Begumpet,2026-08-05 14:10:00,34.53,952.76,41.0,normal,none,0,none
AWS-006,Hyderabad Begumpet,2026-08-05 14:20:00,36.05,952.69,43.2,normal,none,0,none
AWS-006,Hyderabad Begumpet,2026-08-05 14:30:00,34.98,952.2,43.0,normal,none,0,none
AWS-006,Hyderabad Begumpet,2026-08-05 14:40:00,35.74,952.1,39.1,normal,none,0,none
AWS-006,Hyderabad Begumpet,2026-08-05 14:50:00,35.5,952.62,43.1,normal,none,0,none
AWS-006,Hyderabad Begumpet,2026-08-05 15:00:00,35.25,952.6,42.9,normal,none,0,none
AWS-006,Hyderabad Begumpet,2026-08-05 15:10:00,35.32,952.5,43.5,normal,none,0,none
AWS-006,Hyderabad Begumpet,2026-08-05 15:20:00,35.96,952.73,40.4,normal,none,0,none
AWS-006,Hyderabad Begumpet,2026-08-05 15:30:00,35.7,952.48,41.0,normal,none,0,none
AWS-006,Hyderabad Begumpet,2026-08-05 15:40:00,34.68,952.24,42.3,normal,none,0,none
AWS-006,Hyderabad Begumpet,2026-08-05 15:50:00,35.09,952.45,44.4,normal,none,0,none
AWS-006,Hyderabad Begumpet,2026-08-05 16:00:00,35.07,952.04,43.8,normal,none,0,none
AWS-006,Hyderabad Begumpet,2026-08-05 16:10:00,34.32,952.03,45.0,normal,none,0,none
AWS-006,Hyderabad Begumpet,2026-08-05 16:20:00,33.86,951.94,42.6,normal,none,0,none
AWS-006,Hyderabad Begumpet,2026-08-05 16:30:00,35.06,951.74,42.6,normal,none,0,none
AWS-006,Hyderabad Begumpet,2026-08-05 16:40:00,34.51,952.16,41.8,normal,none,0,none
AWS-006,Hyderabad Begumpet,2026-08-05 16:50:00,34.54,951.95,44.0,normal,none,0,none
AWS-006,Hyderabad Begumpet,2026-08-05 17:00:00,33.68,952.05,43.3,normal,none,0,none
AWS-006,Hyderabad Begumpet,2026-08-05 17:10:00,33.58,952.01,44.8,normal,none,0,none
AWS-006,Hyderabad Begumpet,2026-08-05 17:20:00,33.69,951.61,47.0,normal,none,0,none
AWS-006,Hyderabad Begumpet,2026-08-05 17:30:00,32.65,952.09,45.1,normal,none,0,none
AWS-006,Hyderabad Begumpet,2026-08-05 17:40:00,32.85,951.41,45.9,normal,none,0,none
AWS-006,Hyderabad Begumpet,2026-08-05 17:50:00,33.39,951.43,47.4,normal,none,0,none
AWS-006,Hyderabad Begumpet,2026-08-05 18:00:00,32.99,951.56,45.7,normal,none,0,none
AWS-006,Hyderabad Begumpet,2026-08-05 18:10:00,32.55,951.51,44.2,normal,none,0,none
AWS-006,Hyderabad Begumpet,2026-08-05 18:20:00,32.44,951.75,47.9,normal,none,0,none
AWS-006,Hyderabad Begumpet,2026-08-05 18:30:00,31.23,951.74,46.4,normal,none,0,none
AWS-006,Hyderabad Begumpet,2026-08-05 18:40:00,30.9,951.48,48.4,normal,none,0,none
AWS-006,Hyderabad Begumpet,2026-08-05 18:50:00,30.3,951.65,49.1,normal,none,0,none
AWS-006,Hyderabad Begumpet,2026-08-05 19:00:00,31.25,951.37,50.1,normal,none,0,none
AWS-006,Hyderabad Begumpet,2026-08-05 19:10:00,30.17,951.58,53.2,normal,none,0,none
AWS-006,Hyderabad Begumpet,2026-08-05 19:20:00,30.44,951.13,52.3,normal,none,0,none
AWS-006,Hyderabad Begumpet,2026-08-05 19:30:00,29.58,951.57,50.6,normal,none,0,none
AWS-006,Hyderabad Begumpet,2026-08-05 19:40:00,28.74,951.41,52.1,normal,none,0,none
AWS-006,Hyderabad Begumpet,2026-08-05 19:50:00,28.97,951.18,52.2,normal,none,0,none
AWS-006,Hyderabad Begumpet,2026-08-05 20:00:00,28.28,951.46,55.1,normal,none,0,none
AWS-006,Hyderabad Begumpet,2026-08-05 20:10:00,28.84,951.36,53.1,normal,none,0,none
AWS-006,Hyderabad Begumpet,2026-08-05 20:20:00,27.5,951.19,55.1,normal,none,0,none
AWS-006,Hyderabad Begumpet,2026-08-05 20:30:00,26.9,951.59,54.1,normal,none,0,none
AWS-006,Hyderabad Begumpet,2026-08-05 20:40:00,26.69,951.91,55.8,normal,none,0,none
AWS-006,Hyderabad Begumpet,2026-08-05 20:50:00,26.59,951.34,57.5,normal,none,0,none
AWS-006,Hyderabad Begumpet,2026-08-05 21:00:00,26.24,952.0,55.1,normal,none,0,none
AWS-006,Hyderabad Begumpet,2026-08-05 21:10:00,26.27,951.75,57.2,normal,none,0,none
AWS-006,Hyderabad Begumpet,2026-08-05 21:20:00,26.04,951.69,58.5,normal,none,0,none
AWS-006,Hyderabad Begumpet,2026-08-05 21:30:00,24.79,951.5,58.9,normal,none,0,none
AWS-006,Hyderabad Begumpet,2026-08-05 21:40:00,24.99,951.32,61.8,normal,none,0,none
AWS-006,Hyderabad Begumpet,2026-08-05 21:50:00,24.26,951.68,61.2,normal,none,0,none
AWS-006,Hyderabad Begumpet,2026-08-05 22:00:00,24.83,951.28,62.0,normal,none,0,none
AWS-006,Hyderabad Begumpet,2026-08-05 22:10:00,23.56,952.12,64.8,normal,none,0,none
AWS-006,Hyderabad Begumpet,2026-08-05 22:20:00,23.97,951.64,63.1,normal,none,0,none
AWS-006,Hyderabad Begumpet,2026-08-05 22:30:00,23.4,951.89,63.8,normal,none,0,none
AWS-006,Hyderabad Begumpet,2026-08-05 22:40:00,22.93,951.82,62.8,normal,none,0,none
AWS-006,Hyderabad Begumpet,2026-08-05 22:50:00,22.97,951.94,62.1,normal,none,0,none
AWS-006,Hyderabad Begumpet,2026-08-05 23:00:00,22.56,952.16,66.1,normal,none,0,none
AWS-006,Hyderabad Begumpet,2026-08-05 23:10:00,22.52,952.5,64.9,normal,none,0,none
AWS-006,Hyderabad Begumpet,2026-08-05 23:20:00,22.04,952.02,63.4,normal,none,0,none
AWS-006,Hyderabad Begumpet,2026-08-05 23:30:00,21.66,952.55,66.0,normal,none,0,none
AWS-006,Hyderabad Begumpet,2026-08-05 23:40:00,20.75,952.21,67.5,normal,none,0,none
AWS-006,Hyderabad Begumpet,2026-08-05 23:50:00,21.33,952.14,67.9,normal,none,0,none
AWS-006,Hyderabad Begumpet,2026-08-06 00:00:00,21.43,952.81,67.0,normal,none,0,none
AWS-006,Hyderabad Begumpet,2026-08-06 00:10:00,20.8,952.41,68.4,normal,none,0,none
AWS-006,Hyderabad Begumpet,2026-08-06 00:20:00,20.86,952.44,68.4,normal,none,0,none
AWS-006,Hyderabad Begumpet,2026-08-06 00:30:00,19.96,952.5,65.8,normal,none,0,none
AWS-006,Hyderabad Begumpet,2026-08-06 00:40:00,19.97,952.82,68.3,normal,none,0,none
AWS-006,Hyderabad Begumpet,2026-08-06 00:50:00,20.05,952.97,69.1,normal,none,0,none
AWS-006,Hyderabad Begumpet,2026-08-06 01:00:00,19.94,952.74,69.3,normal,none,0,none
AWS-006,Hyderabad Begumpet,2026-08-06 01:10:00,20.57,953.35,70.4,normal,none,0,none
AWS-006,Hyderabad Begumpet,2026-08-06 01:20:00,20.4,953.25,69.8,normal,none,0,none
AWS-006,Hyderabad Begumpet,2026-08-06 01:30:00,20.14,953.5,68.3,normal,none,0,none
AWS-006,Hyderabad Begumpet,2026-08-06 01:40:00,20.01,953.37,70.2,normal,none,0,none
AWS-006,Hyderabad Begumpet,2026-08-06 01:50:00,19.39,953.22,69.9,normal,none,0,none
AWS-006,Hyderabad Begumpet,2026-08-06 02:00:00,19.23,953.34,68.5,normal,none,0,none
AWS-006,Hyderabad Begumpet,2026-08-06 02:10:00,19.77,953.42,69.3,normal,none,0,none
AWS-006,Hyderabad Begumpet,2026-08-06 02:20:00,19.79,953.73,69.7,normal,none,0,none
AWS-006,Hyderabad Begumpet,2026-08-06 02:30:00,20.15,953.51,69.7,normal,none,0,none
AWS-006,Hyderabad Begumpet,2026-08-06 02:40:00,20.3,953.96,69.0,normal,none,0,none
AWS-006,Hyderabad Begumpet,2026-08-06 02:50:00,19.11,953.98,69.6,normal,none,0,none
AWS-006,Hyderabad Begumpet,2026-08-06 03:00:00,20.28,953.86,68.2,normal,none,0,none
AWS-006,Hyderabad Begumpet,2026-08-06 03:10:00,19.3,954.24,67.4,normal,none,0,none
AWS-006,Hyderabad Begumpet,2026-08-06 03:20:00,20.1,954.81,69.7,normal,none,0,none
AWS-006,Hyderabad Begumpet,2026-08-06 03:30:00,19.05,954.74,67.3,normal,none,0,none
AWS-006,Hyderabad Begumpet,2026-08-06 03:40:00,19.6,954.65,67.7,normal,none,0,none
AWS-006,Hyderabad Begumpet,2026-08-06 03:50:00,20.71,954.33,69.3,normal,none,0,none
AWS-006,Hyderabad Begumpet,2026-08-06 04:00:00,20.56,954.18,69.6,normal,none,0,none
AWS-006,Hyderabad Begumpet,2026-08-06 04:10:00,20.7,955.06,66.7,normal,none,0,none
AWS-006,Hyderabad Begumpet,2026-08-06 04:20:00,20.48,955.11,69.3,normal,none,0,none
AWS-006,Hyderabad Begumpet,2026-08-06 04:30:00,20.62,955.12,69.2,normal,none,0,none
AWS-006,Hyderabad Begumpet,2026-08-06 04:40:00,20.95,955.18,66.4,normal,none,0,none
AWS-006,Hyderabad Begumpet,2026-08-06 04:50:00,21.63,955.54,66.9,normal,none,0,none
AWS-006,Hyderabad Begumpet,2026-08-06 05:00:00,21.46,955.44,66.3,normal,none,0,none
AWS-006,Hyderabad Begumpet,2026-08-06 05:10:00,21.85,955.45,64.5,normal,none,0,none
AWS-006,Hyderabad Begumpet,2026-08-06 05:20:00,22.31,955.94,64.9,normal,none,0,none
AWS-006,Hyderabad Begumpet,2026-08-06 05:30:00,22.54,955.82,65.0,normal,none,0,none
AWS-006,Hyderabad Begumpet,2026-08-06 05:40:00,22.67,955.13,64.6,normal,none,0,none
AWS-006,Hyderabad Begumpet,2026-08-06 05:50:00,23.06,955.64,63.9,normal,none,0,none
AWS-006,Hyderabad Begumpet,2026-08-06 06:00:00,23.16,955.97,64.301395206461,frozen_sensor,frozen_sensor,1,humidity
AWS-006,Hyderabad Begumpet,2026-08-06 06:10:00,24.14,955.63,64.30505257642403,frozen_sensor,frozen_sensor,1,humidity
AWS-006,Hyderabad Begumpet,2026-08-06 06:20:00,23.83,955.73,64.29709560932989,frozen_sensor,frozen_sensor,1,humidity
AWS-006,Hyderabad Begumpet,2026-08-06 06:30:00,23.64,955.68,64.2973741509641,frozen_sensor,frozen_sensor,1,humidity
AWS-006,Hyderabad Begumpet,2026-08-06 06:40:00,24.44,955.61,64.29714309917122,frozen_sensor,frozen_sensor,1,humidity
AWS-006,Hyderabad Begumpet,2026-08-06 06:50:00,25.4,956.51,64.29537958581126,frozen_sensor,frozen_sensor,1,humidity
AWS-006,Hyderabad Begumpet,2026-08-06 07:00:00,25.67,955.76,64.28693725493653,frozen_sensor,frozen_sensor,1,humidity
AWS-006,Hyderabad Begumpet,2026-08-06 07:10:00,26.08,956.0,64.30475184841198,frozen_sensor,frozen_sensor,1,humidity
AWS-006,Hyderabad Begumpet,2026-08-06 07:20:00,25.75,956.04,64.30408222540476,frozen_sensor,frozen_sensor,1,humidity
AWS-006,Hyderabad Begumpet,2026-08-06 07:30:00,26.46,956.11,64.29238062001191,frozen_sensor,frozen_sensor,1,humidity
AWS-006,Hyderabad Begumpet,2026-08-06 07:40:00,26.73,956.68,57.9,normal,none,0,none
AWS-006,Hyderabad Begumpet,2026-08-06 07:50:00,26.96,956.11,57.9,normal,none,0,none
AWS-006,Hyderabad Begumpet,2026-08-06 08:00:00,27.56,956.6,53.3,normal,none,0,none
AWS-006,Hyderabad Begumpet,2026-08-06 08:10:00,27.58,956.27,56.9,normal,none,0,none
AWS-006,Hyderabad Begumpet,2026-08-06 08:20:00,27.84,956.52,54.0,normal,none,0,none
AWS-006,Hyderabad Begumpet,2026-08-06 08:30:00,28.18,956.47,51.8,normal,none,0,none
AWS-006,Hyderabad Begumpet,2026-08-06 08:40:00,29.72,956.62,54.5,normal,none,0,none
AWS-006,Hyderabad Begumpet,2026-08-06 08:50:00,29.07,956.57,50.5,normal,none,0,none
AWS-006,Hyderabad Begumpet,2026-08-06 09:00:00,29.48,956.33,52.3,normal,none,0,none
AWS-006,Hyderabad Begumpet,2026-08-06 09:10:00,30.3,956.55,50.1,normal,none,0,none
AWS-006,Hyderabad Begumpet,2026-08-06 09:20:00,30.63,956.45,49.7,normal,none,0,none
AWS-006,Hyderabad Begumpet,2026-08-06 09:30:00,30.89,955.92,48.3,normal,none,0,none
AWS-006,Hyderabad Begumpet,2026-08-06 09:40:00,30.96,956.96,47.6,normal,none,0,none
AWS-006,Hyderabad Begumpet,2026-08-06 09:50:00,31.91,956.58,49.2,normal,none,0,none
AWS-006,Hyderabad Begumpet,2026-08-06 10:00:00,31.92,956.89,46.7,normal,none,0,none
AWS-006,Hyderabad Begumpet,2026-08-06 10:10:00,31.84,956.41,47.7,normal,none,0,none
AWS-006,Hyderabad Begumpet,2026-08-06 10:20:00,32.27,956.99,47.4,normal,none,0,none
AWS-006,Hyderabad Begumpet,2026-08-06 10:30:00,32.24,956.78,47.1,normal,none,0,none
AWS-006,Hyderabad Begumpet,2026-08-06 10:40:00,33.45,956.71,46.4,normal,none,0,none
AWS-006,Hyderabad Begumpet,2026-08-06 10:50:00,33.67,956.39,45.4,normal,none,0,none
AWS-006,Hyderabad Begumpet,2026-08-06 11:00:00,34.63,956.93,42.3,normal,none,0,none
AWS-006,Hyderabad Begumpet,2026-08-06 11:10:00,34.54,956.57,41.8,normal,none,0,none
AWS-006,Hyderabad Begumpet,2026-08-06 11:20:00,35.12,956.13,44.2,normal,none,0,none
AWS-006,Hyderabad Begumpet,2026-08-06 11:30:00,34.71,956.36,43.3,normal,none,0,none
AWS-006,Hyderabad Begumpet,2026-08-06 11:40:00,35.07,956.24,41.7,normal,none,0,none
AWS-006,Hyderabad Begumpet,2026-08-06 11:50:00,35.08,956.72,43.2,normal,none,0,none
AWS-006,Hyderabad Begumpet,2026-08-06 12:00:00,35.77,956.24,43.1,normal,none,0,none
AWS-006,Hyderabad Begumpet,2026-08-06 12:10:00,36.11,956.17,40.3,normal,none,0,none
AWS-006,Hyderabad Begumpet,2026-08-06 12:20:00,36.12,956.04,40.8,normal,none,0,none
AWS-006,Hyderabad Begumpet,2026-08-06 12:30:00,36.42,956.77,38.2,normal,none,0,none
AWS-006,Hyderabad Begumpet,2026-08-06 12:40:00,35.77,956.07,41.7,normal,none,0,none
AWS-006,Hyderabad Begumpet,2026-08-06 12:50:00,36.76,956.08,38.4,normal,none,0,none
AWS-006,Hyderabad Begumpet,2026-08-06 13:00:00,36.23,956.22,39.1,normal,none,0,none
AWS-006,Hyderabad Begumpet,2026-08-06 13:10:00,37.17,956.02,39.8,normal,none,0,none
AWS-006,Hyderabad Begumpet,2026-08-06 13:20:00,36.67,955.92,37.2,normal,none,0,none
AWS-006,Hyderabad Begumpet,2026-08-06 13:30:00,37.69,956.02,39.7,normal,none,0,none
AWS-006,Hyderabad Begumpet,2026-08-06 13:40:00,37.93,955.74,38.4,normal,none,0,none
AWS-006,Hyderabad Begumpet,2026-08-06 13:50:00,37.48,955.25,37.9,normal,none,0,none
AWS-006,Hyderabad Begumpet,2026-08-06 14:00:00,37.62,956.06,36.7,normal,none,0,none
AWS-006,Hyderabad Begumpet,2026-08-06 14:10:00,37.11,955.31,35.3,normal,none,0,none
AWS-006,Hyderabad Begumpet,2026-08-06 14:20:00,37.21,955.53,37.2,normal,none,0,none
AWS-006,Hyderabad Begumpet,2026-08-06 14:30:00,37.65,955.49,36.9,normal,none,0,none
AWS-006,Hyderabad Begumpet,2026-08-06 14:40:00,38.21,955.24,38.7,normal,none,0,none
AWS-006,Hyderabad Begumpet,2026-08-06 14:50:00,37.41,955.01,37.6,normal,none,0,none
AWS-006,Hyderabad Begumpet,2026-08-06 15:00:00,37.14,955.76,36.5,normal,none,0,none
AWS-006,Hyderabad Begumpet,2026-08-06 15:10:00,37.77,955.53,36.7,normal,none,0,none
AWS-006,Hyderabad Begumpet,2026-08-06 15:20:00,36.84,954.78,36.2,normal,none,0,none
AWS-006,Hyderabad Begumpet,2026-08-06 15:30:00,36.97,954.79,37.6,normal,none,0,none
AWS-006,Hyderabad Begumpet,2026-08-06 15:40:00,37.45,954.6,38.3,normal,none,0,none
AWS-006,Hyderabad Begumpet,2026-08-06 15:50:00,37.76,954.62,40.7,normal,none,0,none
AWS-006,Hyderabad Begumpet,2026-08-06 16:00:00,37.52,955.32,39.5,normal,none,0,none
AWS-006,Hyderabad Begumpet,2026-08-06 16:10:00,37.34,955.05,38.6,normal,none,0,none
AWS-006,Hyderabad Begumpet,2026-08-06 16:20:00,36.89,954.99,38.4,normal,none,0,none
AWS-006,Hyderabad Begumpet,2026-08-06 16:30:00,37.26,954.52,41.1,normal,none,0,none
AWS-006,Hyderabad Begumpet,2026-08-06 16:40:00,36.45,954.41,42.0,normal,none,0,none
AWS-006,Hyderabad Begumpet,2026-08-06 16:50:00,36.61,954.42,38.1,normal,none,0,none
AWS-006,Hyderabad Begumpet,2026-08-06 17:00:00,36.31,954.7,39.2,normal,none,0,none
AWS-006,Hyderabad Begumpet,2026-08-06 17:10:00,35.48,954.06,41.0,normal,none,0,none
AWS-006,Hyderabad Begumpet,2026-08-06 17:20:00,35.33,954.41,42.1,normal,none,0,none
AWS-006,Hyderabad Begumpet,2026-08-06 17:30:00,35.81,954.48,42.1,normal,none,0,none
AWS-006,Hyderabad Begumpet,2026-08-06 17:40:00,34.81,954.39,42.4,normal,none,0,none
AWS-006,Hyderabad Begumpet,2026-08-06 17:50:00,34.66,953.84,43.6,normal,none,0,none
AWS-006,Hyderabad Begumpet,2026-08-06 18:00:00,34.57,954.4,43.8,normal,none,0,none
AWS-006,Hyderabad Begumpet,2026-08-06 18:10:00,34.25,954.05,42.8,normal,none,0,none
AWS-006,Hyderabad Begumpet,2026-08-06 18:20:00,33.55,953.75,44.9,normal,none,0,none
AWS-006,Hyderabad Begumpet,2026-08-06 18:30:00,33.4,953.75,43.1,normal,none,0,none
AWS-006,Hyderabad Begumpet,2026-08-06 18:40:00,33.0,953.92,47.1,normal,none,0,none
AWS-006,Hyderabad Begumpet,2026-08-06 18:50:00,32.44,954.02,46.2,normal,none,0,none
AWS-006,Hyderabad Begumpet,2026-08-06 19:00:00,33.09,954.0,46.9,normal,none,0,none
AWS-006,Hyderabad Begumpet,2026-08-06 19:10:00,31.98,953.95,48.6,normal,none,0,none
AWS-006,Hyderabad Begumpet,2026-08-06 19:20:00,31.75,954.11,47.4,normal,none,0,none
AWS-006,Hyderabad Begumpet,2026-08-06 19:30:00,31.74,954.13,48.6,normal,none,0,none
AWS-006,Hyderabad Begumpet,2026-08-06 19:40:00,31.15,953.64,48.8,normal,none,0,none
AWS-006,Hyderabad Begumpet,2026-08-06 19:50:00,31.45,954.04,47.8,normal,none,0,none
AWS-006,Hyderabad Begumpet,2026-08-06 20:00:00,30.08,953.6,51.0,normal,none,0,none
AWS-006,Hyderabad Begumpet,2026-08-06 20:10:00,30.14,953.94,51.6,normal,none,0,none
AWS-006,Hyderabad Begumpet,2026-08-06 20:20:00,30.15,953.48,50.8,normal,none,0,none
AWS-006,Hyderabad Begumpet,2026-08-06 20:30:00,29.98,953.83,52.7,normal,none,0,none
AWS-006,Hyderabad Begumpet,2026-08-06 20:40:00,29.06,954.04,52.1,normal,none,0,none
AWS-006,Hyderabad Begumpet,2026-08-06 20:50:00,29.27,953.88,53.6,normal,none,0,none
AWS-006,Hyderabad Begumpet,2026-08-06 21:00:00,28.13,953.76,55.4,normal,none,0,none
AWS-006,Hyderabad Begumpet,2026-08-06 21:10:00,28.52,953.73,55.3,normal,none,0,none
AWS-006,Hyderabad Begumpet,2026-08-06 21:20:00,27.68,953.55,55.2,normal,none,0,none
AWS-006,Hyderabad Begumpet,2026-08-06 21:30:00,27.37,953.71,56.5,normal,none,0,none
AWS-006,Hyderabad Begumpet,2026-08-06 21:40:00,27.18,953.64,58.1,normal,none,0,none
AWS-006,Hyderabad Begumpet,2026-08-06 21:50:00,26.78,954.31,56.6,normal,none,0,none
AWS-006,Hyderabad Begumpet,2026-08-06 22:00:00,25.99,954.06,58.2,normal,none,0,none
AWS-006,Hyderabad Begumpet,2026-08-06 22:10:00,26.5,954.03,57.8,normal,none,0,none
AWS-006,Hyderabad Begumpet,2026-08-06 22:20:00,25.26,953.91,60.7,normal,none,0,none
AWS-006,Hyderabad Begumpet,2026-08-06 22:30:00,25.68,953.65,58.3,normal,none,0,none
AWS-006,Hyderabad Begumpet,2026-08-06 22:40:00,25.13,953.44,59.8,normal,none,0,none
AWS-006,Hyderabad Begumpet,2026-08-06 22:50:00,24.76,953.85,60.9,normal,none,0,none
AWS-006,Hyderabad Begumpet,2026-08-06 23:00:00,24.27,954.49,61.8,normal,none,0,none
AWS-006,Hyderabad Begumpet,2026-08-06 23:10:00,24.25,953.76,61.8,normal,none,0,none
AWS-006,Hyderabad Begumpet,2026-08-06 23:20:00,23.91,953.98,61.8,normal,none,0,none
AWS-006,Hyderabad Begumpet,2026-08-06 23:30:00,23.57,954.15,62.2,normal,none,0,none
AWS-006,Hyderabad Begumpet,2026-08-06 23:40:00,23.56,953.39,64.0,normal,none,0,none
AWS-006,Hyderabad Begumpet,2026-08-06 23:50:00,22.3,954.07,64.6,normal,none,0,none
AWS-006,Hyderabad Begumpet,2026-08-07 00:00:00,22.9,953.91,63.7,normal,none,0,none
AWS-006,Hyderabad Begumpet,2026-08-07 00:10:00,22.04,954.17,65.9,normal,none,0,none
AWS-006,Hyderabad Begumpet,2026-08-07 00:20:00,22.74,954.45,65.3,normal,none,0,none
AWS-006,Hyderabad Begumpet,2026-08-07 00:30:00,22.51,954.74,62.1,normal,none,0,none
AWS-006,Hyderabad Begumpet,2026-08-07 00:40:00,22.16,954.71,66.5,normal,none,0,none
AWS-006,Hyderabad Begumpet,2026-08-07 00:50:00,21.77,954.72,65.4,normal,none,0,none
AWS-006,Hyderabad Begumpet,2026-08-07 01:00:00,21.62,954.44,65.0,normal,none,0,none
AWS-006,Hyderabad Begumpet,2026-08-07 01:10:00,21.41,954.6,64.9,normal,none,0,none
AWS-006,Hyderabad Begumpet,2026-08-07 01:20:00,21.68,954.77,66.1,normal,none,0,none
AWS-006,Hyderabad Begumpet,2026-08-07 01:30:00,21.35,954.83,66.4,normal,none,0,none
AWS-006,Hyderabad Begumpet,2026-08-07 01:40:00,21.04,954.84,67.1,normal,none,0,none
AWS-006,Hyderabad Begumpet,2026-08-07 01:50:00,22.12,955.19,67.7,normal,none,0,none
AWS-006,Hyderabad Begumpet,2026-08-07 02:00:00,21.13,955.31,66.9,normal,none,0,none
AWS-006,Hyderabad Begumpet,2026-08-07 02:10:00,21.62,955.04,66.7,normal,none,0,none
AWS-006,Hyderabad Begumpet,2026-08-07 02:20:00,21.02,954.9,68.1,normal,none,0,none
AWS-006,Hyderabad Begumpet,2026-08-07 02:30:00,21.49,955.22,65.8,normal,none,0,none
AWS-006,Hyderabad Begumpet,2026-08-07 02:40:00,21.51,955.29,66.5,normal,none,0,none
AWS-006,Hyderabad Begumpet,2026-08-07 02:50:00,21.62,955.26,65.8,normal,none,0,none
AWS-006,Hyderabad Begumpet,2026-08-07 03:00:00,21.06,955.36,66.1,normal,none,0,none
AWS-006,Hyderabad Begumpet,2026-08-07 03:10:00,21.41,955.64,67.5,normal,none,0,none
AWS-006,Hyderabad Begumpet,2026-08-07 03:20:00,21.02,955.73,68.7,normal,none,0,none
AWS-006,Hyderabad Begumpet,2026-08-07 03:30:00,21.25,955.74,67.5,normal,none,0,none
AWS-006,Hyderabad Begumpet,2026-08-07 03:40:00,21.65,955.51,67.4,normal,none,0,none
AWS-006,Hyderabad Begumpet,2026-08-07 03:50:00,22.55,955.86,66.2,normal,none,0,none
AWS-006,Hyderabad Begumpet,2026-08-07 04:00:00,22.54,956.25,66.4,normal,none,0,none
AWS-006,Hyderabad Begumpet,2026-08-07 04:10:00,22.07,955.94,65.8,normal,none,0,none
AWS-006,Hyderabad Begumpet,2026-08-07 04:20:00,22.64,955.49,67.5,normal,none,0,none
AWS-006,Hyderabad Begumpet,2026-08-07 04:30:00,22.96,956.29,67.2,normal,none,0,none
AWS-006,Hyderabad Begumpet,2026-08-07 04:40:00,23.2,956.03,63.0,normal,none,0,none
AWS-006,Hyderabad Begumpet,2026-08-07 04:50:00,23.34,955.93,66.1,normal,none,0,none
AWS-006,Hyderabad Begumpet,2026-08-07 05:00:00,23.2,956.62,64.8,normal,none,0,none
AWS-006,Hyderabad Begumpet,2026-08-07 05:10:00,23.4,956.5,65.1,normal,none,0,none
AWS-006,Hyderabad Begumpet,2026-08-07 05:20:00,23.58,955.82,64.1,normal,none,0,none
AWS-006,Hyderabad Begumpet,2026-08-07 05:30:00,23.89,956.18,65.2,normal,none,0,none
AWS-006,Hyderabad Begumpet,2026-08-07 05:40:00,24.33,956.86,64.8,normal,none,0,none
AWS-006,Hyderabad Begumpet,2026-08-07 05:50:00,24.42,956.66,61.4,normal,none,0,none
AWS-006,Hyderabad Begumpet,2026-08-07 06:00:00,25.13,956.63,63.3,normal,none,0,none
AWS-006,Hyderabad Begumpet,2026-08-07 06:10:00,24.7,957.11,59.8,normal,none,0,none
AWS-006,Hyderabad Begumpet,2026-08-07 06:20:00,25.35,956.97,60.9,normal,none,0,none
AWS-006,Hyderabad Begumpet,2026-08-07 06:30:00,25.75,956.71,58.2,normal,none,0,none
AWS-006,Hyderabad Begumpet,2026-08-07 06:40:00,25.78,956.75,59.7,normal,none,0,none
AWS-006,Hyderabad Begumpet,2026-08-07 06:50:00,26.17,956.72,57.0,normal,none,0,none
AWS-006,Hyderabad Begumpet,2026-08-07 07:00:00,26.57,956.88,56.8,normal,none,0,none
AWS-006,Hyderabad Begumpet,2026-08-07 07:10:00,27.12,956.89,56.0,normal,none,0,none
AWS-006,Hyderabad Begumpet,2026-08-07 07:20:00,27.31,957.08,55.3,normal,none,0,none
AWS-006,Hyderabad Begumpet,2026-08-07 07:30:00,27.28,957.25,56.0,normal,none,0,none
AWS-006,Hyderabad Begumpet,2026-08-07 07:40:00,27.9,957.07,55.8,normal,none,0,none
AWS-006,Hyderabad Begumpet,2026-08-07 07:50:00,27.95,957.16,54.3,normal,none,0,none
AWS-006,Hyderabad Begumpet,2026-08-07 08:00:00,28.13,957.1,53.7,normal,none,0,none
AWS-006,Hyderabad Begumpet,2026-08-07 08:10:00,29.29,956.81,53.0,normal,none,0,none
AWS-006,Hyderabad Begumpet,2026-08-07 08:20:00,30.23,956.75,53.1,normal,none,0,none
AWS-006,Hyderabad Begumpet,2026-08-07 08:30:00,29.82,956.64,57.1,normal,none,0,none
AWS-006,Hyderabad Begumpet,2026-08-07 08:40:00,29.78,956.93,51.9,normal,none,0,none
AWS-006,Hyderabad Begumpet,2026-08-07 08:50:00,30.08,956.96,52.3,normal,none,0,none
AWS-006,Hyderabad Begumpet,2026-08-07 09:00:00,30.48,957.21,49.6,normal,none,0,none
AWS-006,Hyderabad Begumpet,2026-08-07 09:10:00,31.87,957.18,50.6,normal,none,0,none
AWS-006,Hyderabad Begumpet,2026-08-07 09:20:00,32.1,956.85,49.9,normal,none,0,none
AWS-006,Hyderabad Begumpet,2026-08-07 09:30:00,31.84,957.2,48.4,normal,none,0,none
AWS-006,Hyderabad Begumpet,2026-08-07 09:40:00,32.36,956.68,46.7,normal,none,0,none
AWS-006,Hyderabad Begumpet,2026-08-07 09:50:00,32.37,957.12,47.0,normal,none,0,none
AWS-006,Hyderabad Begumpet,2026-08-07 10:00:00,33.09,957.32,45.6,normal,none,0,none
AWS-006,Hyderabad Begumpet,2026-08-07 10:10:00,33.26,956.75,47.2,normal,none,0,none
AWS-006,Hyderabad Begumpet,2026-08-07 10:20:00,33.91,956.9,46.2,normal,none,0,none
AWS-006,Hyderabad Begumpet,2026-08-07 10:30:00,33.48,956.36,44.2,normal,none,0,none
AWS-006,Hyderabad Begumpet,2026-08-07 10:40:00,34.26,956.27,44.9,normal,none,0,none
AWS-006,Hyderabad Begumpet,2026-08-07 10:50:00,34.81,956.56,40.6,normal,none,0,none
AWS-006,Hyderabad Begumpet,2026-08-07 11:00:00,34.26,957.16,45.1,normal,none,0,none
AWS-006,Hyderabad Begumpet,2026-08-07 11:10:00,35.06,956.52,42.9,normal,none,0,none
AWS-006,Hyderabad Begumpet,2026-08-07 11:20:00,35.33,956.4,42.1,normal,none,0,none
AWS-006,Hyderabad Begumpet,2026-08-07 11:30:00,35.66,956.14,39.6,normal,none,0,none
AWS-006,Hyderabad Begumpet,2026-08-07 11:40:00,36.32,956.46,41.9,normal,none,0,none
AWS-006,Hyderabad Begumpet,2026-08-07 11:50:00,35.68,956.05,37.0,normal,none,0,none
AWS-006,Hyderabad Begumpet,2026-08-07 12:00:00,36.55,955.69,39.8,normal,none,0,none
AWS-006,Hyderabad Begumpet,2026-08-07 12:10:00,36.81,956.39,37.6,normal,none,0,none
AWS-006,Hyderabad Begumpet,2026-08-07 12:20:00,37.2,956.0,39.8,normal,none,0,none
AWS-006,Hyderabad Begumpet,2026-08-07 12:30:00,36.99,955.95,38.9,normal,none,0,none
AWS-006,Hyderabad Begumpet,2026-08-07 12:40:00,37.44,956.12,39.6,normal,none,0,none
AWS-006,Hyderabad Begumpet,2026-08-07 12:50:00,36.56,955.88,38.6,normal,none,0,none
AWS-006,Hyderabad Begumpet,2026-08-07 13:00:00,37.67,955.79,36.3,normal,none,0,none
AWS-006,Hyderabad Begumpet,2026-08-07 13:10:00,37.82,956.16,38.1,normal,none,0,none
AWS-006,Hyderabad Begumpet,2026-08-07 13:20:00,37.87,955.58,36.7,normal,none,0,none
AWS-006,Hyderabad Begumpet,2026-08-07 13:30:00,37.77,955.37,37.7,normal,none,0,none
AWS-006,Hyderabad Begumpet,2026-08-07 13:40:00,38.29,955.55,39.4,normal,none,0,none
AWS-006,Hyderabad Begumpet,2026-08-07 13:50:00,38.23,955.07,37.3,normal,none,0,none
AWS-006,Hyderabad Begumpet,2026-08-07 14:00:00,37.76,955.27,36.2,normal,none,0,none
AWS-006,Hyderabad Begumpet,2026-08-07 14:10:00,37.53,955.57,35.7,normal,none,0,none
AWS-006,Hyderabad Begumpet,2026-08-07 14:20:00,38.1,954.72,37.3,normal,none,0,none
AWS-006,Hyderabad Begumpet,2026-08-07 14:30:00,38.4,955.41,37.0,normal,none,0,none
AWS-006,Hyderabad Begumpet,2026-08-07 14:40:00,37.92,954.78,37.8,normal,none,0,none
AWS-006,Hyderabad Begumpet,2026-08-07 14:50:00,37.98,954.29,39.0,normal,none,0,none
AWS-006,Hyderabad Begumpet,2026-08-07 15:00:00,37.75,955.05,37.7,normal,none,0,none
AWS-006,Hyderabad Begumpet,2026-08-07 15:10:00,37.74,953.97,36.3,normal,none,0,none
AWS-006,Hyderabad Begumpet,2026-08-07 15:20:00,38.28,954.77,40.2,normal,none,0,none
AWS-006,Hyderabad Begumpet,2026-08-07 15:30:00,37.8,954.51,36.2,normal,none,0,none
AWS-006,Hyderabad Begumpet,2026-08-07 15:40:00,38.04,954.41,39.5,normal,none,0,none
AWS-006,Hyderabad Begumpet,2026-08-07 15:50:00,37.48,954.4,38.9,normal,none,0,none
AWS-006,Hyderabad Begumpet,2026-08-07 16:00:00,37.55,954.29,37.8,normal,none,0,none
AWS-006,Hyderabad Begumpet,2026-08-07 16:10:00,37.25,953.7,38.0,normal,none,0,none
AWS-006,Hyderabad Begumpet,2026-08-07 16:20:00,36.52,954.04,38.6,normal,none,0,none
AWS-006,Hyderabad Begumpet,2026-08-07 16:30:00,36.57,954.21,41.4,normal,none,0,none
AWS-006,Hyderabad Begumpet,2026-08-07 16:40:00,36.37,953.41,40.0,normal,none,0,none
AWS-006,Hyderabad Begumpet,2026-08-07 16:50:00,36.41,953.87,40.7,normal,none,0,none
AWS-006,Hyderabad Begumpet,2026-08-07 17:00:00,36.9,953.69,40.6,normal,none,0,none
AWS-006,Hyderabad Begumpet,2026-08-07 17:10:00,35.36,953.67,38.6,normal,none,0,none
AWS-006,Hyderabad Begumpet,2026-08-07 17:20:00,36.25,953.93,42.3,normal,none,0,none
AWS-006,Hyderabad Begumpet,2026-08-07 17:30:00,35.21,953.4,44.2,normal,none,0,none
AWS-006,Hyderabad Begumpet,2026-08-07 17:40:00,35.41,953.45,43.3,normal,none,0,none
AWS-006,Hyderabad Begumpet,2026-08-07 17:50:00,34.72,953.29,42.9,normal,none,0,none
AWS-006,Hyderabad Begumpet,2026-08-07 18:00:00,69.14214320896858,953.18,43.1,spike,temperature_spike,1,temperature
AWS-006,Hyderabad Begumpet,2026-08-07 18:10:00,34.85,953.3,45.6,normal,none,0,none
AWS-006,Hyderabad Begumpet,2026-08-07 18:20:00,34.33,953.36,44.4,normal,none,0,none
AWS-006,Hyderabad Begumpet,2026-08-07 18:30:00,33.34,953.19,44.3,normal,none,0,none
AWS-006,Hyderabad Begumpet,2026-08-07 18:40:00,33.59,953.14,44.0,normal,none,0,none
AWS-006,Hyderabad Begumpet,2026-08-07 18:50:00,32.76,952.87,47.5,normal,none,0,none
AWS-006,Hyderabad Begumpet,2026-08-07 19:00:00,32.97,952.99,48.5,normal,none,0,none
AWS-006,Hyderabad Begumpet,2026-08-07 19:10:00,31.96,952.91,49.2,normal,none,0,none
AWS-006,Hyderabad Begumpet,2026-08-07 19:20:00,32.01,952.98,47.7,normal,none,0,none
AWS-006,Hyderabad Begumpet,2026-08-07 19:30:00,31.45,952.63,49.9,normal,none,0,none
AWS-006,Hyderabad Begumpet,2026-08-07 19:40:00,30.77,952.56,48.5,normal,none,0,none
AWS-006,Hyderabad Begumpet,2026-08-07 19:50:00,30.5,952.57,50.6,normal,none,0,none
AWS-006,Hyderabad Begumpet,2026-08-07 20:00:00,30.22,952.92,51.5,normal,none,0,none
AWS-006,Hyderabad Begumpet,2026-08-07 20:10:00,29.73,952.0,50.4,normal,none,0,none
AWS-006,Hyderabad Begumpet,2026-08-07 20:20:00,29.25,952.36,52.9,normal,none,0,none
AWS-006,Hyderabad Begumpet,2026-08-07 20:30:00,29.31,952.24,52.0,normal,none,0,none
AWS-006,Hyderabad Begumpet,2026-08-07 20:40:00,29.03,952.79,53.9,normal,none,0,none
AWS-006,Hyderabad Begumpet,2026-08-07 20:50:00,28.29,952.71,54.7,normal,none,0,none
AWS-006,Hyderabad Begumpet,2026-08-07 21:00:00,27.95,952.1,54.7,normal,none,0,none
AWS-006,Hyderabad Begumpet,2026-08-07 21:10:00,27.27,952.15,55.2,normal,none,0,none
AWS-006,Hyderabad Begumpet,2026-08-07 21:20:00,27.94,952.24,55.9,normal,none,0,none
AWS-006,Hyderabad Begumpet,2026-08-07 21:30:00,27.47,952.13,57.4,normal,none,0,none
AWS-006,Hyderabad Begumpet,2026-08-07 21:40:00,26.62,952.57,57.0,normal,none,0,none
AWS-006,Hyderabad Begumpet,2026-08-07 21:50:00,26.56,952.58,56.9,normal,none,0,none
AWS-006,Hyderabad Begumpet,2026-08-07 22:00:00,25.6,952.28,59.4,normal,none,0,none
AWS-006,Hyderabad Begumpet,2026-08-07 22:10:00,25.17,952.41,58.2,normal,none,0,none
AWS-006,Hyderabad Begumpet,2026-08-07 22:20:00,25.01,952.17,59.9,normal,none,0,none
AWS-006,Hyderabad Begumpet,2026-08-07 22:30:00,24.84,951.94,60.5,normal,none,0,none
AWS-006,Hyderabad Begumpet,2026-08-07 22:40:00,24.11,951.78,60.4,normal,none,0,none
AWS-006,Hyderabad Begumpet,2026-08-07 22:50:00,23.63,952.14,61.1,normal,none,0,none
AWS-006,Hyderabad Begumpet,2026-08-07 23:00:00,24.44,952.11,63.2,normal,none,0,none
AWS-006,Hyderabad Begumpet,2026-08-07 23:10:00,23.65,952.62,62.2,normal,none,0,none
AWS-006,Hyderabad Begumpet,2026-08-07 23:20:00,23.8,952.46,62.5,normal,none,0,none
AWS-006,Hyderabad Begumpet,2026-08-07 23:30:00,22.9,953.07,65.3,normal,none,0,none
AWS-006,Hyderabad Begumpet,2026-08-07 23:40:00,22.48,952.37,66.2,normal,none,0,none
AWS-006,Hyderabad Begumpet,2026-08-07 23:50:00,22.22,952.64,66.3,normal,none,0,none
AWS-006,Hyderabad Begumpet,2026-08-08 00:00:00,22.09,952.48,65.4,normal,none,0,none
AWS-006,Hyderabad Begumpet,2026-08-08 00:10:00,21.58,951.96,66.6,normal,none,0,none
AWS-006,Hyderabad Begumpet,2026-08-08 00:20:00,22.47,952.41,65.9,normal,none,0,none
AWS-006,Hyderabad Begumpet,2026-08-08 00:30:00,22.13,952.6,68.2,normal,none,0,none
AWS-006,Hyderabad Begumpet,2026-08-08 00:40:00,21.09,952.35,65.7,normal,none,0,none
AWS-006,Hyderabad Begumpet,2026-08-08 00:50:00,21.74,952.67,68.0,normal,none,0,none
AWS-006,Hyderabad Begumpet,2026-08-08 01:00:00,20.92,953.06,68.1,normal,none,0,none
AWS-006,Hyderabad Begumpet,2026-08-08 01:10:00,21.11,952.77,66.7,normal,none,0,none
AWS-006,Hyderabad Begumpet,2026-08-08 01:20:00,21.01,952.55,67.7,normal,none,0,none
AWS-006,Hyderabad Begumpet,2026-08-08 01:30:00,21.16,952.56,66.9,normal,none,0,none
AWS-006,Hyderabad Begumpet,2026-08-08 01:40:00,20.29,952.35,68.7,normal,none,0,none
AWS-006,Hyderabad Begumpet,2026-08-08 01:50:00,20.8,953.11,69.3,normal,none,0,none
AWS-006,Hyderabad Begumpet,2026-08-08 02:00:00,20.25,953.15,70.2,normal,none,0,none
AWS-006,Hyderabad Begumpet,2026-08-08 02:10:00,19.73,953.32,69.0,normal,none,0,none
AWS-006,Hyderabad Begumpet,2026-08-08 02:20:00,20.1,952.76,68.9,normal,none,0,none
AWS-006,Hyderabad Begumpet,2026-08-08 02:30:00,20.04,953.27,71.4,normal,none,0,none
AWS-006,Hyderabad Begumpet,2026-08-08 02:40:00,20.17,952.83,66.7,normal,none,0,none
AWS-006,Hyderabad Begumpet,2026-08-08 02:50:00,20.05,953.57,69.3,normal,none,0,none
AWS-006,Hyderabad Begumpet,2026-08-08 03:00:00,20.29,953.53,67.7,normal,none,0,none
AWS-006,Hyderabad Begumpet,2026-08-08 03:10:00,20.62,953.17,68.7,normal,none,0,none
AWS-006,Hyderabad Begumpet,2026-08-08 03:20:00,20.45,953.0,68.5,normal,none,0,none
AWS-006,Hyderabad Begumpet,2026-08-08 03:30:00,20.7,953.4,69.1,normal,none,0,none
AWS-006,Hyderabad Begumpet,2026-08-08 03:40:00,19.83,953.74,68.5,normal,none,0,none
AWS-006,Hyderabad Begumpet,2026-08-08 03:50:00,20.17,953.85,67.0,normal,none,0,none
AWS-006,Hyderabad Begumpet,2026-08-08 04:00:00,20.78,953.55,69.4,normal,none,0,none
AWS-006,Hyderabad Begumpet,2026-08-08 04:10:00,20.84,954.18,67.2,normal,none,0,none
AWS-006,Hyderabad Begumpet,2026-08-08 04:20:00,20.65,953.98,67.0,normal,none,0,none
AWS-006,Hyderabad Begumpet,2026-08-08 04:30:00,21.02,954.16,65.7,normal,none,0,none
AWS-006,Hyderabad Begumpet,2026-08-08 04:40:00,21.46,954.22,65.0,normal,none,0,none
AWS-006,Hyderabad Begumpet,2026-08-08 04:50:00,21.73,954.06,65.8,normal,none,0,none
AWS-006,Hyderabad Begumpet,2026-08-08 05:00:00,22.02,954.19,64.5,normal,none,0,none
AWS-006,Hyderabad Begumpet,2026-08-08 05:10:00,21.87,953.82,67.4,normal,none,0,none
AWS-006,Hyderabad Begumpet,2026-08-08 05:20:00,22.26,953.71,66.5,normal,none,0,none
AWS-006,Hyderabad Begumpet,2026-08-08 05:30:00,22.48,954.41,63.4,normal,none,0,none
AWS-006,Hyderabad Begumpet,2026-08-08 05:40:00,23.09,953.9,64.7,normal,none,0,none
AWS-006,Hyderabad Begumpet,2026-08-08 05:50:00,22.46,954.11,62.1,normal,none,0,none
AWS-006,Hyderabad Begumpet,2026-08-08 06:00:00,23.04,954.13,62.3,normal,none,0,none
AWS-006,Hyderabad Begumpet,2026-08-08 06:10:00,23.56,954.41,63.5,normal,none,0,none
AWS-006,Hyderabad Begumpet,2026-08-08 06:20:00,23.63,954.27,63.2,normal,none,0,none
AWS-006,Hyderabad Begumpet,2026-08-08 06:30:00,24.97,954.74,60.5,normal,none,0,none
AWS-006,Hyderabad Begumpet,2026-08-08 06:40:00,24.53,954.17,60.9,normal,none,0,none
AWS-006,Hyderabad Begumpet,2026-08-08 06:50:00,24.39,954.19,58.6,normal,none,0,none
AWS-006,Hyderabad Begumpet,2026-08-08 07:00:00,24.91,954.1,60.0,normal,none,0,none
AWS-006,Hyderabad Begumpet,2026-08-08 07:10:00,25.5,954.13,61.3,normal,none,0,none
AWS-006,Hyderabad Begumpet,2026-08-08 07:20:00,26.29,953.91,58.4,normal,none,0,none
AWS-006,Hyderabad Begumpet,2026-08-08 07:30:00,25.72,954.06,61.0,normal,none,0,none
AWS-006,Hyderabad Begumpet,2026-08-08 07:40:00,26.17,954.27,57.5,normal,none,0,none
AWS-006,Hyderabad Begumpet,2026-08-08 07:50:00,27.22,954.6,56.4,normal,none,0,none
AWS-006,Hyderabad Begumpet,2026-08-08 08:00:00,26.85,954.25,55.9,normal,none,0,none
AWS-006,Hyderabad Begumpet,2026-08-08 08:10:00,27.23,954.73,55.9,normal,none,0,none
AWS-006,Hyderabad Begumpet,2026-08-08 08:20:00,27.64,954.39,53.9,normal,none,0,none
AWS-006,Hyderabad Begumpet,2026-08-08 08:30:00,27.95,954.18,54.5,normal,none,0,none
AWS-006,Hyderabad Begumpet,2026-08-08 08:40:00,28.22,954.57,54.8,normal,none,0,none
AWS-006,Hyderabad Begumpet,2026-08-08 08:50:00,29.49,954.69,51.5,normal,none,0,none
AWS-006,Hyderabad Begumpet,2026-08-08 09:00:00,29.41,954.11,51.4,normal,none,0,none
AWS-006,Hyderabad Begumpet,2026-08-08 09:10:00,29.56,954.11,50.7,normal,none,0,none
AWS-006,Hyderabad Begumpet,2026-08-08 09:20:00,29.78,954.24,51.6,normal,none,0,none
AWS-006,Hyderabad Begumpet,2026-08-08 09:30:00,30.09,954.2,52.8,normal,none,0,none
AWS-006,Hyderabad Begumpet,2026-08-08 09:40:00,30.45,953.98,49.8,normal,none,0,none
AWS-006,Hyderabad Begumpet,2026-08-08 09:50:00,30.39,954.0,50.4,normal,none,0,none
AWS-006,Hyderabad Begumpet,2026-08-08 10:00:00,31.06,954.47,50.9,normal,none,0,none
AWS-006,Hyderabad Begumpet,2026-08-08 10:10:00,31.52,953.75,46.9,normal,none,0,none
AWS-006,Hyderabad Begumpet,2026-08-08 10:20:00,31.79,954.14,48.6,normal,none,0,none
AWS-006,Hyderabad Begumpet,2026-08-08 10:30:00,32.43,953.65,45.4,normal,none,0,none
AWS-006,Hyderabad Begumpet,2026-08-08 10:40:00,33.01,953.62,46.1,normal,none,0,none
AWS-006,Hyderabad Begumpet,2026-08-08 10:50:00,33.0,953.98,48.0,normal,none,0,none
AWS-006,Hyderabad Begumpet,2026-08-08 11:00:00,32.91,953.36,43.9,normal,none,0,none
AWS-006,Hyderabad Begumpet,2026-08-08 11:10:00,33.08,953.77,43.8,normal,none,0,none
AWS-006,Hyderabad Begumpet,2026-08-08 11:20:00,33.75,953.26,44.6,normal,none,0,none
AWS-006,Hyderabad Begumpet,2026-08-08 11:30:00,33.78,953.8,45.6,normal,none,0,none
AWS-006,Hyderabad Begumpet,2026-08-08 11:40:00,34.42,953.06,44.6,normal,none,0,none
AWS-006,Hyderabad Begumpet,2026-08-08 11:50:00,35.08,953.64,40.3,normal,none,0,none
AWS-006,Hyderabad Begumpet,2026-08-08 12:00:00,34.65,953.32,41.6,normal,none,0,none
AWS-006,Hyderabad Begumpet,2026-08-08 12:10:00,35.44,952.83,44.1,normal,none,0,none
AWS-006,Hyderabad Begumpet,2026-08-08 12:20:00,35.3,953.0,41.9,normal,none,0,none
AWS-006,Hyderabad Begumpet,2026-08-08 12:30:00,34.91,952.52,40.7,normal,none,0,none
AWS-006,Hyderabad Begumpet,2026-08-08 12:40:00,34.88,953.02,41.7,normal,none,0,none
AWS-006,Hyderabad Begumpet,2026-08-08 12:50:00,35.54,952.67,39.2,normal,none,0,none
AWS-006,Hyderabad Begumpet,2026-08-08 13:00:00,34.94,952.56,42.4,normal,none,0,none
AWS-006,Hyderabad Begumpet,2026-08-08 13:10:00,35.94,952.53,41.8,normal,none,0,none
AWS-006,Hyderabad Begumpet,2026-08-08 13:20:00,35.73,952.34,38.8,normal,none,0,none
AWS-006,Hyderabad Begumpet,2026-08-08 13:30:00,35.85,952.01,39.9,normal,none,0,none
AWS-006,Hyderabad Begumpet,2026-08-08 13:40:00,35.91,952.55,40.0,normal,none,0,none
AWS-006,Hyderabad Begumpet,2026-08-08 13:50:00,35.76,952.6,39.6,normal,none,0,none
AWS-006,Hyderabad Begumpet,2026-08-08 14:00:00,35.56,952.4,41.2,normal,none,0,none
AWS-006,Hyderabad Begumpet,2026-08-08 14:10:00,35.98,952.15,40.7,normal,none,0,none
AWS-006,Hyderabad Begumpet,2026-08-08 14:20:00,36.04,952.18,38.9,normal,none,0,none
AWS-006,Hyderabad Begumpet,2026-08-08 14:30:00,36.19,951.79,41.8,normal,none,0,none
AWS-006,Hyderabad Begumpet,2026-08-08 14:40:00,36.09,951.37,40.7,normal,none,0,none
AWS-006,Hyderabad Begumpet,2026-08-08 14:50:00,36.41,951.8,41.3,normal,none,0,none
AWS-006,Hyderabad Begumpet,2026-08-08 15:00:00,36.22,951.26,41.1,normal,none,0,none
AWS-006,Hyderabad Begumpet,2026-08-08 15:10:00,35.9,951.4,40.5,normal,none,0,none
AWS-006,Hyderabad Begumpet,2026-08-08 15:20:00,35.74,951.16,42.6,normal,none,0,none
AWS-006,Hyderabad Begumpet,2026-08-08 15:30:00,35.46,951.42,42.6,normal,none,0,none
AWS-006,Hyderabad Begumpet,2026-08-08 15:40:00,35.3,950.95,42.0,normal,none,0,none
AWS-006,Hyderabad Begumpet,2026-08-08 15:50:00,35.6,951.13,41.3,normal,none,0,none
AWS-006,Hyderabad Begumpet,2026-08-08 16:00:00,35.35,951.14,40.7,normal,none,0,none
AWS-006,Hyderabad Begumpet,2026-08-08 16:10:00,35.0,951.05,40.1,normal,none,0,none
AWS-006,Hyderabad Begumpet,2026-08-08 16:20:00,35.07,950.52,42.1,normal,none,0,none
AWS-006,Hyderabad Begumpet,2026-08-08 16:30:00,35.24,950.48,42.3,normal,none,0,none
AWS-006,Hyderabad Begumpet,2026-08-08 16:40:00,34.97,950.42,44.6,normal,none,0,none
AWS-006,Hyderabad Begumpet,2026-08-08 16:50:00,34.74,950.51,42.5,normal,none,0,none
AWS-006,Hyderabad Begumpet,2026-08-08 17:00:00,34.07,950.24,45.4,normal,none,0,none
AWS-006,Hyderabad Begumpet,2026-08-08 17:10:00,33.25,950.18,45.2,normal,none,0,none
AWS-006,Hyderabad Begumpet,2026-08-08 17:20:00,33.83,950.45,43.8,normal,none,0,none
AWS-006,Hyderabad Begumpet,2026-08-08 17:30:00,33.62,949.9,47.7,normal,none,0,none
AWS-006,Hyderabad Begumpet,2026-08-08 17:40:00,32.82,950.05,43.4,normal,none,0,none
AWS-006,Hyderabad Begumpet,2026-08-08 17:50:00,32.12,949.56,47.2,normal,none,0,none
AWS-006,Hyderabad Begumpet,2026-08-08 18:00:00,32.2,950.07,46.9,normal,none,0,none
AWS-006,Hyderabad Begumpet,2026-08-08 18:10:00,32.26,950.34,46.5,normal,none,0,none
AWS-006,Hyderabad Begumpet,2026-08-08 18:20:00,31.36,950.15,49.4,normal,none,0,none
AWS-006,Hyderabad Begumpet,2026-08-08 18:30:00,31.54,949.86,48.5,normal,none,0,none
AWS-006,Hyderabad Begumpet,2026-08-08 18:40:00,31.61,949.6,51.4,normal,none,0,none
AWS-006,Hyderabad Begumpet,2026-08-08 18:50:00,30.46,949.09,50.4,normal,none,0,none
AWS-006,Hyderabad Begumpet,2026-08-08 19:00:00,30.94,949.55,51.3,normal,none,0,none
AWS-006,Hyderabad Begumpet,2026-08-08 19:10:00,30.27,948.85,51.7,drift,drift,1,temperature
AWS-006,Hyderabad Begumpet,2026-08-08 19:20:00,29.86,949.55,52.2,drift,drift,1,temperature
AWS-006,Hyderabad Begumpet,2026-08-08 19:30:00,30.43,948.9,52.4,drift,drift,1,temperature
AWS-006,Hyderabad Begumpet,2026-08-08 19:40:00,31.5,949.33,52.7,drift,drift,1,temperature
AWS-006,Hyderabad Begumpet,2026-08-08 19:50:00,30.860000000000003,949.25,54.6,drift,drift,1,temperature
AWS-006,Hyderabad Begumpet,2026-08-08 20:00:00,31.68,949.54,53.3,drift,drift,1,temperature
AWS-006,Hyderabad Begumpet,2026-08-08 20:10:00,31.869999999999997,949.2,57.1,drift,drift,1,temperature
AWS-006,Hyderabad Begumpet,2026-08-08 20:20:00,32.05,949.01,54.6,drift,drift,1,temperature
AWS-006,Hyderabad Begumpet,2026-08-08 20:30:00,32.31,949.11,56.0,drift,drift,1,temperature
AWS-006,Hyderabad Begumpet,2026-08-08 20:40:00,32.35,948.74,56.8,drift,drift,1,temperature
AWS-006,Hyderabad Begumpet,2026-08-08 20:50:00,32.989999999999995,949.1,57.8,drift,drift,1,temperature
AWS-006,Hyderabad Begumpet,2026-08-08 21:00:00,32.82,948.53,57.0,drift,drift,1,temperature
AWS-006,Hyderabad Begumpet,2026-08-08 21:10:00,32.64,948.73,58.9,drift,drift,1,temperature
AWS-006,Hyderabad Begumpet,2026-08-08 21:20:00,33.32,948.82,60.1,drift,drift,1,temperature
AWS-006,Hyderabad Begumpet,2026-08-08 21:30:00,33.85,948.9,61.9,drift,drift,1,temperature
AWS-006,Hyderabad Begumpet,2026-08-08 21:40:00,34.769999999999996,948.94,59.0,drift,drift,1,temperature
AWS-006,Hyderabad Begumpet,2026-08-08 21:50:00,34.35,948.94,62.0,drift,drift,1,temperature
AWS-006,Hyderabad Begumpet,2026-08-08 22:00:00,34.269999999999996,948.69,61.2,drift,drift,1,temperature
AWS-006,Hyderabad Begumpet,2026-08-08 22:10:00,23.64,948.91,64.4,normal,none,0,none
AWS-006,Hyderabad Begumpet,2026-08-08 22:20:00,22.5,948.75,64.3,normal,none,0,none
AWS-006,Hyderabad Begumpet,2026-08-08 22:30:00,22.6,949.08,64.8,normal,none,0,none
AWS-006,Hyderabad Begumpet,2026-08-08 22:40:00,21.37,948.97,63.7,normal,none,0,none
AWS-006,Hyderabad Begumpet,2026-08-08 22:50:00,21.68,948.87,65.3,normal,none,0,none
AWS-006,Hyderabad Begumpet,2026-08-08 23:00:00,21.51,948.94,67.8,normal,none,0,none
AWS-006,Hyderabad Begumpet,2026-08-08 23:10:00,21.4,948.46,67.6,normal,none,0,none
AWS-006,Hyderabad Begumpet,2026-08-08 23:20:00,19.58,948.62,64.9,normal,none,0,none
AWS-006,Hyderabad Begumpet,2026-08-08 23:30:00,20.57,948.72,69.2,normal,none,0,none
AWS-006,Hyderabad Begumpet,2026-08-08 23:40:00,20.46,948.64,70.2,normal,none,0,none
AWS-006,Hyderabad Begumpet,2026-08-08 23:50:00,20.15,949.02,69.7,normal,none,0,none
AWS-006,Hyderabad Begumpet,2026-08-09 00:00:00,20.47,948.56,66.2,normal,none,0,none
AWS-006,Hyderabad Begumpet,2026-08-09 00:10:00,19.37,948.88,69.0,normal,none,0,none
AWS-006,Hyderabad Begumpet,2026-08-09 00:20:00,19.33,948.97,69.0,normal,none,0,none
AWS-006,Hyderabad Begumpet,2026-08-09 00:30:00,19.05,949.66,70.6,normal,none,0,none
AWS-006,Hyderabad Begumpet,2026-08-09 00:40:00,18.45,949.18,70.6,normal,none,0,none
AWS-006,Hyderabad Begumpet,2026-08-09 00:50:00,18.56,949.48,70.3,normal,none,0,none
AWS-006,Hyderabad Begumpet,2026-08-09 01:00:00,19.14,949.45,71.7,normal,none,0,none
AWS-006,Hyderabad Begumpet,2026-08-09 01:10:00,18.44,949.46,71.8,normal,none,0,none
AWS-006,Hyderabad Begumpet,2026-08-09 01:20:00,18.23,949.15,71.3,normal,none,0,none
AWS-006,Hyderabad Begumpet,2026-08-09 01:30:00,18.36,949.01,72.2,normal,none,0,none
AWS-006,Hyderabad Begumpet,2026-08-09 01:40:00,18.83,949.29,72.3,normal,none,0,none
AWS-006,Hyderabad Begumpet,2026-08-09 01:50:00,18.36,949.48,70.2,normal,none,0,none
AWS-006,Hyderabad Begumpet,2026-08-09 02:00:00,17.82,949.8,74.3,normal,none,0,none
AWS-006,Hyderabad Begumpet,2026-08-09 02:10:00,18.25,949.17,71.7,normal,none,0,none
AWS-006,Hyderabad Begumpet,2026-08-09 02:20:00,17.74,949.55,72.4,normal,none,0,none
AWS-006,Hyderabad Begumpet,2026-08-09 02:30:00,17.77,949.54,71.3,normal,none,0,none
AWS-006,Hyderabad Begumpet,2026-08-09 02:40:00,18.0,950.11,73.4,normal,none,0,none
AWS-006,Hyderabad Begumpet,2026-08-09 02:50:00,17.79,950.27,74.3,normal,none,0,none
AWS-006,Hyderabad Begumpet,2026-08-09 03:00:00,17.96,949.56,73.4,normal,none,0,none
AWS-006,Hyderabad Begumpet,2026-08-09 03:10:00,17.46,950.25,72.5,normal,none,0,none
AWS-006,Hyderabad Begumpet,2026-08-09 03:20:00,18.36,950.34,70.0,normal,none,0,none
AWS-006,Hyderabad Begumpet,2026-08-09 03:30:00,17.82,950.13,71.2,normal,none,0,none
AWS-006,Hyderabad Begumpet,2026-08-09 03:40:00,17.92,949.97,71.8,normal,none,0,none
AWS-006,Hyderabad Begumpet,2026-08-09 03:50:00,18.37,949.98,73.0,normal,none,0,none
AWS-006,Hyderabad Begumpet,2026-08-09 04:00:00,18.5,950.17,69.9,normal,none,0,none
AWS-006,Hyderabad Begumpet,2026-08-09 04:10:00,18.54,950.49,71.3,normal,none,0,none
AWS-006,Hyderabad Begumpet,2026-08-09 04:20:00,18.86,950.07,69.7,normal,none,0,none
AWS-006,Hyderabad Begumpet,2026-08-09 04:30:00,19.56,950.33,72.8,normal,none,0,none
AWS-006,Hyderabad Begumpet,2026-08-09 04:40:00,19.59,950.35,71.7,normal,none,0,none
AWS-006,Hyderabad Begumpet,2026-08-09 04:50:00,19.97,950.51,70.1,normal,none,0,none
AWS-006,Hyderabad Begumpet,2026-08-09 05:00:00,19.69,950.43,68.0,normal,none,0,none
AWS-006,Hyderabad Begumpet,2026-08-09 05:10:00,19.59,950.93,69.8,normal,none,0,none
AWS-006,Hyderabad Begumpet,2026-08-09 05:20:00,20.39,950.69,69.8,normal,none,0,none
AWS-006,Hyderabad Begumpet,2026-08-09 05:30:00,19.58,950.52,69.0,normal,none,0,none
AWS-006,Hyderabad Begumpet,2026-08-09 05:40:00,20.52,950.49,67.3,normal,none,0,none
AWS-006,Hyderabad Begumpet,2026-08-09 05:50:00,20.86,950.89,66.2,normal,none,0,none
AWS-006,Hyderabad Begumpet,2026-08-09 06:00:00,21.43,951.05,66.1,normal,none,0,none
AWS-006,Hyderabad Begumpet,2026-08-09 06:10:00,21.44,951.03,66.2,normal,none,0,none
AWS-006,Hyderabad Begumpet,2026-08-09 06:20:00,21.81,950.61,65.4,normal,none,0,none
AWS-006,Hyderabad Begumpet,2026-08-09 06:30:00,22.35,951.15,64.1,normal,none,0,none
AWS-006,Hyderabad Begumpet,2026-08-09 06:40:00,22.48,951.15,65.4,normal,none,0,none
AWS-006,Hyderabad Begumpet,2026-08-09 06:50:00,22.61,950.86,63.7,normal,none,0,none
AWS-006,Hyderabad Begumpet,2026-08-09 07:00:00,22.74,950.54,62.1,normal,none,0,none
AWS-006,Hyderabad Begumpet,2026-08-09 07:10:00,23.06,950.59,63.6,normal,none,0,none
AWS-006,Hyderabad Begumpet,2026-08-09 07:20:00,23.88,950.91,60.1,normal,none,0,none
AWS-006,Hyderabad Begumpet,2026-08-09 07:30:00,24.02,951.1,63.2,normal,none,0,none
AWS-006,Hyderabad Begumpet,2026-08-09 07:40:00,24.7,951.03,59.0,normal,none,0,none
AWS-006,Hyderabad Begumpet,2026-08-09 07:50:00,24.67,950.68,60.8,normal,none,0,none
AWS-006,Hyderabad Begumpet,2026-08-09 08:00:00,25.1,951.03,59.6,normal,none,0,none
AWS-006,Hyderabad Begumpet,2026-08-09 08:10:00,25.11,951.19,59.7,normal,none,0,none
AWS-006,Hyderabad Begumpet,2026-08-09 08:20:00,25.83,951.06,58.3,normal,none,0,none
AWS-006,Hyderabad Begumpet,2026-08-09 08:30:00,25.84,950.8,56.2,normal,none,0,none
AWS-006,Hyderabad Begumpet,2026-08-09 08:40:00,25.55,951.13,57.6,normal,none,0,none
AWS-006,Hyderabad Begumpet,2026-08-09 08:50:00,26.4,951.48,56.5,normal,none,0,none
AWS-006,Hyderabad Begumpet,2026-08-09 09:00:00,26.88,950.72,55.5,normal,none,0,none
AWS-006,Hyderabad Begumpet,2026-08-09 09:10:00,27.63,951.07,56.4,normal,none,0,none
AWS-006,Hyderabad Begumpet,2026-08-09 09:20:00,27.81,951.04,54.4,normal,none,0,none
AWS-006,Hyderabad Begumpet,2026-08-09 09:30:00,28.53,950.77,53.4,normal,none,0,none
AWS-006,Hyderabad Begumpet,2026-08-09 09:40:00,28.38,950.72,53.2,normal,none,0,none
AWS-006,Hyderabad Begumpet,2026-08-09 09:50:00,29.25,950.92,51.9,normal,none,0,none
AWS-006,Hyderabad Begumpet,2026-08-09 10:00:00,29.0,951.18,48.1,normal,none,0,none
AWS-006,Hyderabad Begumpet,2026-08-09 10:10:00,29.34,950.76,53.0,normal,none,0,none
AWS-006,Hyderabad Begumpet,2026-08-09 10:20:00,29.88,951.28,50.0,normal,none,0,none
AWS-006,Hyderabad Begumpet,2026-08-09 10:30:00,30.12,951.0,50.2,normal,none,0,none
AWS-006,Hyderabad Begumpet,2026-08-09 10:40:00,30.24,950.49,48.4,normal,none,0,none
AWS-006,Hyderabad Begumpet,2026-08-09 10:50:00,30.39,950.84,49.2,normal,none,0,none
AWS-006,Hyderabad Begumpet,2026-08-09 11:00:00,31.21,950.67,47.3,normal,none,0,none
AWS-006,Hyderabad Begumpet,2026-08-09 11:10:00,30.19,950.16,49.5,normal,none,0,none
AWS-006,Hyderabad Begumpet,2026-08-09 11:20:00,31.83,950.45,47.2,normal,none,0,none
AWS-006,Hyderabad Begumpet,2026-08-09 11:30:00,32.0,950.69,48.6,normal,none,0,none
AWS-006,Hyderabad Begumpet,2026-08-09 11:40:00,32.56,950.51,47.0,normal,none,0,none
AWS-006,Hyderabad Begumpet,2026-08-09 11:50:00,32.8,950.0,46.7,normal,none,0,none
AWS-006,Hyderabad Begumpet,2026-08-09 12:00:00,32.98,950.27,46.4,normal,none,0,none
AWS-006,Hyderabad Begumpet,2026-08-09 12:10:00,33.25,950.18,46.7,normal,none,0,none
AWS-006,Hyderabad Begumpet,2026-08-09 12:20:00,32.95,950.44,45.0,normal,none,0,none
AWS-006,Hyderabad Begumpet,2026-08-09 12:30:00,32.77,949.8,45.0,normal,none,0,none
AWS-006,Hyderabad Begumpet,2026-08-09 12:40:00,33.21,949.85,44.5,normal,none,0,none
AWS-006,Hyderabad Begumpet,2026-08-09 12:50:00,33.35,949.95,41.7,normal,none,0,none
AWS-006,Hyderabad Begumpet,2026-08-09 13:00:00,33.62,949.72,43.4,normal,none,0,none
AWS-006,Hyderabad Begumpet,2026-08-09 13:10:00,33.62,949.48,43.8,normal,none,0,none
AWS-006,Hyderabad Begumpet,2026-08-09 13:20:00,33.55,949.27,42.6,normal,none,0,none
AWS-006,Hyderabad Begumpet,2026-08-09 13:30:00,34.16,949.42,42.4,normal,none,0,none
AWS-006,Hyderabad Begumpet,2026-08-09 13:40:00,33.97,949.45,43.4,normal,none,0,none
AWS-006,Hyderabad Begumpet,2026-08-09 13:50:00,34.09,949.71,40.6,normal,none,0,none
AWS-006,Hyderabad Begumpet,2026-08-09 14:00:00,34.49,949.07,42.4,normal,none,0,none
AWS-006,Hyderabad Begumpet,2026-08-09 14:10:00,34.85,948.57,44.0,normal,none,0,none
AWS-006,Hyderabad Begumpet,2026-08-09 14:20:00,34.17,949.23,42.1,normal,none,0,none
AWS-006,Hyderabad Begumpet,2026-08-09 14:30:00,33.7,948.69,41.5,normal,none,0,none
AWS-006,Hyderabad Begumpet,2026-08-09 14:40:00,34.06,949.06,43.8,normal,none,0,none
AWS-006,Hyderabad Begumpet,2026-08-09 14:50:00,34.1,948.65,44.6,normal,none,0,none
AWS-006,Hyderabad Begumpet,2026-08-09 15:00:00,33.96,949.1,42.3,normal,none,0,none
AWS-006,Hyderabad Begumpet,2026-08-09 15:10:00,34.55,948.57,44.9,normal,none,0,none
AWS-006,Hyderabad Begumpet,2026-08-09 15:20:00,34.15,948.26,44.0,normal,none,0,none
AWS-006,Hyderabad Begumpet,2026-08-09 15:30:00,34.06,948.33,40.5,normal,none,0,none
AWS-006,Hyderabad Begumpet,2026-08-09 15:40:00,34.15,948.43,44.5,normal,none,0,none
AWS-006,Hyderabad Begumpet,2026-08-09 15:50:00,33.8,948.34,44.2,normal,none,0,none
AWS-006,Hyderabad Begumpet,2026-08-09 16:00:00,33.26,948.25,44.1,normal,none,0,none
AWS-006,Hyderabad Begumpet,2026-08-09 16:10:00,33.72,947.75,44.3,normal,none,0,none
AWS-006,Hyderabad Begumpet,2026-08-09 16:20:00,33.81,947.86,44.8,normal,none,0,none
AWS-006,Hyderabad Begumpet,2026-08-09 16:30:00,32.81,948.17,46.2,normal,none,0,none
AWS-006,Hyderabad Begumpet,2026-08-09 16:40:00,32.25,947.91,43.8,normal,none,0,none
AWS-006,Hyderabad Begumpet,2026-08-09 16:50:00,32.75,947.86,48.4,normal,none,0,none
AWS-006,Hyderabad Begumpet,2026-08-09 17:00:00,32.5,948.19,45.8,normal,none,0,none
AWS-006,Hyderabad Begumpet,2026-08-09 17:10:00,32.57,947.53,48.6,normal,none,0,none
AWS-006,Hyderabad Begumpet,2026-08-09 17:20:00,32.24,947.37,46.7,normal,none,0,none
AWS-006,Hyderabad Begumpet,2026-08-09 17:30:00,31.56,947.46,46.5,normal,none,0,none
AWS-006,Hyderabad Begumpet,2026-08-09 17:40:00,31.22,947.08,47.4,normal,none,0,none
AWS-006,Hyderabad Begumpet,2026-08-09 17:50:00,31.81,947.37,47.4,normal,none,0,none
AWS-006,Hyderabad Begumpet,2026-08-09 18:00:00,31.28,947.35,48.5,normal,none,0,none
AWS-006,Hyderabad Begumpet,2026-08-09 18:10:00,30.25,946.86,50.0,normal,none,0,none
AWS-006,Hyderabad Begumpet,2026-08-09 18:20:00,30.0,947.35,48.5,normal,none,0,none
AWS-006,Hyderabad Begumpet,2026-08-09 18:30:00,30.22,947.01,49.5,normal,none,0,none
AWS-006,Hyderabad Begumpet,2026-08-09 18:40:00,29.59,946.99,50.3,normal,none,0,none
AWS-006,Hyderabad Begumpet,2026-08-09 18:50:00,29.7,947.0,51.4,normal,none,0,none
AWS-006,Hyderabad Begumpet,2026-08-09 19:00:00,29.48,947.57,51.9,normal,none,0,none
AWS-006,Hyderabad Begumpet,2026-08-09 19:10:00,29.12,946.47,52.2,normal,none,0,none
AWS-006,Hyderabad Begumpet,2026-08-09 19:20:00,28.51,947.34,52.0,normal,none,0,none
AWS-006,Hyderabad Begumpet,2026-08-09 19:30:00,27.62,946.93,53.6,normal,none,0,none
AWS-006,Hyderabad Begumpet,2026-08-09 19:40:00,28.21,947.02,55.0,normal,none,0,none
AWS-006,Hyderabad Begumpet,2026-08-09 19:50:00,27.51,947.13,57.0,normal,none,0,none
AWS-006,Hyderabad Begumpet,2026-08-09 20:00:00,27.14,946.57,54.2,normal,none,0,none
AWS-006,Hyderabad Begumpet,2026-08-09 20:10:00,26.55,946.84,57.1,normal,none,0,none
AWS-006,Hyderabad Begumpet,2026-08-09 20:20:00,26.29,946.96,57.5,normal,none,0,none
AWS-006,Hyderabad Begumpet,2026-08-09 20:30:00,25.33,946.96,55.7,normal,none,0,none
AWS-006,Hyderabad Begumpet,2026-08-09 20:40:00,25.31,946.33,57.3,normal,none,0,none
AWS-006,Hyderabad Begumpet,2026-08-09 20:50:00,25.08,946.7,59.4,normal,none,0,none
AWS-006,Hyderabad Begumpet,2026-08-09 21:00:00,24.0,946.96,60.5,normal,none,0,none
AWS-006,Hyderabad Begumpet,2026-08-09 21:10:00,23.64,946.38,58.7,normal,none,0,none
AWS-006,Hyderabad Begumpet,2026-08-09 21:20:00,23.43,946.63,61.0,normal,none,0,none
AWS-006,Hyderabad Begumpet,2026-08-09 21:30:00,23.5,947.12,60.1,normal,none,0,none
AWS-006,Hyderabad Begumpet,2026-08-09 21:40:00,23.59,946.82,63.1,normal,none,0,none
AWS-006,Hyderabad Begumpet,2026-08-09 21:50:00,22.63,947.29,61.9,normal,none,0,none
AWS-006,Hyderabad Begumpet,2026-08-09 22:00:00,22.32,946.43,64.0,normal,none,0,none
AWS-006,Hyderabad Begumpet,2026-08-09 22:10:00,21.96,946.99,64.8,normal,none,0,none
AWS-006,Hyderabad Begumpet,2026-08-09 22:20:00,22.23,946.7,64.4,normal,none,0,none
AWS-006,Hyderabad Begumpet,2026-08-09 22:30:00,20.83,946.85,64.6,normal,none,0,none
AWS-006,Hyderabad Begumpet,2026-08-09 22:40:00,21.18,946.86,67.2,normal,none,0,none
AWS-006,Hyderabad Begumpet,2026-08-09 22:50:00,21.55,946.99,65.2,normal,none,0,none
AWS-006,Hyderabad Begumpet,2026-08-09 23:00:00,20.28,946.87,66.2,normal,none,0,none
AWS-006,Hyderabad Begumpet,2026-08-09 23:10:00,21.08,946.88,67.5,normal,none,0,none
AWS-006,Hyderabad Begumpet,2026-08-09 23:20:00,20.27,947.09,67.8,normal,none,0,none
AWS-006,Hyderabad Begumpet,2026-08-09 23:30:00,19.73,946.88,69.6,normal,none,0,none
AWS-006,Hyderabad Begumpet,2026-08-09 23:40:00,19.36,947.16,69.3,normal,none,0,none
AWS-006,Hyderabad Begumpet,2026-08-09 23:50:00,19.33,947.74,69.2,normal,none,0,none
AWS-006,Hyderabad Begumpet,2026-08-10 00:00:00,19.52,947.28,70.3,normal,none,0,none
AWS-006,Hyderabad Begumpet,2026-08-10 00:10:00,18.44,947.43,70.1,normal,none,0,none
AWS-006,Hyderabad Begumpet,2026-08-10 00:20:00,18.87,947.71,69.8,normal,none,0,none
AWS-006,Hyderabad Begumpet,2026-08-10 00:30:00,18.66,947.53,70.7,normal,none,0,none
AWS-006,Hyderabad Begumpet,2026-08-10 00:40:00,18.5,947.52,71.4,normal,none,0,none
AWS-006,Hyderabad Begumpet,2026-08-10 00:50:00,18.81,947.39,72.1,normal,none,0,none
AWS-006,Hyderabad Begumpet,2026-08-10 01:00:00,18.06,947.76,72.2,normal,none,0,none
AWS-006,Hyderabad Begumpet,2026-08-10 01:10:00,17.72,947.81,71.0,normal,none,0,none
AWS-006,Hyderabad Begumpet,2026-08-10 01:20:00,17.53,947.78,73.1,normal,none,0,none
AWS-006,Hyderabad Begumpet,2026-08-10 01:30:00,17.6,947.45,71.7,normal,none,0,none
AWS-006,Hyderabad Begumpet,2026-08-10 01:40:00,17.83,947.65,74.8,normal,none,0,none
AWS-006,Hyderabad Begumpet,2026-08-10 01:50:00,17.75,947.72,71.0,normal,none,0,none
AWS-006,Hyderabad Begumpet,2026-08-10 02:00:00,18.34,947.76,73.4,normal,none,0,none
AWS-006,Hyderabad Begumpet,2026-08-10 02:10:00,17.08,947.9,74.0,normal,none,0,none
AWS-006,Hyderabad Begumpet,2026-08-10 02:20:00,17.8,948.21,73.7,normal,none,0,none
AWS-006,Hyderabad Begumpet,2026-08-10 02:30:00,17.98,947.97,73.5,normal,none,0,none
AWS-006,Hyderabad Begumpet,2026-08-10 02:40:00,17.53,948.54,74.2,normal,none,0,none
AWS-006,Hyderabad Begumpet,2026-08-10 02:50:00,18.13,948.37,70.6,normal,none,0,none
AWS-006,Hyderabad Begumpet,2026-08-10 03:00:00,17.51,948.73,75.1,normal,none,0,none
AWS-006,Hyderabad Begumpet,2026-08-10 03:10:00,17.89,949.15,73.6,normal,none,0,none
AWS-006,Hyderabad Begumpet,2026-08-10 03:20:00,17.74,949.04,72.4,normal,none,0,none
AWS-006,Hyderabad Begumpet,2026-08-10 03:30:00,17.5,949.03,73.5,normal,none,0,none
AWS-006,Hyderabad Begumpet,2026-08-10 03:40:00,18.54,948.84,72.0,normal,none,0,none
AWS-006,Hyderabad Begumpet,2026-08-10 03:50:00,18.15,949.09,71.4,normal,none,0,none
AWS-006,Hyderabad Begumpet,2026-08-10 04:00:00,18.98,949.01,74.1,normal,none,0,none
AWS-006,Hyderabad Begumpet,2026-08-10 04:10:00,18.23,949.39,72.1,normal,none,0,none
AWS-006,Hyderabad Begumpet,2026-08-10 04:20:00,18.99,949.23,72.5,normal,none,0,none
AWS-006,Hyderabad Begumpet,2026-08-10 04:30:00,18.62,949.02,71.6,normal,none,0,none
AWS-006,Hyderabad Begumpet,2026-08-10 04:40:00,18.85,949.55,70.4,normal,none,0,none
AWS-006,Hyderabad Begumpet,2026-08-10 04:50:00,18.91,949.27,70.8,normal,none,0,none
AWS-006,Hyderabad Begumpet,2026-08-10 05:00:00,19.52,949.69,71.1,normal,none,0,none
AWS-006,Hyderabad Begumpet,2026-08-10 05:10:00,19.82,949.48,68.7,normal,none,0,none
AWS-006,Hyderabad Begumpet,2026-08-10 05:20:00,19.77,949.54,67.1,normal,none,0,none
AWS-006,Hyderabad Begumpet,2026-08-10 05:30:00,20.76,949.5,68.5,normal,none,0,none
AWS-006,Hyderabad Begumpet,2026-08-10 05:40:00,20.5,950.09,68.9,normal,none,0,none
AWS-006,Hyderabad Begumpet,2026-08-10 05:50:00,21.56,949.55,66.2,normal,none,0,none
AWS-006,Hyderabad Begumpet,2026-08-10 06:00:00,21.14,949.7,66.3,normal,none,0,none
AWS-006,Hyderabad Begumpet,2026-08-10 06:10:00,21.09,950.41,63.9,normal,none,0,none
AWS-006,Hyderabad Begumpet,2026-08-10 06:20:00,22.08,949.97,64.4,normal,none,0,none
AWS-006,Hyderabad Begumpet,2026-08-10 06:30:00,22.17,949.91,67.6,normal,none,0,none
AWS-006,Hyderabad Begumpet,2026-08-10 06:40:00,22.33,950.16,64.7,normal,none,0,none
AWS-006,Hyderabad Begumpet,2026-08-10 06:50:00,23.27,950.62,64.2,normal,none,0,none
AWS-006,Hyderabad Begumpet,2026-08-10 07:00:00,22.99,950.33,62.7,normal,none,0,none
AWS-006,Hyderabad Begumpet,2026-08-10 07:10:00,23.27,950.7,63.1,normal,none,0,none
AWS-006,Hyderabad Begumpet,2026-08-10 07:20:00,23.51,950.26,63.9,normal,none,0,none
AWS-006,Hyderabad Begumpet,2026-08-10 07:30:00,23.47,950.38,61.1,normal,none,0,none
AWS-006,Hyderabad Begumpet,2026-08-10 07:40:00,24.38,950.17,60.6,normal,none,0,none
AWS-006,Hyderabad Begumpet,2026-08-10 07:50:00,24.88,950.13,60.1,normal,none,0,none
AWS-006,Hyderabad Begumpet,2026-08-10 08:00:00,24.9,950.35,58.6,normal,none,0,none
AWS-006,Hyderabad Begumpet,2026-08-10 08:10:00,25.73,951.05,58.0,normal,none,0,none
AWS-006,Hyderabad Begumpet,2026-08-10 08:20:00,25.34,950.66,59.5,normal,none,0,none
AWS-006,Hyderabad Begumpet,2026-08-10 08:30:00,25.61,950.39,57.2,normal,none,0,none
AWS-006,Hyderabad Begumpet,2026-08-10 08:40:00,27.08,950.45,57.0,normal,none,0,none
AWS-006,Hyderabad Begumpet,2026-08-10 08:50:00,27.1,950.55,56.8,normal,none,0,none
AWS-006,Hyderabad Begumpet,2026-08-10 09:00:00,27.08,950.58,53.3,normal,none,0,none
AWS-006,Hyderabad Begumpet,2026-08-10 09:10:00,28.23,950.85,54.2,normal,none,0,none
AWS-006,Hyderabad Begumpet,2026-08-10 09:20:00,28.4,950.8,55.7,normal,none,0,none
AWS-006,Hyderabad Begumpet,2026-08-10 09:30:00,27.95,950.32,54.6,normal,none,0,none
AWS-006,Hyderabad Begumpet,2026-08-10 09:40:00,28.87,950.49,53.4,normal,none,0,none
AWS-006,Hyderabad Begumpet,2026-08-10 09:50:00,29.45,950.61,53.5,normal,none,0,none
AWS-006,Hyderabad Begumpet,2026-08-10 10:00:00,29.59,950.61,51.0,normal,none,0,none
AWS-006,Hyderabad Begumpet,2026-08-10 10:10:00,29.99,950.69,49.6,normal,none,0,none
AWS-006,Hyderabad Begumpet,2026-08-10 10:20:00,30.57,950.61,48.6,normal,none,0,none
AWS-006,Hyderabad Begumpet,2026-08-10 10:30:00,31.07,950.73,48.6,normal,none,0,none
AWS-006,Hyderabad Begumpet,2026-08-10 10:40:00,31.12,950.19,48.6,normal,none,0,none
AWS-006,Hyderabad Begumpet,2026-08-10 10:50:00,30.29,950.72,48.0,normal,none,0,none
AWS-006,Hyderabad Begumpet,2026-08-10 11:00:00,31.32,950.0,47.3,normal,none,0,none
AWS-006,Hyderabad Begumpet,2026-08-10 11:10:00,32.09,950.76,46.7,normal,none,0,none
AWS-006,Hyderabad Begumpet,2026-08-10 11:20:00,32.88,950.23,46.8,normal,none,0,none
AWS-006,Hyderabad Begumpet,2026-08-10 11:30:00,32.45,950.23,44.3,normal,none,0,none
AWS-006,Hyderabad Begumpet,2026-08-10 11:40:00,33.16,950.14,45.3,normal,none,0,none
AWS-006,Hyderabad Begumpet,2026-08-10 11:50:00,33.01,950.23,45.3,normal,none,0,none
AWS-006,Hyderabad Begumpet,2026-08-10 12:00:00,33.89,950.45,45.8,normal,none,0,none
AWS-006,Hyderabad Begumpet,2026-08-10 12:10:00,32.98,950.36,42.6,normal,none,0,none
AWS-006,Hyderabad Begumpet,2026-08-10 12:20:00,33.59,950.09,42.4,normal,none,0,none
AWS-006,Hyderabad Begumpet,2026-08-10 12:30:00,34.33,949.77,45.3,normal,none,0,none
AWS-006,Hyderabad Begumpet,2026-08-10 12:40:00,34.22,950.16,44.3,normal,none,0,none
AWS-006,Hyderabad Begumpet,2026-08-10 12:50:00,33.96,950.47,45.3,normal,none,0,none
AWS-006,Hyderabad Begumpet,2026-08-10 13:00:00,34.17,949.59,41.8,normal,none,0,none
AWS-006,Hyderabad Begumpet,2026-08-10 13:10:00,34.42,950.19,41.4,normal,none,0,none
AWS-006,Hyderabad Begumpet,2026-08-10 13:20:00,34.36,950.16,41.5,normal,none,0,none
AWS-006,Hyderabad Begumpet,2026-08-10 13:30:00,34.5,949.27,41.8,normal,none,0,none
AWS-006,Hyderabad Begumpet,2026-08-10 13:40:00,34.83,949.79,40.9,normal,none,0,none
AWS-006,Hyderabad Begumpet,2026-08-10 13:50:00,34.94,949.71,42.0,normal,none,0,none
AWS-006,Hyderabad Begumpet,2026-08-10 14:00:00,34.85,949.44,41.5,normal,none,0,none
AWS-006,Hyderabad Begumpet,2026-08-10 14:10:00,35.34,949.28,39.8,normal,none,0,none
AWS-006,Hyderabad Begumpet,2026-08-10 14:20:00,35.41,949.28,40.7,normal,none,0,none
AWS-006,Hyderabad Begumpet,2026-08-10 14:30:00,35.18,949.91,42.3,normal,none,0,none
AWS-006,Hyderabad Begumpet,2026-08-10 14:40:00,34.88,949.09,39.5,normal,none,0,none
AWS-006,Hyderabad Begumpet,2026-08-10 14:50:00,35.24,949.1,39.5,normal,none,0,none
AWS-006,Hyderabad Begumpet,2026-08-10 15:00:00,35.25,949.02,42.9,normal,none,0,none
AWS-006,Hyderabad Begumpet,2026-08-10 15:10:00,35.34,948.9,42.4,normal,none,0,none
AWS-006,Hyderabad Begumpet,2026-08-10 15:20:00,34.93,948.78,41.2,normal,none,0,none
AWS-006,Hyderabad Begumpet,2026-08-10 15:30:00,35.24,949.15,39.9,normal,none,0,none
AWS-006,Hyderabad Begumpet,2026-08-10 15:40:00,35.31,949.48,41.8,normal,none,0,none
AWS-006,Hyderabad Begumpet,2026-08-10 15:50:00,35.16,949.08,40.2,normal,none,0,none
AWS-006,Hyderabad Begumpet,2026-08-10 16:00:00,35.01,948.71,40.6,normal,none,0,none
AWS-006,Hyderabad Begumpet,2026-08-10 16:10:00,34.75,948.95,43.4,normal,none,0,none
AWS-006,Hyderabad Begumpet,2026-08-10 16:20:00,34.61,948.69,42.9,normal,none,0,none
AWS-006,Hyderabad Begumpet,2026-08-10 16:30:00,34.7,948.78,43.2,normal,none,0,none
AWS-006,Hyderabad Begumpet,2026-08-10 16:40:00,33.77,948.99,44.4,normal,none,0,none
AWS-006,Hyderabad Begumpet,2026-08-10 16:50:00,34.21,948.5,44.2,normal,none,0,none
AWS-006,Hyderabad Begumpet,2026-08-10 17:00:00,33.83,948.31,42.8,normal,none,0,none
AWS-006,Hyderabad Begumpet,2026-08-10 17:10:00,33.58,948.09,44.3,normal,none,0,none
AWS-006,Hyderabad Begumpet,2026-08-10 17:20:00,33.97,948.04,45.1,normal,none,0,none
AWS-006,Hyderabad Begumpet,2026-08-10 17:30:00,32.76,948.3,44.7,normal,none,0,none
AWS-006,Hyderabad Begumpet,2026-08-10 17:40:00,32.83,948.27,46.1,normal,none,0,none
AWS-006,Hyderabad Begumpet,2026-08-10 17:50:00,33.05,948.08,45.1,normal,none,0,none
AWS-006,Hyderabad Begumpet,2026-08-10 18:00:00,32.02,976.2403728088487,48.7,spike,pressure_spike,1,pressure
AWS-006,Hyderabad Begumpet,2026-08-10 18:10:00,32.02,948.58,47.3,normal,none,0,none
AWS-006,Hyderabad Begumpet,2026-08-10 18:20:00,31.78,947.82,46.7,normal,none,0,none
AWS-006,Hyderabad Begumpet,2026-08-10 18:30:00,31.11,947.86,47.4,normal,none,0,none
AWS-006,Hyderabad Begumpet,2026-08-10 18:40:00,31.5,948.22,49.3,normal,none,0,none
AWS-006,Hyderabad Begumpet,2026-08-10 18:50:00,31.07,948.08,48.3,normal,none,0,none
AWS-006,Hyderabad Begumpet,2026-08-10 19:00:00,30.97,947.89,50.1,normal,none,0,none
AWS-006,Hyderabad Begumpet,2026-08-10 19:10:00,29.8,947.88,49.8,normal,none,0,none
AWS-006,Hyderabad Begumpet,2026-08-10 19:20:00,30.09,947.92,50.4,normal,none,0,none
AWS-006,Hyderabad Begumpet,2026-08-10 19:30:00,29.25,947.9,53.3,normal,none,0,none
AWS-006,Hyderabad Begumpet,2026-08-10 19:40:00,29.27,948.08,50.8,normal,none,0,none
AWS-006,Hyderabad Begumpet,2026-08-10 19:50:00,29.39,948.0,54.2,normal,none,0,none
AWS-006,Hyderabad Begumpet,2026-08-10 20:00:00,29.24,948.06,54.3,normal,none,0,none
AWS-006,Hyderabad Begumpet,2026-08-10 20:10:00,27.87,947.95,54.6,normal,none,0,none
AWS-006,Hyderabad Begumpet,2026-08-10 20:20:00,27.72,948.32,55.5,normal,none,0,none
AWS-006,Hyderabad Begumpet,2026-08-10 20:30:00,26.91,948.06,53.9,normal,none,0,none
AWS-006,Hyderabad Begumpet,2026-08-10 20:40:00,26.54,948.1,56.8,normal,none,0,none
AWS-006,Hyderabad Begumpet,2026-08-10 20:50:00,26.61,947.74,53.2,normal,none,0,none
AWS-006,Hyderabad Begumpet,2026-08-10 21:00:00,26.59,948.07,59.6,normal,none,0,none
AWS-006,Hyderabad Begumpet,2026-08-10 21:10:00,25.95,948.27,59.2,normal,none,0,none
AWS-006,Hyderabad Begumpet,2026-08-10 21:20:00,25.93,948.29,56.8,normal,none,0,none
AWS-006,Hyderabad Begumpet,2026-08-10 21:30:00,25.58,947.69,59.1,normal,none,0,none
AWS-006,Hyderabad Begumpet,2026-08-10 21:40:00,25.19,948.45,59.6,normal,none,0,none
AWS-006,Hyderabad Begumpet,2026-08-10 21:50:00,24.65,948.86,60.9,normal,none,0,none
AWS-006,Hyderabad Begumpet,2026-08-10 22:00:00,24.29,947.74,60.3,normal,none,0,none
AWS-006,Hyderabad Begumpet,2026-08-10 22:10:00,23.95,948.3,59.3,normal,none,0,none
AWS-006,Hyderabad Begumpet,2026-08-10 22:20:00,23.61,948.03,61.7,normal,none,0,none
AWS-006,Hyderabad Begumpet,2026-08-10 22:30:00,23.1,948.01,62.8,normal,none,0,none
AWS-006,Hyderabad Begumpet,2026-08-10 22:40:00,23.23,948.61,65.3,normal,none,0,none
AWS-006,Hyderabad Begumpet,2026-08-10 22:50:00,22.81,948.79,65.7,normal,none,0,none
AWS-006,Hyderabad Begumpet,2026-08-10 23:00:00,22.25,948.7,65.2,normal,none,0,none
AWS-006,Hyderabad Begumpet,2026-08-10 23:10:00,21.98,948.71,65.3,normal,none,0,none
AWS-006,Hyderabad Begumpet,2026-08-10 23:20:00,22.72,948.41,64.5,normal,none,0,none
AWS-006,Hyderabad Begumpet,2026-08-10 23:30:00,21.33,948.96,65.8,normal,none,0,none
AWS-006,Hyderabad Begumpet,2026-08-10 23:40:00,21.17,948.87,66.8,normal,none,0,none
AWS-006,Hyderabad Begumpet,2026-08-10 23:50:00,21.56,948.7,65.8,normal,none,0,none
AWS-006,Hyderabad Begumpet,2026-08-11 00:00:00,20.97,948.75,66.1,normal,none,0,none
AWS-006,Hyderabad Begumpet,2026-08-11 00:10:00,20.7,949.06,69.0,normal,none,0,none
AWS-006,Hyderabad Begumpet,2026-08-11 00:20:00,20.42,949.25,67.2,normal,none,0,none
AWS-006,Hyderabad Begumpet,2026-08-11 00:30:00,20.65,949.26,67.1,normal,none,0,none
AWS-006,Hyderabad Begumpet,2026-08-11 00:40:00,20.45,949.45,69.2,normal,none,0,none
AWS-006,Hyderabad Begumpet,2026-08-11 00:50:00,20.28,950.05,68.0,normal,none,0,none
AWS-006,Hyderabad Begumpet,2026-08-11 01:00:00,20.06,949.65,68.9,normal,none,0,none
AWS-006,Hyderabad Begumpet,2026-08-11 01:10:00,20.08,948.87,68.4,normal,none,0,none
AWS-006,Hyderabad Begumpet,2026-08-11 01:20:00,19.83,949.42,70.3,normal,none,0,none
AWS-006,Hyderabad Begumpet,2026-08-11 01:30:00,20.18,950.09,69.3,normal,none,0,none
AWS-006,Hyderabad Begumpet,2026-08-11 01:40:00,19.57,949.51,68.8,normal,none,0,none
AWS-006,Hyderabad Begumpet,2026-08-11 01:50:00,19.94,949.9,70.7,normal,none,0,none
AWS-006,Hyderabad Begumpet,2026-08-11 02:00:00,19.92,949.97,68.6,normal,none,0,none
AWS-006,Hyderabad Begumpet,2026-08-11 02:10:00,19.89,949.61,70.6,normal,none,0,none
AWS-006,Hyderabad Begumpet,2026-08-11 02:20:00,19.44,949.73,70.8,normal,none,0,none
AWS-006,Hyderabad Begumpet,2026-08-11 02:30:00,19.75,950.46,70.8,normal,none,0,none
AWS-006,Hyderabad Begumpet,2026-08-11 02:40:00,19.53,950.65,67.7,normal,none,0,none
AWS-006,Hyderabad Begumpet,2026-08-11 02:50:00,20.55,950.48,69.3,normal,none,0,none
AWS-006,Hyderabad Begumpet,2026-08-11 03:00:00,19.55,950.59,69.6,normal,none,0,none
AWS-006,Hyderabad Begumpet,2026-08-11 03:10:00,20.36,951.07,70.6,normal,none,0,none
AWS-006,Hyderabad Begumpet,2026-08-11 03:20:00,20.21,951.21,70.6,normal,none,0,none
AWS-006,Hyderabad Begumpet,2026-08-11 03:30:00,19.72,951.06,68.4,normal,none,0,none
AWS-006,Hyderabad Begumpet,2026-08-11 03:40:00,20.04,951.06,70.2,normal,none,0,none
AWS-006,Hyderabad Begumpet,2026-08-11 03:50:00,20.06,951.17,68.9,normal,none,0,none
AWS-006,Hyderabad Begumpet,2026-08-11 04:00:00,20.73,951.21,68.8,normal,none,0,none
AWS-006,Hyderabad Begumpet,2026-08-11 04:10:00,20.77,951.52,67.0,normal,none,0,none
AWS-006,Hyderabad Begumpet,2026-08-11 04:20:00,20.32,951.11,69.2,normal,none,0,none
AWS-006,Hyderabad Begumpet,2026-08-11 04:30:00,20.53,951.78,68.8,normal,none,0,none
AWS-006,Hyderabad Begumpet,2026-08-11 04:40:00,21.13,951.93,68.2,normal,none,0,none
AWS-006,Hyderabad Begumpet,2026-08-11 04:50:00,21.47,952.01,67.8,normal,none,0,none
AWS-006,Hyderabad Begumpet,2026-08-11 05:00:00,21.11,952.13,64.6,normal,none,0,none
AWS-006,Hyderabad Begumpet,2026-08-11 05:10:00,21.48,952.32,63.2,normal,none,0,none
AWS-006,Hyderabad Begumpet,2026-08-11 05:20:00,21.84,951.77,64.2,normal,none,0,none
AWS-006,Hyderabad Begumpet,2026-08-11 05:30:00,22.21,952.15,64.9,normal,none,0,none
AWS-006,Hyderabad Begumpet,2026-08-11 05:40:00,22.97,952.57,62.8,normal,none,0,none
AWS-006,Hyderabad Begumpet,2026-08-11 05:50:00,23.73,952.59,63.4,normal,none,0,none
AWS-006,Hyderabad Begumpet,2026-08-11 06:00:00,22.87,952.42,61.3,normal,none,0,none
AWS-006,Hyderabad Begumpet,2026-08-11 06:10:00,24.27,952.6,62.4,normal,none,0,none
AWS-006,Hyderabad Begumpet,2026-08-11 06:20:00,24.06,952.4,62.0,normal,none,0,none
AWS-006,Hyderabad Begumpet,2026-08-11 06:30:00,23.92,952.41,59.4,normal,none,0,none
AWS-006,Hyderabad Begumpet,2026-08-11 06:40:00,24.57,952.78,61.3,normal,none,0,none
AWS-006,Hyderabad Begumpet,2026-08-11 06:50:00,25.28,952.88,61.5,normal,none,0,none
AWS-006,Hyderabad Begumpet,2026-08-11 07:00:00,24.84,952.92,61.9,normal,none,0,none
AWS-006,Hyderabad Begumpet,2026-08-11 07:10:00,26.03,952.77,60.2,normal,none,0,none
AWS-006,Hyderabad Begumpet,2026-08-11 07:20:00,25.72,952.51,59.6,normal,none,0,none
AWS-006,Hyderabad Begumpet,2026-08-11 07:30:00,26.36,953.2,54.9,normal,none,0,none
AWS-006,Hyderabad Begumpet,2026-08-11 07:40:00,26.37,952.93,55.2,normal,none,0,none
AWS-006,Hyderabad Begumpet,2026-08-11 07:50:00,26.93,952.98,56.5,normal,none,0,none
AWS-006,Hyderabad Begumpet,2026-08-11 08:00:00,27.64,952.89,58.7,normal,none,0,none
AWS-006,Hyderabad Begumpet,2026-08-11 08:10:00,28.29,953.36,56.4,normal,none,0,none
AWS-006,Hyderabad Begumpet,2026-08-11 08:20:00,27.86,953.14,55.5,normal,none,0,none
AWS-006,Hyderabad Begumpet,2026-08-11 08:30:00,28.41,952.8,52.3,normal,none,0,none
AWS-006,Hyderabad Begumpet,2026-08-11 08:40:00,29.07,953.53,54.3,normal,none,0,none
AWS-006,Hyderabad Begumpet,2026-08-11 08:50:00,29.89,953.13,52.7,normal,none,0,none
AWS-006,Hyderabad Begumpet,2026-08-11 09:00:00,29.99,953.4,51.2,normal,none,0,none
AWS-006,Hyderabad Begumpet,2026-08-11 09:10:00,30.0,953.78,49.4,normal,none,0,none
AWS-006,Hyderabad Begumpet,2026-08-11 09:20:00,30.35,953.48,50.8,normal,none,0,none
AWS-006,Hyderabad Begumpet,2026-08-11 09:30:00,30.7,953.32,50.0,normal,none,0,none
AWS-006,Hyderabad Begumpet,2026-08-11 09:40:00,31.82,953.12,49.7,normal,none,0,none
AWS-006,Hyderabad Begumpet,2026-08-11 09:50:00,31.51,953.03,47.3,normal,none,0,none
AWS-006,Hyderabad Begumpet,2026-08-11 10:00:00,32.21,953.63,48.3,normal,none,0,none
AWS-006,Hyderabad Begumpet,2026-08-11 10:10:00,32.38,953.09,46.6,normal,none,0,none
AWS-006,Hyderabad Begumpet,2026-08-11 10:20:00,32.93,953.46,44.1,normal,none,0,none
AWS-006,Hyderabad Begumpet,2026-08-11 10:30:00,33.49,953.78,46.8,normal,none,0,none
AWS-006,Hyderabad Begumpet,2026-08-11 10:40:00,33.33,953.4,46.5,normal,none,0,none
AWS-006,Hyderabad Begumpet,2026-08-11 10:50:00,34.15,953.55,45.4,normal,none,0,none
AWS-006,Hyderabad Begumpet,2026-08-11 11:00:00,34.63,953.2,43.2,normal,none,0,none
AWS-006,Hyderabad Begumpet,2026-08-11 11:10:00,34.54,953.74,44.2,normal,none,0,none
AWS-006,Hyderabad Begumpet,2026-08-11 11:20:00,34.35,953.16,44.1,normal,none,0,none
AWS-006,Hyderabad Begumpet,2026-08-11 11:30:00,35.21,953.21,39.1,normal,none,0,none
AWS-006,Hyderabad Begumpet,2026-08-11 11:40:00,34.73,953.44,40.8,normal,none,0,none
AWS-006,Hyderabad Begumpet,2026-08-11 11:50:00,35.37,953.13,42.3,normal,none,0,none
AWS-006,Hyderabad Begumpet,2026-08-11 12:00:00,,,,communication_failure,communication_failure,1,all
AWS-006,Hyderabad Begumpet,2026-08-11 12:10:00,,,,communication_failure,communication_failure,1,all
AWS-006,Hyderabad Begumpet,2026-08-11 12:20:00,,,,communication_failure,communication_failure,1,all
AWS-006,Hyderabad Begumpet,2026-08-11 12:30:00,,,,communication_failure,communication_failure,1,all
AWS-006,Hyderabad Begumpet,2026-08-11 12:40:00,,,,communication_failure,communication_failure,1,all
AWS-006,Hyderabad Begumpet,2026-08-11 12:50:00,,,,communication_failure,communication_failure,1,all
AWS-006,Hyderabad Begumpet,2026-08-11 13:00:00,36.48,953.08,37.8,normal,none,0,none
AWS-006,Hyderabad Begumpet,2026-08-11 13:10:00,37.41,952.73,37.7,normal,none,0,none
AWS-006,Hyderabad Begumpet,2026-08-11 13:20:00,37.25,952.99,40.2,normal,none,0,none
AWS-006,Hyderabad Begumpet,2026-08-11 13:30:00,37.38,953.15,36.2,normal,none,0,none
AWS-006,Hyderabad Begumpet,2026-08-11 13:40:00,37.17,952.78,38.7,normal,none,0,none
AWS-006,Hyderabad Begumpet,2026-08-11 13:50:00,37.34,952.87,39.5,normal,none,0,none
AWS-006,Hyderabad Begumpet,2026-08-11 14:00:00,37.33,952.77,37.3,normal,none,0,none
AWS-006,Hyderabad Begumpet,2026-08-11 14:10:00,37.63,952.78,36.9,normal,none,0,none
AWS-006,Hyderabad Begumpet,2026-08-11 14:20:00,37.17,952.69,38.2,normal,none,0,none
AWS-006,Hyderabad Begumpet,2026-08-11 14:30:00,37.93,953.14,38.4,normal,none,0,none
AWS-006,Hyderabad Begumpet,2026-08-11 14:40:00,37.64,952.68,35.7,normal,none,0,none
AWS-006,Hyderabad Begumpet,2026-08-11 14:50:00,37.79,952.28,38.7,normal,none,0,none
AWS-006,Hyderabad Begumpet,2026-08-11 15:00:00,37.66,952.59,35.5,normal,none,0,none
AWS-006,Hyderabad Begumpet,2026-08-11 15:10:00,37.64,952.39,36.8,normal,none,0,none
AWS-006,Hyderabad Begumpet,2026-08-11 15:20:00,37.61,952.37,38.2,normal,none,0,none
AWS-006,Hyderabad Begumpet,2026-08-11 15:30:00,37.81,952.35,39.0,normal,none,0,none
AWS-006,Hyderabad Begumpet,2026-08-11 15:40:00,37.92,952.05,37.6,normal,none,0,none
AWS-006,Hyderabad Begumpet,2026-08-11 15:50:00,37.27,952.57,39.7,normal,none,0,none
AWS-006,Hyderabad Begumpet,2026-08-11 16:00:00,37.08,952.35,37.9,normal,none,0,none
AWS-006,Hyderabad Begumpet,2026-08-11 16:10:00,37.05,952.43,40.1,normal,none,0,none
AWS-006,Hyderabad Begumpet,2026-08-11 16:20:00,36.76,952.34,40.9,normal,none,0,none
AWS-006,Hyderabad Begumpet,2026-08-11 16:30:00,36.34,952.05,40.0,normal,none,0,none
AWS-006,Hyderabad Begumpet,2026-08-11 16:40:00,36.32,952.32,39.6,normal,none,0,none
AWS-006,Hyderabad Begumpet,2026-08-11 16:50:00,36.39,952.07,40.1,normal,none,0,none
AWS-006,Hyderabad Begumpet,2026-08-11 17:00:00,36.05,951.69,42.2,normal,none,0,none
AWS-006,Hyderabad Begumpet,2026-08-11 17:10:00,35.65,951.7,40.2,normal,none,0,none
AWS-006,Hyderabad Begumpet,2026-08-11 17:20:00,35.71,951.83,41.2,normal,none,0,none
AWS-006,Hyderabad Begumpet,2026-08-11 17:30:00,34.98,951.59,41.2,normal,none,0,none
AWS-006,Hyderabad Begumpet,2026-08-11 17:40:00,35.07,951.63,43.7,normal,none,0,none
AWS-006,Hyderabad Begumpet,2026-08-11 17:50:00,34.97,951.46,39.6,normal,none,0,none
AWS-006,Hyderabad Begumpet,2026-08-11 18:00:00,34.54,951.61,43.2,normal,none,0,none
AWS-006,Hyderabad Begumpet,2026-08-11 18:10:00,33.73,951.5,45.3,normal,none,0,none
AWS-006,Hyderabad Begumpet,2026-08-11 18:20:00,33.83,951.95,45.3,normal,none,0,none
AWS-006,Hyderabad Begumpet,2026-08-11 18:30:00,33.81,951.5,42.0,normal,none,0,none
AWS-006,Hyderabad Begumpet,2026-08-11 18:40:00,33.79,951.7,45.8,normal,none,0,none
AWS-006,Hyderabad Begumpet,2026-08-11 18:50:00,32.86,951.57,47.7,normal,none,0,none
AWS-006,Hyderabad Begumpet,2026-08-11 19:00:00,32.74,951.37,46.7,normal,none,0,none
AWS-006,Hyderabad Begumpet,2026-08-11 19:10:00,32.13,951.07,48.3,normal,none,0,none
AWS-006,Hyderabad Begumpet,2026-08-11 19:20:00,31.94,951.5,48.5,normal,none,0,none
AWS-006,Hyderabad Begumpet,2026-08-11 19:30:00,32.11,950.89,48.6,normal,none,0,none
AWS-006,Hyderabad Begumpet,2026-08-11 19:40:00,31.1,951.4,48.5,normal,none,0,none
AWS-006,Hyderabad Begumpet,2026-08-11 19:50:00,30.92,951.25,49.0,normal,none,0,none
AWS-006,Hyderabad Begumpet,2026-08-11 20:00:00,30.22,951.24,51.8,normal,none,0,none
AWS-006,Hyderabad Begumpet,2026-08-11 20:10:00,30.87,951.52,51.3,normal,none,0,none
AWS-006,Hyderabad Begumpet,2026-08-11 20:20:00,29.55,951.72,53.8,normal,none,0,none
AWS-006,Hyderabad Begumpet,2026-08-11 20:30:00,29.79,951.92,51.5,normal,none,0,none
AWS-006,Hyderabad Begumpet,2026-08-11 20:40:00,29.3,951.59,54.0,normal,none,0,none
AWS-006,Hyderabad Begumpet,2026-08-11 20:50:00,29.29,951.89,54.3,normal,none,0,none
AWS-006,Hyderabad Begumpet,2026-08-11 21:00:00,28.13,951.14,54.5,normal,none,0,none
AWS-006,Hyderabad Begumpet,2026-08-11 21:10:00,28.12,951.85,53.4,normal,none,0,none
AWS-006,Hyderabad Begumpet,2026-08-11 21:20:00,27.89,951.76,56.9,normal,none,0,none
AWS-006,Hyderabad Begumpet,2026-08-11 21:30:00,27.25,951.45,55.6,normal,none,0,none
AWS-006,Hyderabad Begumpet,2026-08-11 21:40:00,26.57,951.62,58.5,normal,none,0,none
AWS-006,Hyderabad Begumpet,2026-08-11 21:50:00,27.15,951.91,57.7,normal,none,0,none
AWS-006,Hyderabad Begumpet,2026-08-11 22:00:00,26.9,951.43,57.5,normal,none,0,none
AWS-006,Hyderabad Begumpet,2026-08-11 22:10:00,26.12,951.92,60.3,normal,none,0,none
AWS-006,Hyderabad Begumpet,2026-08-11 22:20:00,25.94,951.83,59.8,normal,none,0,none
AWS-006,Hyderabad Begumpet,2026-08-11 22:30:00,25.31,952.12,59.5,normal,none,0,none
AWS-006,Hyderabad Begumpet,2026-08-11 22:40:00,24.93,952.58,59.8,normal,none,0,none
AWS-006,Hyderabad Begumpet,2026-08-11 22:50:00,25.03,951.76,62.0,normal,none,0,none
AWS-006,Hyderabad Begumpet,2026-08-11 23:00:00,24.52,951.75,61.2,normal,none,0,none
AWS-006,Hyderabad Begumpet,2026-08-11 23:10:00,24.08,952.24,61.4,normal,none,0,none
AWS-006,Hyderabad Begumpet,2026-08-11 23:20:00,23.63,952.02,64.2,normal,none,0,none
AWS-006,Hyderabad Begumpet,2026-08-11 23:30:00,23.81,952.12,61.5,normal,none,0,none
AWS-006,Hyderabad Begumpet,2026-08-11 23:40:00,23.03,952.1,62.1,normal,none,0,none
AWS-006,Hyderabad Begumpet,2026-08-11 23:50:00,23.24,952.1,63.5,normal,none,0,none
AWS-006,Hyderabad Begumpet,2026-08-12 00:00:00,22.44,953.11,65.6,normal,none,0,none
AWS-006,Hyderabad Begumpet,2026-08-12 00:10:00,22.03,952.24,64.9,normal,none,0,none
AWS-006,Hyderabad Begumpet,2026-08-12 00:20:00,23.02,952.68,63.3,normal,none,0,none
AWS-006,Hyderabad Begumpet,2026-08-12 00:30:00,22.43,952.86,64.4,normal,none,0,none
AWS-006,Hyderabad Begumpet,2026-08-12 00:40:00,22.19,953.13,66.5,normal,none,0,none
AWS-006,Hyderabad Begumpet,2026-08-12 00:50:00,22.07,952.98,66.1,normal,none,0,none
AWS-006,Hyderabad Begumpet,2026-08-12 01:00:00,21.67,953.07,67.2,normal,none,0,none
AWS-006,Hyderabad Begumpet,2026-08-12 01:10:00,21.82,952.67,66.2,normal,none,0,none
AWS-006,Hyderabad Begumpet,2026-08-12 01:20:00,21.67,952.99,68.0,normal,none,0,none
AWS-006,Hyderabad Begumpet,2026-08-12 01:30:00,22.12,953.49,67.4,normal,none,0,none
AWS-006,Hyderabad Begumpet,2026-08-12 01:40:00,21.77,953.62,67.1,normal,none,0,none
AWS-006,Hyderabad Begumpet,2026-08-12 01:50:00,20.68,953.37,68.1,normal,none,0,none
AWS-006,Hyderabad Begumpet,2026-08-12 02:00:00,21.55,953.38,66.8,normal,none,0,none
AWS-006,Hyderabad Begumpet,2026-08-12 02:10:00,21.38,953.67,68.1,normal,none,0,none
AWS-006,Hyderabad Begumpet,2026-08-12 02:20:00,21.8,953.55,66.9,normal,none,0,none
AWS-006,Hyderabad Begumpet,2026-08-12 02:30:00,20.99,953.42,67.9,normal,none,0,none
AWS-006,Hyderabad Begumpet,2026-08-12 02:40:00,21.56,953.89,68.1,normal,none,0,none
AWS-006,Hyderabad Begumpet,2026-08-12 02:50:00,21.61,953.81,67.3,normal,none,0,none
AWS-006,Hyderabad Begumpet,2026-08-12 03:00:00,21.65,954.07,67.4,normal,none,0,none
AWS-006,Hyderabad Begumpet,2026-08-12 03:10:00,21.56,954.53,68.4,normal,none,0,none
AWS-006,Hyderabad Begumpet,2026-08-12 03:20:00,21.93,954.11,65.0,normal,none,0,none
AWS-006,Hyderabad Begumpet,2026-08-12 03:30:00,22.27,954.07,67.3,normal,none,0,none
AWS-006,Hyderabad Begumpet,2026-08-12 03:40:00,21.63,954.45,67.3,normal,none,0,none
AWS-006,Hyderabad Begumpet,2026-08-12 03:50:00,21.56,954.53,65.0,normal,none,0,none
AWS-006,Hyderabad Begumpet,2026-08-12 04:00:00,21.43,954.99,65.7,normal,none,0,none
AWS-006,Hyderabad Begumpet,2026-08-12 04:10:00,21.8,954.94,64.3,normal,none,0,none
AWS-006,Hyderabad Begumpet,2026-08-12 04:20:00,22.15,954.81,64.8,normal,none,0,none
AWS-006,Hyderabad Begumpet,2026-08-12 04:30:00,23.05,955.36,64.5,normal,none,0,none
AWS-006,Hyderabad Begumpet,2026-08-12 04:40:00,23.07,955.5,64.9,normal,none,0,none
AWS-006,Hyderabad Begumpet,2026-08-12 04:50:00,22.72,954.74,65.9,normal,none,0,none
AWS-006,Hyderabad Begumpet,2026-08-12 05:00:00,23.29,955.54,65.4,normal,none,0,none
AWS-006,Hyderabad Begumpet,2026-08-12 05:10:00,23.06,955.6,65.0,normal,none,0,none
AWS-006,Hyderabad Begumpet,2026-08-12 05:20:00,23.22,955.54,61.9,normal,none,0,none
AWS-006,Hyderabad Begumpet,2026-08-12 05:30:00,23.8,955.19,64.7,normal,none,0,none
AWS-006,Hyderabad Begumpet,2026-08-12 05:40:00,23.41,955.69,62.5,normal,none,0,none
AWS-006,Hyderabad Begumpet,2026-08-12 05:50:00,24.32,955.6,61.1,normal,none,0,none
AWS-006,Hyderabad Begumpet,2026-08-12 06:00:00,24.36,955.93,60.5,normal,none,0,none
AWS-006,Hyderabad Begumpet,2026-08-12 06:10:00,25.01,955.58,60.0,normal,none,0,none
AWS-006,Hyderabad Begumpet,2026-08-12 06:20:00,25.12,956.16,60.5,normal,none,0,none
AWS-006,Hyderabad Begumpet,2026-08-12 06:30:00,26.0,956.19,62.7,normal,none,0,none
AWS-006,Hyderabad Begumpet,2026-08-12 06:40:00,25.56,956.35,57.6,normal,none,0,none
AWS-006,Hyderabad Begumpet,2026-08-12 06:50:00,26.22,956.0,59.2,normal,none,0,none
AWS-006,Hyderabad Begumpet,2026-08-12 07:00:00,25.96,955.89,58.9,normal,none,0,none
AWS-006,Hyderabad Begumpet,2026-08-12 07:10:00,26.52,956.12,59.2,normal,none,0,none
AWS-006,Hyderabad Begumpet,2026-08-12 07:20:00,27.79,956.49,55.3,normal,none,0,none
AWS-006,Hyderabad Begumpet,2026-08-12 07:30:00,27.34,956.49,56.0,normal,none,0,none
AWS-006,Hyderabad Begumpet,2026-08-12 07:40:00,28.34,956.28,54.6,normal,none,0,none
AWS-006,Hyderabad Begumpet,2026-08-12 07:50:00,28.49,956.37,55.4,normal,none,0,none
AWS-006,Hyderabad Begumpet,2026-08-12 08:00:00,28.46,956.24,53.7,normal,none,0,none
AWS-006,Hyderabad Begumpet,2026-08-12 08:10:00,29.01,956.33,54.7,normal,none,0,none
AWS-006,Hyderabad Begumpet,2026-08-12 08:20:00,29.25,956.33,54.2,normal,none,0,none
AWS-006,Hyderabad Begumpet,2026-08-12 08:30:00,29.98,955.86,52.6,normal,none,0,none
AWS-006,Hyderabad Begumpet,2026-08-12 08:40:00,30.08,956.52,53.2,normal,none,0,none
AWS-006,Hyderabad Begumpet,2026-08-12 08:50:00,30.71,956.32,50.4,normal,none,0,none
AWS-006,Hyderabad Begumpet,2026-08-12 09:00:00,31.23,956.61,50.0,normal,none,0,none
AWS-006,Hyderabad Begumpet,2026-08-12 09:10:00,31.55,956.54,49.9,normal,none,0,none
AWS-006,Hyderabad Begumpet,2026-08-12 09:20:00,32.22,956.54,50.8,normal,none,0,none
AWS-006,Hyderabad Begumpet,2026-08-12 09:30:00,31.9,956.3,47.7,normal,none,0,none
AWS-006,Hyderabad Begumpet,2026-08-12 09:40:00,32.08,956.77,46.7,normal,none,0,none
AWS-006,Hyderabad Begumpet,2026-08-12 09:50:00,32.91,956.47,45.9,normal,none,0,none
AWS-006,Hyderabad Begumpet,2026-08-12 10:00:00,33.83,956.48,45.8,normal,none,0,none
AWS-006,Hyderabad Begumpet,2026-08-12 10:10:00,33.51,956.26,44.9,normal,none,0,none
AWS-006,Hyderabad Begumpet,2026-08-12 10:20:00,33.36,956.4,44.9,normal,none,0,none
AWS-006,Hyderabad Begumpet,2026-08-12 10:30:00,34.05,956.79,44.6,normal,none,0,none
AWS-006,Hyderabad Begumpet,2026-08-12 10:40:00,34.17,956.82,43.8,normal,none,0,none
AWS-006,Hyderabad Begumpet,2026-08-12 10:50:00,34.23,956.52,45.3,normal,none,0,none
AWS-006,Hyderabad Begumpet,2026-08-12 11:00:00,34.78,956.63,41.4,normal,none,0,none
AWS-006,Hyderabad Begumpet,2026-08-12 11:10:00,35.46,956.33,42.2,normal,none,0,none
AWS-006,Hyderabad Begumpet,2026-08-12 11:20:00,35.5,956.42,39.2,normal,none,0,none
AWS-006,Hyderabad Begumpet,2026-08-12 11:30:00,35.46,956.48,40.4,normal,none,0,none
AWS-006,Hyderabad Begumpet,2026-08-12 11:40:00,35.58,955.87,42.6,normal,none,0,none
AWS-006,Hyderabad Begumpet,2026-08-12 11:50:00,36.05,956.32,39.0,normal,none,0,none
AWS-006,Hyderabad Begumpet,2026-08-12 12:00:00,35.88,956.07,41.3,normal,none,0,none
AWS-006,Hyderabad Begumpet,2026-08-12 12:10:00,36.35,955.78,39.9,normal,none,0,none
AWS-006,Hyderabad Begumpet,2026-08-12 12:20:00,36.92,956.79,38.3,normal,none,0,none
AWS-006,Hyderabad Begumpet,2026-08-12 12:30:00,37.27,956.42,36.2,normal,none,0,none
AWS-006,Hyderabad Begumpet,2026-08-12 12:40:00,37.3,955.7,38.1,normal,none,0,none
AWS-006,Hyderabad Begumpet,2026-08-12 12:50:00,37.27,956.14,36.7,normal,none,0,none
AWS-006,Hyderabad Begumpet,2026-08-12 13:00:00,37.76,956.25,37.8,normal,none,0,none
AWS-006,Hyderabad Begumpet,2026-08-12 13:10:00,37.19,955.92,37.1,normal,none,0,none
AWS-006,Hyderabad Begumpet,2026-08-12 13:20:00,37.65,955.89,37.6,normal,none,0,none
AWS-006,Hyderabad Begumpet,2026-08-12 13:30:00,37.99,955.96,38.9,normal,none,0,none
AWS-006,Hyderabad Begumpet,2026-08-12 13:40:00,38.09,955.25,37.1,normal,none,0,none
AWS-006,Hyderabad Begumpet,2026-08-12 13:50:00,38.74,955.36,37.4,normal,none,0,none
AWS-006,Hyderabad Begumpet,2026-08-12 14:00:00,38.15,955.39,36.9,normal,none,0,none
AWS-006,Hyderabad Begumpet,2026-08-12 14:10:00,38.23,955.35,37.1,normal,none,0,none
AWS-006,Hyderabad Begumpet,2026-08-12 14:20:00,38.36,955.63,34.8,normal,none,0,none
AWS-006,Hyderabad Begumpet,2026-08-12 14:30:00,38.61,955.55,39.0,normal,none,0,none
AWS-006,Hyderabad Begumpet,2026-08-12 14:40:00,38.11,955.49,36.7,normal,none,0,none
AWS-006,Hyderabad Begumpet,2026-08-12 14:50:00,37.57,955.2,39.0,normal,none,0,none
AWS-006,Hyderabad Begumpet,2026-08-12 15:00:00,37.8,955.37,35.9,normal,none,0,none
AWS-006,Hyderabad Begumpet,2026-08-12 15:10:00,37.23,955.0,36.7,normal,none,0,none
AWS-006,Hyderabad Begumpet,2026-08-12 15:20:00,38.12,954.99,37.1,normal,none,0,none
AWS-006,Hyderabad Begumpet,2026-08-12 15:30:00,37.64,954.78,38.5,normal,none,0,none
AWS-006,Hyderabad Begumpet,2026-08-12 15:40:00,37.98,954.93,38.3,normal,none,0,none
AWS-006,Hyderabad Begumpet,2026-08-12 15:50:00,37.2,954.87,37.7,normal,none,0,none
AWS-006,Hyderabad Begumpet,2026-08-12 16:00:00,37.14,955.26,37.8,normal,none,0,none
AWS-006,Hyderabad Begumpet,2026-08-12 16:10:00,37.17,954.74,37.8,normal,none,0,none
AWS-006,Hyderabad Begumpet,2026-08-12 16:20:00,37.21,954.73,39.4,normal,none,0,none
AWS-006,Hyderabad Begumpet,2026-08-12 16:30:00,36.75,954.8,35.9,normal,none,0,none
AWS-006,Hyderabad Begumpet,2026-08-12 16:40:00,67.12389701079388,954.75,39.7,spike,temperature_spike,1,temperature
AWS-006,Hyderabad Begumpet,2026-08-12 16:50:00,36.34,954.41,40.4,normal,none,0,none
AWS-006,Hyderabad Begumpet,2026-08-12 17:00:00,36.29,954.37,40.0,normal,none,0,none
AWS-006,Hyderabad Begumpet,2026-08-12 17:10:00,35.98,954.72,40.3,normal,none,0,none
AWS-006,Hyderabad Begumpet,2026-08-12 17:20:00,35.48,954.35,42.8,normal,none,0,none
AWS-006,Hyderabad Begumpet,2026-08-12 17:30:00,35.2,954.26,43.1,normal,none,0,none
AWS-006,Hyderabad Begumpet,2026-08-12 17:40:00,34.8,954.38,42.3,normal,none,0,none
AWS-006,Hyderabad Begumpet,2026-08-12 17:50:00,35.34,954.43,44.5,normal,none,0,none
AWS-006,Hyderabad Begumpet,2026-08-12 18:00:00,34.68,954.29,42.1,normal,none,0,none
AWS-006,Hyderabad Begumpet,2026-08-12 18:10:00,34.02,954.17,44.3,normal,none,0,none
AWS-006,Hyderabad Begumpet,2026-08-12 18:20:00,34.72,954.54,45.6,normal,none,0,none
AWS-006,Hyderabad Begumpet,2026-08-12 18:30:00,32.99,953.55,44.4,normal,none,0,none
AWS-006,Hyderabad Begumpet,2026-08-12 18:40:00,32.65,953.69,46.4,normal,none,0,none
AWS-006,Hyderabad Begumpet,2026-08-12 18:50:00,32.9,953.86,47.2,normal,none,0,none
AWS-006,Hyderabad Begumpet,2026-08-12 19:00:00,32.84,953.43,48.0,normal,none,0,none
AWS-006,Hyderabad Begumpet,2026-08-12 19:10:00,31.56,953.88,49.4,normal,none,0,none
AWS-006,Hyderabad Begumpet,2026-08-12 19:20:00,32.11,953.48,49.6,normal,none,0,none
AWS-006,Hyderabad Begumpet,2026-08-12 19:30:00,31.29,953.86,47.7,normal,none,0,none
AWS-006,Hyderabad Begumpet,2026-08-12 19:40:00,31.35,954.16,47.8,normal,none,0,none
AWS-006,Hyderabad Begumpet,2026-08-12 19:50:00,30.9,953.47,49.5,normal,none,0,none
AWS-006,Hyderabad Begumpet,2026-08-12 20:00:00,30.23,953.75,50.6,normal,none,0,none
AWS-006,Hyderabad Begumpet,2026-08-12 20:10:00,29.62,953.78,50.8,normal,none,0,none
AWS-006,Hyderabad Begumpet,2026-08-12 20:20:00,29.81,953.57,53.0,normal,none,0,none
AWS-006,Hyderabad Begumpet,2026-08-12 20:30:00,29.63,953.73,54.8,normal,none,0,none
AWS-006,Hyderabad Begumpet,2026-08-12 20:40:00,28.76,953.6,53.9,normal,none,0,none
AWS-006,Hyderabad Begumpet,2026-08-12 20:50:00,27.8,953.51,53.5,normal,none,0,none
AWS-006,Hyderabad Begumpet,2026-08-12 21:00:00,27.85,954.0,56.1,normal,none,0,none
AWS-006,Hyderabad Begumpet,2026-08-12 21:10:00,27.74,953.66,53.9,normal,none,0,none
AWS-006,Hyderabad Begumpet,2026-08-12 21:20:00,27.18,953.93,56.9,normal,none,0,none
AWS-006,Hyderabad Begumpet,2026-08-12 21:30:00,27.02,953.59,56.5,normal,none,0,none
AWS-006,Hyderabad Begumpet,2026-08-12 21:40:00,26.21,953.61,56.1,normal,none,0,none
AWS-006,Hyderabad Begumpet,2026-08-12 21:50:00,26.58,953.76,59.1,normal,none,0,none
AWS-006,Hyderabad Begumpet,2026-08-12 22:00:00,26.33,953.68,58.5,normal,none,0,none
AWS-006,Hyderabad Begumpet,2026-08-12 22:10:00,25.18,953.91,57.4,normal,none,0,none
AWS-006,Hyderabad Begumpet,2026-08-12 22:20:00,24.74,953.7,58.8,normal,none,0,none
AWS-006,Hyderabad Begumpet,2026-08-12 22:30:00,24.79,954.01,59.1,normal,none,0,none
AWS-006,Hyderabad Begumpet,2026-08-12 22:40:00,24.25,953.81,61.4,normal,none,0,none
AWS-006,Hyderabad Begumpet,2026-08-12 22:50:00,23.75,953.9,60.9,normal,none,0,none
AWS-006,Hyderabad Begumpet,2026-08-12 23:00:00,24.69,954.07,62.0,normal,none,0,none
AWS-006,Hyderabad Begumpet,2026-08-12 23:10:00,23.69,954.05,61.8,normal,none,0,none
AWS-006,Hyderabad Begumpet,2026-08-12 23:20:00,23.14,954.17,63.9,normal,none,0,none
AWS-006,Hyderabad Begumpet,2026-08-12 23:30:00,22.74,953.74,62.2,normal,none,0,none
AWS-006,Hyderabad Begumpet,2026-08-12 23:40:00,22.24,954.6,64.0,normal,none,0,none
AWS-006,Hyderabad Begumpet,2026-08-12 23:50:00,22.01,954.38,64.3,normal,none,0,none
AWS-006,Hyderabad Begumpet,2026-08-13 00:00:00,21.96,954.64,63.4,normal,none,0,none
AWS-006,Hyderabad Begumpet,2026-08-13 00:10:00,22.49,954.14,65.1,normal,none,0,none
AWS-006,Hyderabad Begumpet,2026-08-13 00:20:00,21.3,954.03,65.5,normal,none,0,none
AWS-006,Hyderabad Begumpet,2026-08-13 00:30:00,21.45,954.4,65.1,normal,none,0,none
AWS-006,Hyderabad Begumpet,2026-08-13 00:40:00,21.05,954.33,65.0,normal,none,0,none
AWS-006,Hyderabad Begumpet,2026-08-13 00:50:00,21.15,954.38,66.7,normal,none,0,none
AWS-006,Hyderabad Begumpet,2026-08-13 01:00:00,20.68,954.68,66.7,normal,none,0,none
AWS-006,Hyderabad Begumpet,2026-08-13 01:10:00,20.72,954.64,69.5,normal,none,0,none
AWS-006,Hyderabad Begumpet,2026-08-13 01:20:00,20.94,954.74,66.8,normal,none,0,none
AWS-006,Hyderabad Begumpet,2026-08-13 01:30:00,20.92,954.72,68.6,normal,none,0,none
AWS-006,Hyderabad Begumpet,2026-08-13 01:40:00,20.85,954.8,67.6,normal,none,0,none
AWS-006,Hyderabad Begumpet,2026-08-13 01:50:00,20.81,954.93,69.0,normal,none,0,none
AWS-006,Hyderabad Begumpet,2026-08-13 02:00:00,20.03,954.76,68.0,normal,none,0,none
AWS-006,Hyderabad Begumpet,2026-08-13 02:10:00,19.77,954.93,67.7,normal,none,0,none
AWS-006,Hyderabad Begumpet,2026-08-13 02:20:00,20.55,955.2,70.0,normal,none,0,none
AWS-006,Hyderabad Begumpet,2026-08-13 02:30:00,20.29,955.32,66.8,normal,none,0,none
AWS-006,Hyderabad Begumpet,2026-08-13 02:40:00,19.84,955.62,69.6,normal,none,0,none
AWS-006,Hyderabad Begumpet,2026-08-13 02:50:00,20.34,955.03,69.7,normal,none,0,none
AWS-006,Hyderabad Begumpet,2026-08-13 03:00:00,20.51,955.71,68.7,normal,none,0,none
AWS-006,Hyderabad Begumpet,2026-08-13 03:10:00,20.2,955.17,66.5,normal,none,0,none
AWS-006,Hyderabad Begumpet,2026-08-13 03:20:00,20.01,955.52,66.9,normal,none,0,none
AWS-006,Hyderabad Begumpet,2026-08-13 03:30:00,20.06,955.88,67.8,normal,none,0,none
AWS-006,Hyderabad Begumpet,2026-08-13 03:40:00,20.77,955.61,66.8,normal,none,0,none
AWS-006,Hyderabad Begumpet,2026-08-13 03:50:00,20.99,955.87,68.3,normal,none,0,none
AWS-006,Hyderabad Begumpet,2026-08-13 04:00:00,21.03,955.73,67.2,normal,none,0,none
AWS-006,Hyderabad Begumpet,2026-08-13 04:10:00,20.83,956.07,68.5,normal,none,0,none
AWS-006,Hyderabad Begumpet,2026-08-13 04:20:00,20.52,956.33,69.3,normal,none,0,none
AWS-006,Hyderabad Begumpet,2026-08-13 04:30:00,21.06,956.33,66.8,normal,none,0,none
AWS-006,Hyderabad Begumpet,2026-08-13 04:40:00,21.41,956.26,65.1,normal,none,0,none
AWS-006,Hyderabad Begumpet,2026-08-13 04:50:00,21.88,956.15,65.9,normal,none,0,none
AWS-006,Hyderabad Begumpet,2026-08-13 05:00:00,21.48,956.34,67.2,normal,none,0,none
AWS-006,Hyderabad Begumpet,2026-08-13 05:10:00,21.29,956.58,66.3,normal,none,0,none
AWS-006,Hyderabad Begumpet,2026-08-13 05:20:00,21.85,956.09,64.3,normal,none,0,none
AWS-006,Hyderabad Begumpet,2026-08-13 05:30:00,22.52,956.55,65.1,normal,none,0,none
AWS-006,Hyderabad Begumpet,2026-08-13 05:40:00,22.92,956.08,65.9,normal,none,0,none
AWS-006,Hyderabad Begumpet,2026-08-13 05:50:00,22.65,955.91,67.0,normal,none,0,none
AWS-006,Hyderabad Begumpet,2026-08-13 06:00:00,23.41,956.74,63.1,normal,none,0,none
AWS-006,Hyderabad Begumpet,2026-08-13 06:10:00,23.3,956.94,61.6,normal,none,0,none
AWS-006,Hyderabad Begumpet,2026-08-13 06:20:00,23.77,956.47,62.2,normal,none,0,none
AWS-006,Hyderabad Begumpet,2026-08-13 06:30:00,23.81,957.35,61.5,normal,none,0,none
AWS-006,Hyderabad Begumpet,2026-08-13 06:40:00,23.92,957.03,62.5,normal,none,0,none
AWS-006,Hyderabad Begumpet,2026-08-13 06:50:00,24.71,956.98,63.1,normal,none,0,none
AWS-006,Hyderabad Begumpet,2026-08-13 07:00:00,24.97,957.16,59.5,normal,none,0,none
AWS-006,Hyderabad Begumpet,2026-08-13 07:10:00,25.24,957.11,59.0,normal,none,0,none
AWS-006,Hyderabad Begumpet,2026-08-13 07:20:00,25.84,957.12,59.7,normal,none,0,none
AWS-006,Hyderabad Begumpet,2026-08-13 07:30:00,26.59,957.18,57.2,normal,none,0,none
AWS-006,Hyderabad Begumpet,2026-08-13 07:40:00,26.1,956.82,55.7,normal,none,0,none
AWS-006,Hyderabad Begumpet,2026-08-13 07:50:00,26.65,956.98,55.7,normal,none,0,none
AWS-006,Hyderabad Begumpet,2026-08-13 08:00:00,26.81,957.11,59.5,normal,none,0,none
AWS-006,Hyderabad Begumpet,2026-08-13 08:10:00,27.38,957.04,55.9,normal,none,0,none
AWS-006,Hyderabad Begumpet,2026-08-13 08:20:00,27.76,956.88,55.6,normal,none,0,none
AWS-006,Hyderabad Begumpet,2026-08-13 08:30:00,27.95,956.57,55.5,normal,none,0,none
AWS-006,Hyderabad Begumpet,2026-08-13 08:40:00,27.85,957.28,54.6,normal,none,0,none
AWS-006,Hyderabad Begumpet,2026-08-13 08:50:00,28.9,956.82,53.0,normal,none,0,none
AWS-006,Hyderabad Begumpet,2026-08-13 09:00:00,29.48,957.25,50.2,normal,none,0,none
AWS-006,Hyderabad Begumpet,2026-08-13 09:10:00,29.33,957.28,52.2,normal,none,0,none
AWS-006,Hyderabad Begumpet,2026-08-13 09:20:00,30.18,956.98,51.5,normal,none,0,none
AWS-006,Hyderabad Begumpet,2026-08-13 09:30:00,30.62,957.48,49.1,normal,none,0,none
AWS-006,Hyderabad Begumpet,2026-08-13 09:40:00,30.87,956.77,49.9,normal,none,0,none
AWS-006,Hyderabad Begumpet,2026-08-13 09:50:00,30.89,956.93,47.8,normal,none,0,none
AWS-006,Hyderabad Begumpet,2026-08-13 10:00:00,31.15,956.81,48.7,normal,none,0,none
AWS-006,Hyderabad Begumpet,2026-08-13 10:10:00,32.4,957.02,48.2,normal,none,0,none
AWS-006,Hyderabad Begumpet,2026-08-13 10:20:00,32.29,956.44,47.4,normal,none,0,none
AWS-006,Hyderabad Begumpet,2026-08-13 10:30:00,32.03,956.85,48.1,normal,none,0,none
AWS-006,Hyderabad Begumpet,2026-08-13 10:40:00,32.9,956.55,47.6,normal,none,0,none
AWS-006,Hyderabad Begumpet,2026-08-13 10:50:00,33.45,956.72,44.9,normal,none,0,none
AWS-006,Hyderabad Begumpet,2026-08-13 11:00:00,32.92,956.5,45.2,normal,none,0,none
AWS-006,Hyderabad Begumpet,2026-08-13 11:10:00,33.37,957.06,46.5,normal,none,0,none
AWS-006,Hyderabad Begumpet,2026-08-13 11:20:00,34.03,956.84,43.4,normal,none,0,none
AWS-006,Hyderabad Begumpet,2026-08-13 11:30:00,34.43,956.28,45.8,normal,none,0,none
AWS-006,Hyderabad Begumpet,2026-08-13 11:40:00,34.43,956.69,44.7,normal,none,0,none
AWS-006,Hyderabad Begumpet,2026-08-13 11:50:00,34.28,956.28,43.4,normal,none,0,none
AWS-006,Hyderabad Begumpet,2026-08-13 12:00:00,34.47,956.38,41.8,normal,none,0,none
AWS-006,Hyderabad Begumpet,2026-08-13 12:10:00,34.56,956.12,43.1,normal,none,0,none
AWS-006,Hyderabad Begumpet,2026-08-13 12:20:00,35.23,956.11,41.1,normal,none,0,none
AWS-006,Hyderabad Begumpet,2026-08-13 12:30:00,35.27,955.97,39.2,normal,none,0,none
AWS-006,Hyderabad Begumpet,2026-08-13 12:40:00,35.52,955.82,42.9,normal,none,0,none
AWS-006,Hyderabad Begumpet,2026-08-13 12:50:00,35.63,955.85,41.0,normal,none,0,none
AWS-006,Hyderabad Begumpet,2026-08-13 13:00:00,35.29,955.76,41.3,normal,none,0,none
AWS-006,Hyderabad Begumpet,2026-08-13 13:10:00,36.13,955.95,41.6,normal,none,0,none
AWS-006,Hyderabad Begumpet,2026-08-13 13:20:00,35.89,955.55,39.9,normal,none,0,none
AWS-006,Hyderabad Begumpet,2026-08-13 13:30:00,35.4,955.65,42.2,normal,none,0,none
AWS-006,Hyderabad Begumpet,2026-08-13 13:40:00,36.12,955.48,39.6,normal,none,0,none
AWS-006,Hyderabad Begumpet,2026-08-13 13:50:00,36.09,955.12,41.6,normal,none,0,none
AWS-006,Hyderabad Begumpet,2026-08-13 14:00:00,36.23,955.6,40.1,normal,none,0,none
AWS-006,Hyderabad Begumpet,2026-08-13 14:10:00,36.79,954.91,39.7,normal,none,0,none
AWS-006,Hyderabad Begumpet,2026-08-13 14:20:00,35.83,955.07,40.3,normal,none,0,none
AWS-006,Hyderabad Begumpet,2026-08-13 14:30:00,35.66,954.86,39.9,normal,none,0,none
AWS-006,Hyderabad Begumpet,2026-08-13 14:40:00,36.06,955.32,40.0,normal,none,0,none
AWS-006,Hyderabad Begumpet,2026-08-13 14:50:00,35.73,955.03,41.9,normal,none,0,none
AWS-006,Hyderabad Begumpet,2026-08-13 15:00:00,35.63,954.66,41.1,normal,none,0,none
AWS-006,Hyderabad Begumpet,2026-08-13 15:10:00,36.25,955.2,39.3,normal,none,0,none
AWS-006,Hyderabad Begumpet,2026-08-13 15:20:00,35.4,954.51,39.5,normal,none,0,none
AWS-006,Hyderabad Begumpet,2026-08-13 15:30:00,35.49,954.32,38.5,normal,none,0,none
AWS-006,Hyderabad Begumpet,2026-08-13 15:40:00,36.02,953.92,41.6,normal,none,0,none
AWS-006,Hyderabad Begumpet,2026-08-13 15:50:00,35.11,953.89,40.3,normal,none,0,none
AWS-006,Hyderabad Begumpet,2026-08-13 16:00:00,35.2,954.08,39.3,normal,none,0,none
AWS-006,Hyderabad Begumpet,2026-08-13 16:10:00,35.43,954.04,42.5,normal,none,0,none
AWS-006,Hyderabad Begumpet,2026-08-13 16:20:00,34.82,954.18,42.0,normal,none,0,none
AWS-006,Hyderabad Begumpet,2026-08-13 16:30:00,34.92,953.83,43.2,normal,none,0,none
AWS-006,Hyderabad Begumpet,2026-08-13 16:40:00,34.13,953.96,43.5,normal,none,0,none
AWS-006,Hyderabad Begumpet,2026-08-13 16:50:00,34.18,953.7,44.7,normal,none,0,none
AWS-006,Hyderabad Begumpet,2026-08-13 17:00:00,33.78,953.88,45.0,normal,none,0,none
AWS-006,Hyderabad Begumpet,2026-08-13 17:10:00,33.88,953.69,40.4,normal,none,0,none
AWS-006,Hyderabad Begumpet,2026-08-13 17:20:00,33.43,953.5,44.2,normal,none,0,none
AWS-006,Hyderabad Begumpet,2026-08-13 17:30:00,32.57,953.49,44.7,normal,none,0,none
AWS-006,Hyderabad Begumpet,2026-08-13 17:40:00,32.96,953.28,48.1,normal,none,0,none
AWS-006,Hyderabad Begumpet,2026-08-13 17:50:00,32.79,953.21,47.7,normal,none,0,none
AWS-006,Hyderabad Begumpet,2026-08-13 18:00:00,27.261265348369896,943.7371321087887,72.36270396281799,possible_weather_event,possible_weather_event,1,meteorological
AWS-006,Hyderabad Begumpet,2026-08-13 18:10:00,26.26982503945741,940.498944231642,70.39575916805867,possible_weather_event,possible_weather_event,1,meteorological
AWS-006,Hyderabad Begumpet,2026-08-13 18:20:00,25.60441390396597,941.1355125868278,69.70385536535997,possible_weather_event,possible_weather_event,1,meteorological
AWS-006,Hyderabad Begumpet,2026-08-13 18:30:00,25.3111378702464,944.0868552578762,70.74567070880863,possible_weather_event,possible_weather_event,1,meteorological
AWS-006,Hyderabad Begumpet,2026-08-13 18:40:00,22.757786156866665,939.2462078015526,80.909165525514,possible_weather_event,possible_weather_event,1,meteorological
AWS-006,Hyderabad Begumpet,2026-08-13 18:50:00,25.108465577066575,943.8839673159617,80.09502934465804,possible_weather_event,possible_weather_event,1,meteorological
AWS-006,Hyderabad Begumpet,2026-08-13 19:00:00,24.389618765650994,943.2677705909314,77.93729983144651,possible_weather_event,possible_weather_event,1,meteorological
AWS-006,Hyderabad Begumpet,2026-08-13 19:10:00,25.444028697211955,939.1440775875274,76.06413976080023,possible_weather_event,possible_weather_event,1,meteorological
AWS-006,Hyderabad Begumpet,2026-08-13 19:20:00,29.94,952.82,52.4,normal,none,0,none
AWS-006,Hyderabad Begumpet,2026-08-13 19:30:00,29.14,952.25,52.1,normal,none,0,none
AWS-006,Hyderabad Begumpet,2026-08-13 19:40:00,29.05,952.82,52.5,normal,none,0,none
AWS-006,Hyderabad Begumpet,2026-08-13 19:50:00,28.41,952.55,53.2,normal,none,0,none
AWS-006,Hyderabad Begumpet,2026-08-13 20:00:00,28.12,952.16,53.9,normal,none,0,none
AWS-006,Hyderabad Begumpet,2026-08-13 20:10:00,27.34,951.81,53.3,normal,none,0,none
AWS-006,Hyderabad Begumpet,2026-08-13 20:20:00,27.41,952.58,53.4,normal,none,0,none
AWS-006,Hyderabad Begumpet,2026-08-13 20:30:00,27.21,952.55,57.3,normal,none,0,none
AWS-006,Hyderabad Begumpet,2026-08-13 20:40:00,26.3,952.5,56.1,normal,none,0,none
AWS-006,Hyderabad Begumpet,2026-08-13 20:50:00,25.84,952.05,57.5,normal,none,0,none
AWS-006,Hyderabad Begumpet,2026-08-13 21:00:00,25.89,952.17,58.4,normal,none,0,none
AWS-006,Hyderabad Begumpet,2026-08-13 21:10:00,25.26,952.12,58.6,normal,none,0,none
AWS-006,Hyderabad Begumpet,2026-08-13 21:20:00,24.66,953.04,60.2,normal,none,0,none
AWS-006,Hyderabad Begumpet,2026-08-13 21:30:00,25.71,952.31,60.1,normal,none,0,none
AWS-006,Hyderabad Begumpet,2026-08-13 21:40:00,24.39,952.48,62.2,normal,none,0,none
AWS-006,Hyderabad Begumpet,2026-08-13 21:50:00,23.51,952.48,62.1,normal,none,0,none
AWS-006,Hyderabad Begumpet,2026-08-13 22:00:00,23.35,952.27,63.5,normal,none,0,none
AWS-006,Hyderabad Begumpet,2026-08-13 22:10:00,23.0,951.99,62.1,normal,none,0,none
AWS-006,Hyderabad Begumpet,2026-08-13 22:20:00,22.36,952.09,65.0,normal,none,0,none
AWS-006,Hyderabad Begumpet,2026-08-13 22:30:00,22.13,952.29,63.8,normal,none,0,none
AWS-006,Hyderabad Begumpet,2026-08-13 22:40:00,22.33,952.71,64.8,normal,none,0,none
AWS-006,Hyderabad Begumpet,2026-08-13 22:50:00,22.42,952.31,64.7,normal,none,0,none
AWS-006,Hyderabad Begumpet,2026-08-13 23:00:00,21.18,952.34,65.8,normal,none,0,none
AWS-006,Hyderabad Begumpet,2026-08-13 23:10:00,21.04,951.94,67.0,normal,none,0,none
AWS-006,Hyderabad Begumpet,2026-08-13 23:20:00,20.31,952.19,66.3,normal,none,0,none
AWS-006,Hyderabad Begumpet,2026-08-13 23:30:00,20.56,952.5,68.3,normal,none,0,none
AWS-006,Hyderabad Begumpet,2026-08-13 23:40:00,20.56,952.39,68.0,normal,none,0,none
AWS-006,Hyderabad Begumpet,2026-08-13 23:50:00,20.33,952.34,68.9,normal,none,0,none
AWS-006,Hyderabad Begumpet,2026-08-14 00:00:00,19.83,952.57,71.0,normal,none,0,none
AWS-006,Hyderabad Begumpet,2026-08-14 00:10:00,19.68,952.44,71.3,normal,none,0,none
AWS-006,Hyderabad Begumpet,2026-08-14 00:20:00,19.47,952.26,71.7,normal,none,0,none
AWS-006,Hyderabad Begumpet,2026-08-14 00:30:00,18.58,952.6,69.6,normal,none,0,none
AWS-006,Hyderabad Begumpet,2026-08-14 00:40:00,19.31,952.93,70.6,normal,none,0,none
AWS-006,Hyderabad Begumpet,2026-08-14 00:50:00,19.14,952.45,69.7,normal,none,0,none
AWS-006,Hyderabad Begumpet,2026-08-14 01:00:00,18.79,952.9,72.2,normal,none,0,none
AWS-006,Hyderabad Begumpet,2026-08-14 01:10:00,18.77,953.1,72.4,normal,none,0,none
AWS-006,Hyderabad Begumpet,2026-08-14 01:20:00,18.05,952.59,72.1,normal,none,0,none
AWS-006,Hyderabad Begumpet,2026-08-14 01:30:00,18.54,952.69,72.6,normal,none,0,none
AWS-006,Hyderabad Begumpet,2026-08-14 01:40:00,17.92,952.82,71.3,normal,none,0,none
AWS-006,Hyderabad Begumpet,2026-08-14 01:50:00,18.06,952.96,74.6,normal,none,0,none
AWS-006,Hyderabad Begumpet,2026-08-14 02:00:00,18.44,953.23,70.9,normal,none,0,none
AWS-006,Hyderabad Begumpet,2026-08-14 02:10:00,17.82,953.05,74.5,normal,none,0,none
AWS-006,Hyderabad Begumpet,2026-08-14 02:20:00,17.93,953.11,72.2,normal,none,0,none
AWS-006,Hyderabad Begumpet,2026-08-14 02:30:00,17.84,952.93,71.5,normal,none,0,none
AWS-006,Hyderabad Begumpet,2026-08-14 02:40:00,17.73,953.1,73.0,normal,none,0,none
AWS-006,Hyderabad Begumpet,2026-08-14 02:50:00,19.09,952.98,74.1,normal,none,0,none
AWS-006,Hyderabad Begumpet,2026-08-14 03:00:00,17.39,953.56,73.1,normal,none,0,none
AWS-006,Hyderabad Begumpet,2026-08-14 03:10:00,18.32,953.23,71.7,normal,none,0,none
AWS-006,Hyderabad Begumpet,2026-08-14 03:20:00,17.82,953.17,72.5,normal,none,0,none
AWS-006,Hyderabad Begumpet,2026-08-14 03:30:00,17.81,953.6,71.8,normal,none,0,none
AWS-006,Hyderabad Begumpet,2026-08-14 03:40:00,17.8,953.49,71.7,normal,none,0,none
AWS-006,Hyderabad Begumpet,2026-08-14 03:50:00,19.1,953.34,70.3,normal,none,0,none
AWS-006,Hyderabad Begumpet,2026-08-14 04:00:00,18.07,953.85,73.1,normal,none,0,none
AWS-006,Hyderabad Begumpet,2026-08-14 04:10:00,18.26,953.47,71.8,normal,none,0,none
AWS-006,Hyderabad Begumpet,2026-08-14 04:20:00,19.44,953.58,69.8,normal,none,0,none
AWS-006,Hyderabad Begumpet,2026-08-14 04:30:00,19.08,953.75,68.5,normal,none,0,none
AWS-006,Hyderabad Begumpet,2026-08-14 04:40:00,18.82,954.28,72.2,normal,none,0,none
AWS-006,Hyderabad Begumpet,2026-08-14 04:50:00,18.96,953.99,70.5,normal,none,0,none
AWS-006,Hyderabad Begumpet,2026-08-14 05:00:00,20.27,953.77,68.8,normal,none,0,none
AWS-006,Hyderabad Begumpet,2026-08-14 05:10:00,19.96,953.06,68.8,normal,none,0,none
AWS-006,Hyderabad Begumpet,2026-08-14 05:20:00,19.6,953.69,69.1,normal,none,0,none
AWS-006,Hyderabad Begumpet,2026-08-14 05:30:00,20.28,953.97,70.0,normal,none,0,none
AWS-006,Hyderabad Begumpet,2026-08-14 05:40:00,20.42,954.33,67.5,normal,none,0,none
AWS-006,Hyderabad Begumpet,2026-08-14 05:50:00,21.0,954.3,66.6,normal,none,0,none
AWS-006,Hyderabad Begumpet,2026-08-14 06:00:00,21.14,954.2,67.9,normal,none,0,none
AWS-006,Hyderabad Begumpet,2026-08-14 06:10:00,21.53,954.16,67.4,normal,none,0,none
AWS-006,Hyderabad Begumpet,2026-08-14 06:20:00,21.42,954.25,66.6,normal,none,0,none
AWS-006,Hyderabad Begumpet,2026-08-14 06:30:00,21.96,954.07,65.3,normal,none,0,none
AWS-006,Hyderabad Begumpet,2026-08-14 06:40:00,21.88,953.79,65.5,normal,none,0,none
AWS-006,Hyderabad Begumpet,2026-08-14 06:50:00,22.24,954.3,61.9,normal,none,0,none
AWS-006,Hyderabad Begumpet,2026-08-14 07:00:00,23.25,954.08,65.2,normal,none,0,none
AWS-006,Hyderabad Begumpet,2026-08-14 07:10:00,23.45,954.44,60.8,normal,none,0,none
AWS-006,Hyderabad Begumpet,2026-08-14 07:20:00,23.81,954.01,61.5,normal,none,0,none
AWS-006,Hyderabad Begumpet,2026-08-14 07:30:00,23.75,954.0,62.1,normal,none,0,none
AWS-006,Hyderabad Begumpet,2026-08-14 07:40:00,23.78,953.73,59.8,normal,none,0,none
AWS-006,Hyderabad Begumpet,2026-08-14 07:50:00,25.0,953.81,61.0,normal,none,0,none
AWS-006,Hyderabad Begumpet,2026-08-14 08:00:00,25.34,954.68,59.7,normal,none,0,none
AWS-006,Hyderabad Begumpet,2026-08-14 08:10:00,25.2,954.47,59.7,normal,none,0,none
AWS-006,Hyderabad Begumpet,2026-08-14 08:20:00,25.82,954.24,57.5,normal,none,0,none
AWS-006,Hyderabad Begumpet,2026-08-14 08:30:00,26.73,954.29,58.6,normal,none,0,none
AWS-006,Hyderabad Begumpet,2026-08-14 08:40:00,25.85,954.19,55.9,normal,none,0,none
AWS-006,Hyderabad Begumpet,2026-08-14 08:50:00,26.83,954.32,56.5,normal,none,0,none
AWS-006,Hyderabad Begumpet,2026-08-14 09:00:00,27.11,954.3,54.9,normal,none,0,none
AWS-006,Hyderabad Begumpet,2026-08-14 09:10:00,27.67,954.34,58.2,normal,none,0,none
AWS-006,Hyderabad Begumpet,2026-08-14 09:20:00,28.11,953.93,53.8,normal,none,0,none
AWS-006,Hyderabad Begumpet,2026-08-14 09:30:00,28.38,953.86,53.6,normal,none,0,none
AWS-006,Hyderabad Begumpet,2026-08-14 09:40:00,28.52,953.89,53.4,normal,none,0,none
AWS-006,Hyderabad Begumpet,2026-08-14 09:50:00,29.02,953.91,52.9,normal,none,0,none
AWS-006,Hyderabad Begumpet,2026-08-14 10:00:00,29.26,953.92,50.7,normal,none,0,none
AWS-006,Hyderabad Begumpet,2026-08-14 10:10:00,29.42,953.77,50.1,normal,none,0,none
AWS-006,Hyderabad Begumpet,2026-08-14 10:20:00,30.2,954.26,51.0,normal,none,0,none
AWS-006,Hyderabad Begumpet,2026-08-14 10:30:00,30.29,953.9,48.1,normal,none,0,none
AWS-006,Hyderabad Begumpet,2026-08-14 10:40:00,30.55,954.13,48.7,normal,none,0,none
AWS-006,Hyderabad Begumpet,2026-08-14 10:50:00,30.83,953.96,49.0,normal,none,0,none
AWS-006,Hyderabad Begumpet,2026-08-14 11:00:00,30.89,953.87,47.9,normal,none,0,none
AWS-006,Hyderabad Begumpet,2026-08-14 11:10:00,30.97,953.62,50.2,normal,none,0,none
AWS-006,Hyderabad Begumpet,2026-08-14 11:20:00,32.13,953.38,49.2,normal,none,0,none
AWS-006,Hyderabad Begumpet,2026-08-14 11:30:00,32.15,953.99,47.0,normal,none,0,none
AWS-006,Hyderabad Begumpet,2026-08-14 11:40:00,32.46,953.64,44.0,normal,none,0,none
AWS-006,Hyderabad Begumpet,2026-08-14 11:50:00,32.93,953.26,46.5,normal,none,0,none
AWS-006,Hyderabad Begumpet,2026-08-14 12:00:00,32.49,952.85,44.6,normal,none,0,none
AWS-006,Hyderabad Begumpet,2026-08-14 12:10:00,32.62,953.15,47.3,normal,none,0,none
AWS-006,Hyderabad Begumpet,2026-08-14 12:20:00,32.52,953.37,45.6,normal,none,0,none
AWS-006,Hyderabad Begumpet,2026-08-14 12:30:00,33.43,952.97,46.5,normal,none,0,none
AWS-006,Hyderabad Begumpet,2026-08-14 12:40:00,33.05,953.11,44.5,normal,none,0,none
AWS-006,Hyderabad Begumpet,2026-08-14 12:50:00,33.89,952.97,43.1,normal,none,0,none
AWS-006,Hyderabad Begumpet,2026-08-14 13:00:00,33.28,952.83,46.3,normal,none,0,none
AWS-006,Hyderabad Begumpet,2026-08-14 13:10:00,33.73,952.51,43.4,normal,none,0,none
AWS-006,Hyderabad Begumpet,2026-08-14 13:20:00,34.12,952.68,43.8,normal,none,0,none
AWS-006,Hyderabad Begumpet,2026-08-14 13:30:00,34.23,951.91,42.8,normal,none,0,none
AWS-006,Hyderabad Begumpet,2026-08-14 13:40:00,35.04,951.92,42.5,normal,none,0,none
AWS-006,Hyderabad Begumpet,2026-08-14 13:50:00,33.87,952.09,43.2,normal,none,0,none
AWS-006,Hyderabad Begumpet,2026-08-14 14:00:00,34.47,952.42,43.0,normal,none,0,none
AWS-006,Hyderabad Begumpet,2026-08-14 14:10:00,34.22,952.64,43.8,normal,none,0,none
AWS-006,Hyderabad Begumpet,2026-08-14 14:20:00,33.47,951.83,39.7,normal,none,0,none
AWS-006,Hyderabad Begumpet,2026-08-14 14:30:00,33.86,951.44,44.1,normal,none,0,none
AWS-006,Hyderabad Begumpet,2026-08-14 14:40:00,33.95,952.05,43.9,normal,none,0,none
AWS-006,Hyderabad Begumpet,2026-08-14 14:50:00,34.47,951.82,40.6,normal,none,0,none
AWS-006,Hyderabad Begumpet,2026-08-14 15:00:00,34.18,951.56,43.8,normal,none,0,none
AWS-006,Hyderabad Begumpet,2026-08-14 15:10:00,33.37,951.18,41.8,normal,none,0,none
AWS-006,Hyderabad Begumpet,2026-08-14 15:20:00,34.15,950.95,43.9,normal,none,0,none
AWS-006,Hyderabad Begumpet,2026-08-14 15:30:00,33.71,951.49,43.7,normal,none,0,none
AWS-006,Hyderabad Begumpet,2026-08-14 15:40:00,33.86,951.32,44.3,normal,none,0,none
AWS-006,Hyderabad Begumpet,2026-08-14 15:50:00,34.08,950.51,43.8,normal,none,0,none
AWS-006,Hyderabad Begumpet,2026-08-14 16:00:00,34.03,950.93,46.5,normal,none,0,none
AWS-006,Hyderabad Begumpet,2026-08-14 16:10:00,33.97,951.13,43.0,normal,none,0,none
AWS-006,Hyderabad Begumpet,2026-08-14 16:20:00,33.49,950.88,40.8,normal,none,0,none
AWS-006,Hyderabad Begumpet,2026-08-14 16:30:00,33.1,950.55,44.3,normal,none,0,none
AWS-006,Hyderabad Begumpet,2026-08-14 16:40:00,32.78,950.31,43.4,normal,none,0,none
AWS-006,Hyderabad Begumpet,2026-08-14 16:50:00,33.29,950.3,44.9,normal,none,0,none
AWS-006,Hyderabad Begumpet,2026-08-14 17:00:00,32.3,949.88,45.2,normal,none,0,none
AWS-006,Hyderabad Begumpet,2026-08-14 17:10:00,32.7,950.23,48.2,normal,none,0,none
AWS-006,Hyderabad Begumpet,2026-08-14 17:20:00,32.03,950.12,47.2,normal,none,0,none
AWS-006,Hyderabad Begumpet,2026-08-14 17:30:00,31.12,949.73,47.2,normal,none,0,none
AWS-006,Hyderabad Begumpet,2026-08-14 17:40:00,31.64,950.21,46.3,normal,none,0,none
AWS-006,Hyderabad Begumpet,2026-08-14 17:50:00,31.42,949.91,49.4,normal,none,0,none
AWS-006,Hyderabad Begumpet,2026-08-14 18:00:00,31.8,949.58,47.5,normal,none,0,none
AWS-006,Hyderabad Begumpet,2026-08-14 18:10:00,30.98,949.98,49.6,normal,none,0,none
AWS-006,Hyderabad Begumpet,2026-08-14 18:20:00,30.33,950.33,48.8,normal,none,0,none
AWS-006,Hyderabad Begumpet,2026-08-14 18:30:00,29.25,949.75,50.3,normal,none,0,none
AWS-006,Hyderabad Begumpet,2026-08-14 18:40:00,29.81,949.6,51.1,normal,none,0,none
AWS-006,Hyderabad Begumpet,2026-08-14 18:50:00,29.63,949.27,52.0,normal,none,0,none
AWS-006,Hyderabad Begumpet,2026-08-14 19:00:00,28.9,949.06,51.3,normal,none,0,none
AWS-006,Hyderabad Begumpet,2026-08-14 19:10:00,28.44,949.28,51.3,normal,none,0,none
AWS-006,Hyderabad Begumpet,2026-08-14 19:20:00,27.89,949.36,51.7,normal,none,0,none
AWS-006,Hyderabad Begumpet,2026-08-14 19:30:00,27.96,949.07,53.3,normal,none,0,none
AWS-006,Hyderabad Begumpet,2026-08-14 19:40:00,27.29,948.52,55.0,normal,none,0,none
AWS-006,Hyderabad Begumpet,2026-08-14 19:50:00,27.08,949.12,55.0,normal,none,0,none
AWS-006,Hyderabad Begumpet,2026-08-14 20:00:00,27.33,948.9,56.9,normal,none,0,none
AWS-006,Hyderabad Begumpet,2026-08-14 20:10:00,26.81,949.43,55.9,normal,none,0,none
AWS-006,Hyderabad Begumpet,2026-08-14 20:20:00,26.4,949.33,58.4,normal,none,0,none
AWS-006,Hyderabad Begumpet,2026-08-14 20:30:00,25.86,949.19,59.9,normal,none,0,none
AWS-006,Hyderabad Begumpet,2026-08-14 20:40:00,24.83,948.77,58.8,normal,none,0,none
AWS-006,Hyderabad Begumpet,2026-08-14 20:50:00,25.25,948.81,59.9,normal,none,0,none
AWS-006,Hyderabad Begumpet,2026-08-14 21:00:00,24.77,949.13,59.5,normal,none,0,none
AWS-006,Hyderabad Begumpet,2026-08-14 21:10:00,24.19,948.81,60.7,normal,none,0,none
AWS-006,Hyderabad Begumpet,2026-08-14 21:20:00,24.17,949.05,63.4,normal,none,0,none
AWS-006,Hyderabad Begumpet,2026-08-14 21:30:00,23.57,949.16,61.7,normal,none,0,none
AWS-006,Hyderabad Begumpet,2026-08-14 21:40:00,23.46,948.67,62.4,normal,none,0,none
AWS-006,Hyderabad Begumpet,2026-08-14 21:50:00,22.83,948.89,62.2,normal,none,0,none
AWS-006,Hyderabad Begumpet,2026-08-14 22:00:00,22.57,948.61,63.3,normal,none,0,none
AWS-006,Hyderabad Begumpet,2026-08-14 22:10:00,22.36,948.77,66.2,normal,none,0,none
AWS-006,Hyderabad Begumpet,2026-08-14 22:20:00,21.62,949.09,64.8,normal,none,0,none
AWS-006,Hyderabad Begumpet,2026-08-14 22:30:00,20.91,948.85,66.0,normal,none,0,none
AWS-006,Hyderabad Begumpet,2026-08-14 22:40:00,21.4,948.9,66.1,normal,none,0,none
AWS-006,Hyderabad Begumpet,2026-08-14 22:50:00,21.4,948.71,65.5,normal,none,0,none
AWS-006,Hyderabad Begumpet,2026-08-14 23:00:00,20.8,948.57,65.9,normal,none,0,none
AWS-006,Hyderabad Begumpet,2026-08-14 23:10:00,20.16,949.0,67.4,normal,none,0,none
AWS-006,Hyderabad Begumpet,2026-08-14 23:20:00,20.73,949.26,68.0,normal,none,0,none
AWS-006,Hyderabad Begumpet,2026-08-14 23:30:00,20.28,948.78,69.3,normal,none,0,none
AWS-006,Hyderabad Begumpet,2026-08-14 23:40:00,19.28,948.61,68.8,normal,none,0,none
AWS-006,Hyderabad Begumpet,2026-08-14 23:50:00,19.06,949.02,68.6,normal,none,0,none
AWS-006,Hyderabad Begumpet,2026-08-15 00:00:00,19.2,948.94,71.0,normal,none,0,none
AWS-006,Hyderabad Begumpet,2026-08-15 00:10:00,18.94,949.22,69.6,normal,none,0,none
AWS-006,Hyderabad Begumpet,2026-08-15 00:20:00,18.28,949.34,70.2,normal,none,0,none
AWS-006,Hyderabad Begumpet,2026-08-15 00:30:00,17.83,948.92,71.0,normal,none,0,none
AWS-006,Hyderabad Begumpet,2026-08-15 00:40:00,18.11,949.2,70.5,normal,none,0,none
AWS-006,Hyderabad Begumpet,2026-08-15 00:50:00,17.77,949.24,69.1,normal,none,0,none
AWS-006,Hyderabad Begumpet,2026-08-15 01:00:00,18.38,949.09,72.3,normal,none,0,none
AWS-006,Hyderabad Begumpet,2026-08-15 01:10:00,17.98,949.42,71.8,normal,none,0,none
AWS-006,Hyderabad Begumpet,2026-08-15 01:20:00,17.96,949.5,71.8,normal,none,0,none
AWS-006,Hyderabad Begumpet,2026-08-15 01:30:00,17.53,949.18,73.6,normal,none,0,none
AWS-006,Hyderabad Begumpet,2026-08-15 01:40:00,18.17,949.66,73.6,normal,none,0,none
AWS-006,Hyderabad Begumpet,2026-08-15 01:50:00,18.08,949.09,72.0,normal,none,0,none
AWS-006,Hyderabad Begumpet,2026-08-15 02:00:00,17.87,949.53,72.3,normal,none,0,none
AWS-006,Hyderabad Begumpet,2026-08-15 02:10:00,17.17,949.42,74.7,normal,none,0,none
AWS-006,Hyderabad Begumpet,2026-08-15 02:20:00,17.52,949.62,73.8,normal,none,0,none
AWS-006,Hyderabad Begumpet,2026-08-15 02:30:00,17.66,949.55,72.9,normal,none,0,none
AWS-006,Hyderabad Begumpet,2026-08-15 02:40:00,16.96,949.58,75.3,normal,none,0,none
AWS-006,Hyderabad Begumpet,2026-08-15 02:50:00,17.16,949.61,72.7,normal,none,0,none
AWS-006,Hyderabad Begumpet,2026-08-15 03:00:00,18.18,949.56,71.0,normal,none,0,none
AWS-006,Hyderabad Begumpet,2026-08-15 03:10:00,17.58,950.05,71.0,normal,none,0,none
AWS-006,Hyderabad Begumpet,2026-08-15 03:20:00,18.15,950.12,72.1,normal,none,0,none
AWS-006,Hyderabad Begumpet,2026-08-15 03:30:00,17.21,949.8,71.4,normal,none,0,none
AWS-006,Hyderabad Begumpet,2026-08-15 03:40:00,18.07,950.54,72.4,normal,none,0,none
AWS-006,Hyderabad Begumpet,2026-08-15 03:50:00,17.93,950.03,72.5,normal,none,0,none
AWS-006,Hyderabad Begumpet,2026-08-15 04:00:00,18.74,950.27,71.2,normal,none,0,none
AWS-006,Hyderabad Begumpet,2026-08-15 04:10:00,18.41,949.92,72.3,normal,none,0,none
AWS-006,Hyderabad Begumpet,2026-08-15 04:20:00,19.25,950.45,72.1,normal,none,0,none
AWS-006,Hyderabad Begumpet,2026-08-15 04:30:00,17.96,950.39,69.8,normal,none,0,none
AWS-006,Hyderabad Begumpet,2026-08-15 04:40:00,18.73,950.42,71.7,normal,none,0,none
AWS-006,Hyderabad Begumpet,2026-08-15 04:50:00,19.63,950.44,69.7,normal,none,0,none
AWS-006,Hyderabad Begumpet,2026-08-15 05:00:00,19.35,950.61,69.1,normal,none,0,none
AWS-006,Hyderabad Begumpet,2026-08-15 05:10:00,20.1,950.87,69.4,normal,none,0,none
AWS-006,Hyderabad Begumpet,2026-08-15 05:20:00,20.11,950.73,67.6,normal,none,0,none
AWS-006,Hyderabad Begumpet,2026-08-15 05:30:00,19.61,950.46,67.7,normal,none,0,none
AWS-006,Hyderabad Begumpet,2026-08-15 05:40:00,20.77,951.1,67.3,normal,none,0,none
AWS-006,Hyderabad Begumpet,2026-08-15 05:50:00,21.22,950.83,67.7,normal,none,0,none
AWS-006,Hyderabad Begumpet,2026-08-15 06:00:00,20.92,950.88,67.1,normal,none,0,none
AWS-006,Hyderabad Begumpet,2026-08-15 06:10:00,20.99,951.15,65.9,normal,none,0,none
AWS-006,Hyderabad Begumpet,2026-08-15 06:20:00,21.66,950.88,65.3,normal,none,0,none
AWS-006,Hyderabad Begumpet,2026-08-15 06:30:00,21.64,950.85,64.5,normal,none,0,none
AWS-006,Hyderabad Begumpet,2026-08-15 06:40:00,22.75,950.57,65.7,normal,none,0,none
AWS-006,Hyderabad Begumpet,2026-08-15 06:50:00,21.97,951.09,65.9,normal,none,0,none
AWS-006,Hyderabad Begumpet,2026-08-15 07:00:00,22.34,950.6,65.3,normal,none,0,none
AWS-006,Hyderabad Begumpet,2026-08-15 07:10:00,22.81,950.67,62.1,normal,none,0,none
AWS-006,Hyderabad Begumpet,2026-08-15 07:20:00,23.56,951.05,60.9,normal,none,0,none
AWS-006,Hyderabad Begumpet,2026-08-15 07:30:00,23.42,950.93,60.8,normal,none,0,none
AWS-006,Hyderabad Begumpet,2026-08-15 07:40:00,24.29,950.98,58.8,normal,none,0,none
AWS-006,Hyderabad Begumpet,2026-08-15 07:50:00,24.53,951.14,60.0,normal,none,0,none
AWS-006,Hyderabad Begumpet,2026-08-15 08:00:00,25.3,951.41,60.9,normal,none,0,none
AWS-006,Hyderabad Begumpet,2026-08-15 08:10:00,25.64,951.56,58.3,normal,none,0,none
AWS-006,Hyderabad Begumpet,2026-08-15 08:20:00,26.25,951.04,58.0,normal,none,0,none
AWS-006,Hyderabad Begumpet,2026-08-15 08:30:00,26.7,951.16,55.9,normal,none,0,none
AWS-006,Hyderabad Begumpet,2026-08-15 08:40:00,26.62,951.3,58.6,normal,none,0,none
AWS-006,Hyderabad Begumpet,2026-08-15 08:50:00,26.34,951.04,56.0,normal,none,0,none
AWS-006,Hyderabad Begumpet,2026-08-15 09:00:00,27.69,951.16,56.4,normal,none,0,none
AWS-006,Hyderabad Begumpet,2026-08-15 09:10:00,27.26,950.97,54.0,normal,none,0,none
AWS-006,Hyderabad Begumpet,2026-08-15 09:20:00,28.47,950.99,54.3,normal,none,0,none
AWS-006,Hyderabad Begumpet,2026-08-15 09:30:00,28.5,950.76,53.7,normal,none,0,none
AWS-006,Hyderabad Begumpet,2026-08-15 09:40:00,29.19,950.86,50.1,normal,none,0,none
AWS-006,Hyderabad Begumpet,2026-08-15 09:50:00,29.24,950.18,53.7,normal,none,0,none
AWS-006,Hyderabad Begumpet,2026-08-15 10:00:00,30.22,950.73,52.1,normal,none,0,none
AWS-006,Hyderabad Begumpet,2026-08-15 10:10:00,29.89,950.95,51.0,normal,none,0,none
AWS-006,Hyderabad Begumpet,2026-08-15 10:20:00,30.38,950.56,50.3,normal,none,0,none
AWS-006,Hyderabad Begumpet,2026-08-15 10:30:00,31.23,951.15,48.1,normal,none,0,none
AWS-006,Hyderabad Begumpet,2026-08-15 10:40:00,31.13,950.84,48.8,normal,none,0,none
AWS-006,Hyderabad Begumpet,2026-08-15 10:50:00,31.13,950.47,47.7,normal,none,0,none
AWS-006,Hyderabad Begumpet,2026-08-15 11:00:00,32.11,950.26,48.0,normal,none,0,none
AWS-006,Hyderabad Begumpet,2026-08-15 11:10:00,32.37,950.62,47.7,normal,none,0,none
AWS-006,Hyderabad Begumpet,2026-08-15 11:20:00,32.16,950.46,47.2,normal,none,0,none
AWS-006,Hyderabad Begumpet,2026-08-15 11:30:00,33.21,950.32,44.9,normal,none,0,none
AWS-006,Hyderabad Begumpet,2026-08-15 11:40:00,32.53,950.36,45.4,normal,none,0,none
AWS-006,Hyderabad Begumpet,2026-08-15 11:50:00,32.66,950.02,44.6,normal,none,0,none
AWS-006,Hyderabad Begumpet,2026-08-15 12:00:00,33.57,950.07,45.5,normal,none,0,none
AWS-006,Hyderabad Begumpet,2026-08-15 12:10:00,33.83,950.2,43.2,normal,none,0,none
AWS-006,Hyderabad Begumpet,2026-08-15 12:20:00,33.75,949.93,44.5,normal,none,0,none
AWS-006,Hyderabad Begumpet,2026-08-15 12:30:00,34.33,950.36,43.1,normal,none,0,none
AWS-006,Hyderabad Begumpet,2026-08-15 12:40:00,33.74,949.79,41.7,normal,none,0,none
AWS-006,Hyderabad Begumpet,2026-08-15 12:50:00,34.83,949.55,41.4,normal,none,0,none
AWS-006,Hyderabad Begumpet,2026-08-15 13:00:00,34.91,950.19,43.1,normal,none,0,none
AWS-006,Hyderabad Begumpet,2026-08-15 13:10:00,34.94,949.55,42.1,normal,none,0,none
AWS-006,Hyderabad Begumpet,2026-08-15 13:20:00,35.39,949.34,42.2,normal,none,0,none
AWS-006,Hyderabad Begumpet,2026-08-15 13:30:00,34.76,949.82,40.0,normal,none,0,none
AWS-006,Hyderabad Begumpet,2026-08-15 13:40:00,35.44,949.18,40.9,normal,none,0,none
AWS-006,Hyderabad Begumpet,2026-08-15 13:50:00,35.04,949.64,42.6,normal,none,0,none
AWS-006,Hyderabad Begumpet,2026-08-15 14:00:00,35.29,949.24,41.6,normal,none,0,none
AWS-006,Hyderabad Begumpet,2026-08-15 14:10:00,35.49,949.38,43.3,normal,none,0,none
AWS-006,Hyderabad Begumpet,2026-08-15 14:20:00,35.43,949.2,40.4,normal,none,0,none
AWS-006,Hyderabad Begumpet,2026-08-15 14:30:00,35.05,948.89,41.3,normal,none,0,none
AWS-006,Hyderabad Begumpet,2026-08-15 14:40:00,35.95,948.91,39.6,normal,none,0,none
AWS-006,Hyderabad Begumpet,2026-08-15 14:50:00,36.02,948.45,39.5,normal,none,0,none
AWS-006,Hyderabad Begumpet,2026-08-15 15:00:00,35.48,948.83,41.7,normal,none,0,none
AWS-006,Hyderabad Begumpet,2026-08-15 15:10:00,35.52,948.78,41.6,normal,none,0,none
AWS-006,Hyderabad Begumpet,2026-08-15 15:20:00,35.51,949.37,40.3,normal,none,0,none
AWS-006,Hyderabad Begumpet,2026-08-15 15:30:00,34.75,948.26,41.8,normal,none,0,none
AWS-006,Hyderabad Begumpet,2026-08-15 15:40:00,34.3,948.42,39.8,normal,none,0,none
AWS-006,Hyderabad Begumpet,2026-08-15 15:50:00,34.18,948.25,42.3,normal,none,0,none
AWS-006,Hyderabad Begumpet,2026-08-15 16:00:00,34.97,947.84,41.7,normal,none,0,none
AWS-006,Hyderabad Begumpet,2026-08-15 16:10:00,34.64,948.06,41.2,normal,none,0,none
AWS-006,Hyderabad Begumpet,2026-08-15 16:20:00,34.26,948.23,44.4,normal,none,0,none
AWS-006,Hyderabad Begumpet,2026-08-15 16:30:00,34.43,947.76,39.9,normal,none,0,none
AWS-006,Hyderabad Begumpet,2026-08-15 16:40:00,34.43,947.77,45.8,normal,none,0,none
AWS-006,Hyderabad Begumpet,2026-08-15 16:50:00,33.97,947.91,44.7,normal,none,0,none
AWS-006,Hyderabad Begumpet,2026-08-15 17:00:00,33.52,948.28,43.7,normal,none,0,none
AWS-006,Hyderabad Begumpet,2026-08-15 17:10:00,33.75,947.57,45.3,normal,none,0,none
AWS-006,Hyderabad Begumpet,2026-08-15 17:20:00,33.56,948.13,43.8,normal,none,0,none
AWS-006,Hyderabad Begumpet,2026-08-15 17:30:00,32.92,947.84,45.6,normal,none,0,none
AWS-006,Hyderabad Begumpet,2026-08-15 17:40:00,33.26,947.12,46.3,normal,none,0,none
AWS-006,Hyderabad Begumpet,2026-08-15 17:50:00,32.77,947.71,46.7,normal,none,0,none
AWS-006,Hyderabad Begumpet,2026-08-15 18:00:00,31.91,947.37,46.7,normal,none,0,none
AWS-006,Hyderabad Begumpet,2026-08-15 18:10:00,31.75,947.36,45.3,normal,none,0,none
AWS-006,Hyderabad Begumpet,2026-08-15 18:20:00,31.16,947.1,47.0,normal,none,0,none
AWS-006,Hyderabad Begumpet,2026-08-15 18:30:00,31.49,946.94,48.3,normal,none,0,none
AWS-006,Hyderabad Begumpet,2026-08-15 18:40:00,30.68,947.07,49.6,normal,none,0,none
AWS-006,Hyderabad Begumpet,2026-08-15 18:50:00,31.22,947.4,47.7,normal,none,0,none
AWS-006,Hyderabad Begumpet,2026-08-15 19:00:00,30.9,947.34,48.9,normal,none,0,none
AWS-006,Hyderabad Begumpet,2026-08-15 19:10:00,30.67,947.29,50.3,normal,none,0,none
AWS-006,Hyderabad Begumpet,2026-08-15 19:20:00,29.77,946.74,50.1,normal,none,0,none
AWS-006,Hyderabad Begumpet,2026-08-15 19:30:00,30.13,947.04,52.1,normal,none,0,none
AWS-006,Hyderabad Begumpet,2026-08-15 19:40:00,29.13,946.77,52.4,normal,none,0,none
AWS-006,Hyderabad Begumpet,2026-08-15 19:50:00,28.91,946.76,52.1,normal,none,0,none
AWS-006,Hyderabad Begumpet,2026-08-15 20:00:00,28.49,946.71,56.7,normal,none,0,none
AWS-006,Hyderabad Begumpet,2026-08-15 20:10:00,28.05,946.53,54.6,normal,none,0,none
AWS-006,Hyderabad Begumpet,2026-08-15 20:20:00,26.89,946.9,56.7,normal,none,0,none
AWS-006,Hyderabad Begumpet,2026-08-15 20:30:00,27.02,947.2,55.5,normal,none,0,none
AWS-006,Hyderabad Begumpet,2026-08-15 20:40:00,26.91,946.44,58.8,normal,none,0,none
AWS-006,Hyderabad Begumpet,2026-08-15 20:50:00,26.72,946.71,58.9,normal,none,0,none
AWS-006,Hyderabad Begumpet,2026-08-15 21:00:00,26.56,946.5,57.3,normal,none,0,none
AWS-006,Hyderabad Begumpet,2026-08-15 21:10:00,26.12,946.75,59.3,normal,none,0,none
AWS-006,Hyderabad Begumpet,2026-08-15 21:20:00,26.14,946.6,60.0,normal,none,0,none
AWS-006,Hyderabad Begumpet,2026-08-15 21:30:00,24.48,947.08,58.0,normal,none,0,none
AWS-006,Hyderabad Begumpet,2026-08-15 21:40:00,24.95,946.82,60.7,normal,none,0,none
AWS-006,Hyderabad Begumpet,2026-08-15 21:50:00,25.25,946.71,59.8,normal,none,0,none
AWS-006,Hyderabad Begumpet,2026-08-15 22:00:00,24.32,946.73,61.7,normal,none,0,none
AWS-006,Hyderabad Begumpet,2026-08-15 22:10:00,23.88,946.53,59.8,normal,none,0,none
AWS-006,Hyderabad Begumpet,2026-08-15 22:20:00,23.31,947.0,63.0,normal,none,0,none
AWS-006,Hyderabad Begumpet,2026-08-15 22:30:00,23.14,946.88,63.4,normal,none,0,none
AWS-006,Hyderabad Begumpet,2026-08-15 22:40:00,23.21,946.95,62.9,normal,none,0,none
AWS-006,Hyderabad Begumpet,2026-08-15 22:50:00,23.19,946.97,64.8,normal,none,0,none
AWS-006,Hyderabad Begumpet,2026-08-15 23:00:00,22.54,947.28,65.7,normal,none,0,none
AWS-006,Hyderabad Begumpet,2026-08-15 23:10:00,21.98,947.29,66.1,normal,none,0,none
AWS-006,Hyderabad Begumpet,2026-08-15 23:20:00,22.08,947.18,65.9,normal,none,0,none
AWS-006,Hyderabad Begumpet,2026-08-15 23:30:00,22.32,947.1,66.1,normal,none,0,none
AWS-006,Hyderabad Begumpet,2026-08-15 23:40:00,21.16,947.54,67.5,normal,none,0,none
AWS-006,Hyderabad Begumpet,2026-08-15 23:50:00,21.08,946.34,67.8,normal,none,0,none
