station_id,station_name,timestamp,temperature,pressure,humidity,label,fault_type,ground_truth_is_anomaly,ground_truth_sensor
AWS-003,Chennai Nungambakkam,2026-08-01 00:00:00,26.26,1009.98,83.0,normal,none,0,none
AWS-003,Chennai Nungambakkam,2026-08-01 00:10:00,25.99,1009.68,83.1,normal,none,0,none
AWS-003,Chennai Nungambakkam,2026-08-01 00:20:00,25.97,1010.35,81.3,normal,none,0,none
AWS-003,Chennai Nungambakkam,2026-08-01 00:30:00,25.52,1010.9,82.8,normal,none,0,none
AWS-003,Chennai Nungambakkam,2026-08-01 00:40:00,25.43,1010.29,84.1,normal,none,0,none
AWS-003,Chennai Nungambakkam,2026-08-01 00:50:00,26.03,1010.77,86.0,normal,none,0,none
AWS-003,Chennai Nungambakkam,2026-08-01 01:00:00,25.96,1010.48,83.8,normal,none,0,none
AWS-003,Chennai Nungambakkam,2026-08-01 01:10:00,25.68,1010.59,84.7,normal,none,0,none
AWS-003,Chennai Nungambakkam,2026-08-01 01:20:00,26.16,1010.62,82.6,normal,none,0,none
AWS-003,Chennai Nungambakkam,2026-08-01 01:30:00,25.68,1010.83,84.5,normal,none,0,none
AWS-003,Chennai Nungambakkam,2026-08-01 01:40:00,25.16,1010.82,83.5,normal,none,0,none
AWS-003,Chennai Nungambakkam,2026-08-01 01:50:00,24.96,1011.24,83.5,normal,none,0,none
AWS-003,Chennai Nungambakkam,2026-08-01 02:00:00,25.36,1011.38,83.3,normal,none,0,none
AWS-003,Chennai Nungambakkam,2026-08-01 02:10:00,24.97,1011.06,84.8,normal,none,0,none
AWS-003,Chennai Nungambakkam,2026-08-01 02:20:00,25.18,1011.08,87.4,normal,none,0,none
AWS-003,Chennai Nungambakkam,2026-08-01 02:30:00,25.34,1011.32,81.9,normal,none,0,none
AWS-003,Chennai Nungambakkam,2026-08-01 02:40:00,25.27,1011.08,84.8,normal,none,0,none
AWS-003,Chennai Nungambakkam,2026-08-01 02:50:00,25.58,1011.27,83.8,normal,none,0,none
AWS-003,Chennai Nungambakkam,2026-08-01 03:00:00,25.72,1011.19,85.1,normal,none,0,none
AWS-003,Chennai Nungambakkam,2026-08-01 03:10:00,25.24,1011.32,83.8,normal,none,0,none
AWS-003,Chennai Nungambakkam,2026-08-01 03:20:00,24.77,1011.62,85.0,normal,none,0,none
AWS-003,Chennai Nungambakkam,2026-08-01 03:30:00,25.9,1011.73,82.0,normal,none,0,none
AWS-003,Chennai Nungambakkam,2026-08-01 03:40:00,25.04,1011.5,81.7,normal,none,0,none
AWS-003,Chennai Nungambakkam,2026-08-01 03:50:00,25.07,1011.57,81.0,normal,none,0,none
AWS-003,Chennai Nungambakkam,2026-08-01 04:00:00,25.33,1011.7,83.0,normal,none,0,none
AWS-003,Chennai Nungambakkam,2026-08-01 04:10:00,25.2,1012.12,85.6,normal,none,0,none
AWS-003,Chennai Nungambakkam,2026-08-01 04:20:00,25.52,1011.98,82.3,normal,none,0,none
AWS-003,Chennai Nungambakkam,2026-08-01 04:30:00,26.17,1011.99,83.7,normal,none,0,none
AWS-003,Chennai Nungambakkam,2026-08-01 04:40:00,27.32,1011.89,81.1,normal,none,0,none
AWS-003,Chennai Nungambakkam,2026-08-01 04:50:00,26.03,1012.52,82.6,normal,none,0,none
AWS-003,Chennai Nungambakkam,2026-08-01 05:00:00,26.56,1012.72,81.2,normal,none,0,none
AWS-003,Chennai Nungambakkam,2026-08-01 05:10:00,26.25,1012.92,81.9,normal,none,0,none
AWS-003,Chennai Nungambakkam,2026-08-01 05:20:00,27.01,1012.03,80.8,normal,none,0,none
AWS-003,Chennai Nungambakkam,2026-08-01 05:30:00,27.17,1012.22,82.7,normal,none,0,none
AWS-003,Chennai Nungambakkam,2026-08-01 05:40:00,27.01,1012.68,81.6,normal,none,0,none
AWS-003,Chennai Nungambakkam,2026-08-01 05:50:00,27.5,1012.4,79.9,normal,none,0,none
AWS-003,Chennai Nungambakkam,2026-08-01 06:00:00,27.76,1012.71,81.7,normal,none,0,none
AWS-003,Chennai Nungambakkam,2026-08-01 06:10:00,27.73,1012.63,78.8,normal,none,0,none
AWS-003,Chennai Nungambakkam,2026-08-01 06:20:00,28.23,1012.99,80.7,normal,none,0,none
AWS-003,Chennai Nungambakkam,2026-08-01 06:30:00,27.91,1013.11,79.5,normal,none,0,none
AWS-003,Chennai Nungambakkam,2026-08-01 06:40:00,28.57,1012.74,77.8,normal,none,0,none
AWS-003,Chennai Nungambakkam,2026-08-01 06:50:00,28.41,1012.77,78.8,normal,none,0,none
AWS-003,Chennai Nungambakkam,2026-08-01 07:00:00,28.02,1013.06,79.5,normal,none,0,none
AWS-003,Chennai Nungambakkam,2026-08-01 07:10:00,29.71,1013.28,77.4,normal,none,0,none
AWS-003,Chennai Nungambakkam,2026-08-01 07:20:00,28.69,1013.64,76.8,normal,none,0,none
AWS-003,Chennai Nungambakkam,2026-08-01 07:30:00,29.19,1013.49,76.4,normal,none,0,none
AWS-003,Chennai Nungambakkam,2026-08-01 07:40:00,30.08,1013.61,77.2,normal,none,0,none
AWS-003,Chennai Nungambakkam,2026-08-01 07:50:00,29.76,1013.26,74.0,normal,none,0,none
AWS-003,Chennai Nungambakkam,2026-08-01 08:00:00,30.58,1013.06,75.1,normal,none,0,none
AWS-003,Chennai Nungambakkam,2026-08-01 08:10:00,30.43,1012.62,72.6,normal,none,0,none
AWS-003,Chennai Nungambakkam,2026-08-01 08:20:00,30.16,1013.08,72.5,normal,none,0,none
AWS-003,Chennai Nungambakkam,2026-08-01 08:30:00,30.76,1013.11,74.9,normal,none,0,none
AWS-003,Chennai Nungambakkam,2026-08-01 08:40:00,30.62,1012.92,72.5,normal,none,0,none
AWS-003,Chennai Nungambakkam,2026-08-01 08:50:00,31.76,1012.75,76.5,normal,none,0,none
AWS-003,Chennai Nungambakkam,2026-08-01 09:00:00,31.95,1012.94,70.2,normal,none,0,none
AWS-003,Chennai Nungambakkam,2026-08-01 09:10:00,31.97,1012.41,73.8,normal,none,0,none
AWS-003,Chennai Nungambakkam,2026-08-01 09:20:00,32.38,1013.02,73.6,normal,none,0,none
AWS-003,Chennai Nungambakkam,2026-08-01 09:30:00,32.42,1012.86,72.9,normal,none,0,none
AWS-003,Chennai Nungambakkam,2026-08-01 09:40:00,32.91,1013.09,71.0,normal,none,0,none
AWS-003,Chennai Nungambakkam,2026-08-01 09:50:00,32.66,1013.22,71.5,normal,none,0,none
AWS-003,Chennai Nungambakkam,2026-08-01 10:00:00,32.63,1013.23,70.8,normal,none,0,none
AWS-003,Chennai Nungambakkam,2026-08-01 10:10:00,33.01,1013.18,70.2,normal,none,0,none
AWS-003,Chennai Nungambakkam,2026-08-01 10:20:00,33.33,1012.7,69.3,normal,none,0,none
AWS-003,Chennai Nungambakkam,2026-08-01 10:30:00,33.11,1013.05,69.9,normal,none,0,none
AWS-003,Chennai Nungambakkam,2026-08-01 10:40:00,33.48,1013.01,67.1,normal,none,0,none
AWS-003,Chennai Nungambakkam,2026-08-01 10:50:00,33.95,1012.84,71.6,normal,none,0,none
AWS-003,Chennai Nungambakkam,2026-08-01 11:00:00,34.69,1013.65,68.8,normal,none,0,none
AWS-003,Chennai Nungambakkam,2026-08-01 11:10:00,34.74,1012.7,70.4,normal,none,0,none
AWS-003,Chennai Nungambakkam,2026-08-01 11:20:00,34.51,1012.57,69.2,normal,none,0,none
AWS-003,Chennai Nungambakkam,2026-08-01 11:30:00,34.77,1011.98,65.8,normal,none,0,none
AWS-003,Chennai Nungambakkam,2026-08-01 11:40:00,34.63,1012.22,66.3,normal,none,0,none
AWS-003,Chennai Nungambakkam,2026-08-01 11:50:00,35.04,1012.68,67.1,normal,none,0,none
AWS-003,Chennai Nungambakkam,2026-08-01 12:00:00,34.75,1012.19,67.5,normal,none,0,none
AWS-003,Chennai Nungambakkam,2026-08-01 12:10:00,35.83,1012.08,63.9,normal,none,0,none
AWS-003,Chennai Nungambakkam,2026-08-01 12:20:00,35.05,1012.04,67.7,normal,none,0,none
AWS-003,Chennai Nungambakkam,2026-08-01 12:30:00,35.43,1012.09,66.1,normal,none,0,none
AWS-003,Chennai Nungambakkam,2026-08-01 12:40:00,36.02,1011.74,67.2,normal,none,0,none
AWS-003,Chennai Nungambakkam,2026-08-01 12:50:00,36.49,1011.94,67.1,normal,none,0,none
AWS-003,Chennai Nungambakkam,2026-08-01 13:00:00,35.6,1011.55,64.7,normal,none,0,none
AWS-003,Chennai Nungambakkam,2026-08-01 13:10:00,36.04,1011.98,67.5,normal,none,0,none
AWS-003,Chennai Nungambakkam,2026-08-01 13:20:00,35.87,1011.85,64.7,normal,none,0,none
AWS-003,Chennai Nungambakkam,2026-08-01 13:30:00,36.12,1011.63,67.6,normal,none,0,none
AWS-003,Chennai Nungambakkam,2026-08-01 13:40:00,35.79,1011.23,62.3,normal,none,0,none
AWS-003,Chennai Nungambakkam,2026-08-01 13:50:00,36.38,1011.41,66.0,normal,none,0,none
AWS-003,Chennai Nungambakkam,2026-08-01 14:00:00,35.99,1011.1,65.9,normal,none,0,none
AWS-003,Chennai Nungambakkam,2026-08-01 14:10:00,36.19,1011.46,65.5,normal,none,0,none
AWS-003,Chennai Nungambakkam,2026-08-01 14:20:00,36.45,1011.11,64.1,normal,none,0,none
AWS-003,Chennai Nungambakkam,2026-08-01 14:30:00,36.23,1011.38,67.3,normal,none,0,none
AWS-003,Chennai Nungambakkam,2026-08-01 14:40:00,36.7,1011.01,66.1,normal,none,0,none
AWS-003,Chennai Nungambakkam,2026-08-01 14:50:00,36.53,1010.79,65.2,normal,none,0,none
AWS-003,Chennai Nungambakkam,2026-08-01 15:00:00,35.96,1010.42,64.6,normal,none,0,none
AWS-003,Chennai Nungambakkam,2026-08-01 15:10:00,36.49,1010.51,66.8,normal,none,0,none
AWS-003,Chennai Nungambakkam,2026-08-01 15:20:00,36.71,1010.51,66.4,normal,none,0,none
AWS-003,Chennai Nungambakkam,2026-08-01 15:30:00,35.63,1010.26,64.8,normal,none,0,none
AWS-003,Chennai Nungambakkam,2026-08-01 15:40:00,36.07,1010.51,65.1,normal,none,0,none
AWS-003,Chennai Nungambakkam,2026-08-01 15:50:00,35.94,1010.58,66.3,normal,none,0,none
AWS-003,Chennai Nungambakkam,2026-08-01 16:00:00,36.29,1010.05,64.6,normal,none,0,none
AWS-003,Chennai Nungambakkam,2026-08-01 16:10:00,36.27,1009.45,64.7,normal,none,0,none
AWS-003,Chennai Nungambakkam,2026-08-01 16:20:00,36.05,1009.91,64.8,normal,none,0,none
AWS-003,Chennai Nungambakkam,2026-08-01 16:30:00,35.16,1009.97,66.0,normal,none,0,none
AWS-003,Chennai Nungambakkam,2026-08-01 16:40:00,35.64,1009.95,67.1,normal,none,0,none
AWS-003,Chennai Nungambakkam,2026-08-01 16:50:00,36.46,1009.6,66.7,normal,none,0,none
AWS-003,Chennai Nungambakkam,2026-08-01 17:00:00,35.91,1009.95,64.9,normal,none,0,none
AWS-003,Chennai Nungambakkam,2026-08-01 17:10:00,34.89,1009.34,65.5,normal,none,0,none
AWS-003,Chennai Nungambakkam,2026-08-01 17:20:00,35.92,1009.85,68.3,normal,none,0,none
AWS-003,Chennai Nungambakkam,2026-08-01 17:30:00,35.54,1009.28,70.3,normal,none,0,none
AWS-003,Chennai Nungambakkam,2026-08-01 17:40:00,34.4,1008.85,66.1,normal,none,0,none
AWS-003,Chennai Nungambakkam,2026-08-01 17:50:00,35.02,1009.46,66.1,normal,none,0,none
AWS-003,Chennai Nungambakkam,2026-08-01 18:00:00,34.42,1009.22,69.5,normal,none,0,none
AWS-003,Chennai Nungambakkam,2026-08-01 18:10:00,34.8,1009.35,67.3,normal,none,0,none
AWS-003,Chennai Nungambakkam,2026-08-01 18:20:00,34.02,1009.57,70.2,normal,none,0,none
AWS-003,Chennai Nungambakkam,2026-08-01 18:30:00,34.09,1009.13,68.5,normal,none,0,none
AWS-003,Chennai Nungambakkam,2026-08-01 18:40:00,34.44,1008.7,68.1,normal,none,0,none
AWS-003,Chennai Nungambakkam,2026-08-01 18:50:00,33.95,1008.84,68.5,normal,none,0,none
AWS-003,Chennai Nungambakkam,2026-08-01 19:00:00,33.99,1009.11,69.7,normal,none,0,none
AWS-003,Chennai Nungambakkam,2026-08-01 19:10:00,33.19,1008.6,70.9,normal,none,0,none
AWS-003,Chennai Nungambakkam,2026-08-01 19:20:00,33.47,1008.9,70.0,normal,none,0,none
AWS-003,Chennai Nungambakkam,2026-08-01 19:30:00,33.69,1008.51,72.2,normal,none,0,none
AWS-003,Chennai Nungambakkam,2026-08-01 19:40:00,33.31,1008.85,70.3,normal,none,0,none
AWS-003,Chennai Nungambakkam,2026-08-01 19:50:00,32.75,1008.6,72.8,normal,none,0,none
AWS-003,Chennai Nungambakkam,2026-08-01 20:00:00,32.43,1008.59,72.1,normal,none,0,none
AWS-003,Chennai Nungambakkam,2026-08-01 20:10:00,32.44,1008.18,71.7,normal,none,0,none
AWS-003,Chennai Nungambakkam,2026-08-01 20:20:00,31.95,1008.19,74.2,normal,none,0,none
AWS-003,Chennai Nungambakkam,2026-08-01 20:30:00,31.28,1008.6,71.8,normal,none,0,none
AWS-003,Chennai Nungambakkam,2026-08-01 20:40:00,31.47,1008.26,71.0,normal,none,0,none
AWS-003,Chennai Nungambakkam,2026-08-01 20:50:00,30.98,1007.86,74.2,normal,none,0,none
AWS-003,Chennai Nungambakkam,2026-08-01 21:00:00,31.51,1008.5,73.8,normal,none,0,none
AWS-003,Chennai Nungambakkam,2026-08-01 21:10:00,31.08,1008.17,75.7,normal,none,0,none
AWS-003,Chennai Nungambakkam,2026-08-01 21:20:00,30.95,1008.27,75.1,normal,none,0,none
AWS-003,Chennai Nungambakkam,2026-08-01 21:30:00,30.72,1008.71,74.3,normal,none,0,none
AWS-003,Chennai Nungambakkam,2026-08-01 21:40:00,30.79,1008.55,75.2,normal,none,0,none
AWS-003,Chennai Nungambakkam,2026-08-01 21:50:00,30.0,1008.48,75.9,normal,none,0,none
AWS-003,Chennai Nungambakkam,2026-08-01 22:00:00,29.58,1008.13,77.0,normal,none,0,none
AWS-003,Chennai Nungambakkam,2026-08-01 22:10:00,29.72,1008.41,78.6,normal,none,0,none
AWS-003,Chennai Nungambakkam,2026-08-01 22:20:00,30.04,1007.84,76.6,normal,none,0,none
AWS-003,Chennai Nungambakkam,2026-08-01 22:30:00,29.87,1008.39,78.1,normal,none,0,none
AWS-003,Chennai Nungambakkam,2026-08-01 22:40:00,29.71,1008.64,76.5,normal,none,0,none
AWS-003,Chennai Nungambakkam,2026-08-01 22:50:00,28.75,1008.28,78.5,normal,none,0,none
AWS-003,Chennai Nungambakkam,2026-08-01 23:00:00,29.15,1007.96,78.6,normal,none,0,none
AWS-003,Chennai Nungambakkam,2026-08-01 23:10:00,28.56,1008.63,78.6,normal,none,0,none
AWS-003,Chennai Nungambakkam,2026-08-01 23:20:00,28.63,1008.42,77.2,normal,none,0,none
AWS-003,Chennai Nungambakkam,2026-08-01 23:30:00,28.44,1008.41,79.9,normal,none,0,none
AWS-003,Chennai Nungambakkam,2026-08-01 23:40:00,28.2,1008.63,82.1,normal,none,0,none
AWS-003,Chennai Nungambakkam,2026-08-01 23:50:00,28.01,1008.42,81.0,normal,none,0,none
AWS-003,Chennai Nungambakkam,2026-08-02 00:00:00,27.63,1008.39,81.6,normal,none,0,none
AWS-003,Chennai Nungambakkam,2026-08-02 00:10:00,27.93,1008.35,81.6,normal,none,0,none
AWS-003,Chennai Nungambakkam,2026-08-02 00:20:00,28.03,1008.52,80.6,normal,none,0,none
AWS-003,Chennai Nungambakkam,2026-08-02 00:30:00,27.68,1008.68,80.3,normal,none,0,none
AWS-003,Chennai Nungambakkam,2026-08-02 00:40:00,27.45,1008.73,80.6,normal,none,0,none
AWS-003,Chennai Nungambakkam,2026-08-02 00:50:00,27.87,1008.96,80.6,normal,none,0,none
AWS-003,Chennai Nungambakkam,2026-08-02 01:00:00,27.05,1008.98,81.1,normal,none,0,none
AWS-003,Chennai Nungambakkam,2026-08-02 01:10:00,27.09,1008.86,80.3,normal,none,0,none
AWS-003,Chennai Nungambakkam,2026-08-02 01:20:00,27.2,1008.94,81.6,normal,none,0,none
AWS-003,Chennai Nungambakkam,2026-08-02 01:30:00,26.59,1008.97,82.3,normal,none,0,none
AWS-003,Chennai Nungambakkam,2026-08-02 01:40:00,27.48,1009.38,80.8,normal,none,0,none
AWS-003,Chennai Nungambakkam,2026-08-02 01:50:00,26.53,1009.08,81.1,normal,none,0,none
AWS-003,Chennai Nungambakkam,2026-08-02 02:00:00,27.1,1009.07,82.0,normal,none,0,none
AWS-003,Chennai Nungambakkam,2026-08-02 02:10:00,26.62,1009.11,83.1,normal,none,0,none
AWS-003,Chennai Nungambakkam,2026-08-02 02:20:00,27.09,1009.31,80.7,normal,none,0,none
AWS-003,Chennai Nungambakkam,2026-08-02 02:30:00,27.03,1008.79,80.0,normal,none,0,none
AWS-003,Chennai Nungambakkam,2026-08-02 02:40:00,27.54,1009.26,82.1,normal,none,0,none
AWS-003,Chennai Nungambakkam,2026-08-02 02:50:00,27.31,1009.06,82.0,normal,none,0,none
AWS-003,Chennai Nungambakkam,2026-08-02 03:00:00,26.62,1009.7,81.3,normal,none,0,none
AWS-003,Chennai Nungambakkam,2026-08-02 03:10:00,26.75,1009.15,82.8,normal,none,0,none
AWS-003,Chennai Nungambakkam,2026-08-02 03:20:00,27.05,1009.51,83.1,normal,none,0,none
AWS-003,Chennai Nungambakkam,2026-08-02 03:30:00,27.55,1009.45,82.2,normal,none,0,none
AWS-003,Chennai Nungambakkam,2026-08-02 03:40:00,27.0,1009.61,81.9,normal,none,0,none
AWS-003,Chennai Nungambakkam,2026-08-02 03:50:00,28.1,1009.99,82.5,normal,none,0,none
AWS-003,Chennai Nungambakkam,2026-08-02 04:00:00,27.38,1009.66,81.3,normal,none,0,none
AWS-003,Chennai Nungambakkam,2026-08-02 04:10:00,27.89,1009.8,79.7,normal,none,0,none
AWS-003,Chennai Nungambakkam,2026-08-02 04:20:00,27.48,1009.24,80.5,normal,none,0,none
AWS-003,Chennai Nungambakkam,2026-08-02 04:30:00,26.86,1009.64,79.9,normal,none,0,none
AWS-003,Chennai Nungambakkam,2026-08-02 04:40:00,28.08,1009.77,81.5,normal,none,0,none
AWS-003,Chennai Nungambakkam,2026-08-02 04:50:00,27.73,1010.2,81.0,normal,none,0,none
AWS-003,Chennai Nungambakkam,2026-08-02 05:00:00,27.63,1009.87,80.5,normal,none,0,none
AWS-003,Chennai Nungambakkam,2026-08-02 05:10:00,27.62,1009.68,78.6,normal,none,0,none
AWS-003,Chennai Nungambakkam,2026-08-02 05:20:00,28.07,1009.85,79.0,normal,none,0,none
AWS-003,Chennai Nungambakkam,2026-08-02 05:30:00,28.41,1009.88,78.6,normal,none,0,none
AWS-003,Chennai Nungambakkam,2026-08-02 05:40:00,27.79,1009.86,80.4,normal,none,0,none
AWS-003,Chennai Nungambakkam,2026-08-02 05:50:00,29.08,1010.02,79.9,normal,none,0,none
AWS-003,Chennai Nungambakkam,2026-08-02 06:00:00,28.98,1010.37,78.6,normal,none,0,none
AWS-003,Chennai Nungambakkam,2026-08-02 06:10:00,29.41,1009.79,77.5,normal,none,0,none
AWS-003,Chennai Nungambakkam,2026-08-02 06:20:00,29.57,1010.14,76.0,normal,none,0,none
AWS-003,Chennai Nungambakkam,2026-08-02 06:30:00,29.35,1009.95,78.0,normal,none,0,none
AWS-003,Chennai Nungambakkam,2026-08-02 06:40:00,30.05,1010.08,76.0,normal,none,0,none
AWS-003,Chennai Nungambakkam,2026-08-02 06:50:00,29.6,1010.04,76.7,normal,none,0,none
AWS-003,Chennai Nungambakkam,2026-08-02 07:00:00,29.72,1010.5,75.8,normal,none,0,none
AWS-003,Chennai Nungambakkam,2026-08-02 07:10:00,30.39,1010.3,74.8,normal,none,0,none
AWS-003,Chennai Nungambakkam,2026-08-02 07:20:00,30.02,1010.4,74.9,normal,none,0,none
AWS-003,Chennai Nungambakkam,2026-08-02 07:30:00,30.79,1010.82,75.4,normal,none,0,none
AWS-003,Chennai Nungambakkam,2026-08-02 07:40:00,30.62,1010.49,75.0,normal,none,0,none
AWS-003,Chennai Nungambakkam,2026-08-02 07:50:00,30.64,1010.46,75.5,normal,none,0,none
AWS-003,Chennai Nungambakkam,2026-08-02 08:00:00,31.68,1009.98,75.3,normal,none,0,none
AWS-003,Chennai Nungambakkam,2026-08-02 08:10:00,31.61,1010.11,74.3,normal,none,0,none
AWS-003,Chennai Nungambakkam,2026-08-02 08:20:00,31.65,1010.65,72.7,normal,none,0,none
AWS-003,Chennai Nungambakkam,2026-08-02 08:30:00,31.96,1010.21,73.8,normal,none,0,none
AWS-003,Chennai Nungambakkam,2026-08-02 08:40:00,32.24,1010.22,73.5,normal,none,0,none
AWS-003,Chennai Nungambakkam,2026-08-02 08:50:00,32.49,1010.65,74.4,normal,none,0,none
AWS-003,Chennai Nungambakkam,2026-08-02 09:00:00,33.22,1010.19,71.8,normal,none,0,none
AWS-003,Chennai Nungambakkam,2026-08-02 09:10:00,32.19,1010.36,70.0,normal,none,0,none
AWS-003,Chennai Nungambakkam,2026-08-02 09:20:00,32.97,1010.15,69.7,normal,none,0,none
AWS-003,Chennai Nungambakkam,2026-08-02 09:30:00,32.41,1009.8,70.0,normal,none,0,none
AWS-003,Chennai Nungambakkam,2026-08-02 09:40:00,33.69,1010.41,69.2,normal,none,0,none
AWS-003,Chennai Nungambakkam,2026-08-02 09:50:00,33.48,1009.93,70.7,normal,none,0,none
AWS-003,Chennai Nungambakkam,2026-08-02 10:00:00,33.53,1010.1,69.9,normal,none,0,none
AWS-003,Chennai Nungambakkam,2026-08-02 10:10:00,34.22,1010.22,68.9,normal,none,0,none
AWS-003,Chennai Nungambakkam,2026-08-02 10:20:00,34.18,1010.09,69.8,normal,none,0,none
AWS-003,Chennai Nungambakkam,2026-08-02 10:30:00,33.97,1009.57,68.7,normal,none,0,none
AWS-003,Chennai Nungambakkam,2026-08-02 10:40:00,34.45,1010.16,67.2,normal,none,0,none
AWS-003,Chennai Nungambakkam,2026-08-02 10:50:00,34.62,1009.84,70.0,normal,none,0,none
AWS-003,Chennai Nungambakkam,2026-08-02 11:00:00,35.15,1009.62,66.7,normal,none,0,none
AWS-003,Chennai Nungambakkam,2026-08-02 11:10:00,35.14,1009.3,65.3,normal,none,0,none
AWS-003,Chennai Nungambakkam,2026-08-02 11:20:00,35.13,1009.51,66.6,normal,none,0,none
AWS-003,Chennai Nungambakkam,2026-08-02 11:30:00,35.29,1009.75,65.4,normal,none,0,none
AWS-003,Chennai Nungambakkam,2026-08-02 11:40:00,35.57,1009.1,65.4,normal,none,0,none
AWS-003,Chennai Nungambakkam,2026-08-02 11:50:00,36.03,1009.42,66.3,normal,none,0,none
AWS-003,Chennai Nungambakkam,2026-08-02 12:00:00,36.38,1008.88,67.3,normal,none,0,none
AWS-003,Chennai Nungambakkam,2026-08-02 12:10:00,35.74,1009.39,65.9,normal,none,0,none
AWS-003,Chennai Nungambakkam,2026-08-02 12:20:00,35.73,1009.18,67.0,normal,none,0,none
AWS-003,Chennai Nungambakkam,2026-08-02 12:30:00,36.39,1009.75,66.5,normal,none,0,none
AWS-003,Chennai Nungambakkam,2026-08-02 12:40:00,36.14,1008.84,65.2,normal,none,0,none
AWS-003,Chennai Nungambakkam,2026-08-02 12:50:00,36.94,1008.83,66.5,normal,none,0,none
AWS-003,Chennai Nungambakkam,2026-08-02 13:00:00,36.28,1009.2,63.3,normal,none,0,none
AWS-003,Chennai Nungambakkam,2026-08-02 13:10:00,36.08,1008.19,62.9,normal,none,0,none
AWS-003,Chennai Nungambakkam,2026-08-02 13:20:00,36.52,1008.56,63.9,normal,none,0,none
AWS-003,Chennai Nungambakkam,2026-08-02 13:30:00,36.52,1008.26,67.4,normal,none,0,none
AWS-003,Chennai Nungambakkam,2026-08-02 13:40:00,37.1,1008.48,65.0,normal,none,0,none
AWS-003,Chennai Nungambakkam,2026-08-02 13:50:00,36.99,1008.31,65.4,normal,none,0,none
AWS-003,Chennai Nungambakkam,2026-08-02 14:00:00,38.09,1008.18,65.2,normal,none,0,none
AWS-003,Chennai Nungambakkam,2026-08-02 14:10:00,36.18,1008.41,64.1,normal,none,0,none
AWS-003,Chennai Nungambakkam,2026-08-02 14:20:00,36.46,1007.8,66.1,normal,none,0,none
AWS-003,Chennai Nungambakkam,2026-08-02 14:30:00,37.24,1008.19,63.9,normal,none,0,none
AWS-003,Chennai Nungambakkam,2026-08-02 14:40:00,36.38,1007.8,64.7,normal,none,0,none
AWS-003,Chennai Nungambakkam,2026-08-02 14:50:00,36.33,1007.59,64.2,normal,none,0,none
AWS-003,Chennai Nungambakkam,2026-08-02 15:00:00,36.38,1007.61,61.9,normal,none,0,none
AWS-003,Chennai Nungambakkam,2026-08-02 15:10:00,37.07,1007.67,63.3,normal,none,0,none
AWS-003,Chennai Nungambakkam,2026-08-02 15:20:00,36.73,1007.32,63.0,normal,none,0,none
AWS-003,Chennai Nungambakkam,2026-08-02 15:30:00,36.74,1007.45,65.6,normal,none,0,none
AWS-003,Chennai Nungambakkam,2026-08-02 15:40:00,36.86,1007.05,66.1,normal,none,0,none
AWS-003,Chennai Nungambakkam,2026-08-02 15:50:00,36.37,1007.35,66.2,normal,none,0,none
AWS-003,Chennai Nungambakkam,2026-08-02 16:00:00,36.3,1007.06,67.0,normal,none,0,none
AWS-003,Chennai Nungambakkam,2026-08-02 16:10:00,36.26,1007.33,65.9,normal,none,0,none
AWS-003,Chennai Nungambakkam,2026-08-02 16:20:00,36.73,1006.94,66.1,normal,none,0,none
AWS-003,Chennai Nungambakkam,2026-08-02 16:30:00,36.25,1006.81,65.0,normal,none,0,none
AWS-003,Chennai Nungambakkam,2026-08-02 16:40:00,35.61,1007.03,67.1,normal,none,0,none
AWS-003,Chennai Nungambakkam,2026-08-02 16:50:00,36.78,1006.35,64.9,normal,none,0,none
AWS-003,Chennai Nungambakkam,2026-08-02 17:00:00,35.2,1006.46,67.0,normal,none,0,none
AWS-003,Chennai Nungambakkam,2026-08-02 17:10:00,35.48,1006.24,65.6,normal,none,0,none
AWS-003,Chennai Nungambakkam,2026-08-02 17:20:00,35.49,1005.84,66.6,normal,none,0,none
AWS-003,Chennai Nungambakkam,2026-08-02 17:30:00,35.1,1005.83,66.6,normal,none,0,none
AWS-003,Chennai Nungambakkam,2026-08-02 17:40:00,35.19,1006.31,67.0,normal,none,0,none
AWS-003,Chennai Nungambakkam,2026-08-02 17:50:00,34.59,1006.25,66.2,normal,none,0,none
AWS-003,Chennai Nungambakkam,2026-08-02 18:00:00,34.32,1005.55,66.0,normal,none,0,none
AWS-003,Chennai Nungambakkam,2026-08-02 18:10:00,34.77,1005.24,69.6,normal,none,0,none
AWS-003,Chennai Nungambakkam,2026-08-02 18:20:00,34.52,1005.58,70.0,normal,none,0,none
AWS-003,Chennai Nungambakkam,2026-08-02 18:30:00,33.97,1005.54,68.8,normal,none,0,none
AWS-003,Chennai Nungambakkam,2026-08-02 18:40:00,33.97,1005.07,71.1,normal,none,0,none
AWS-003,Chennai Nungambakkam,2026-08-02 18:50:00,33.64,1005.23,69.3,normal,none,0,none
AWS-003,Chennai Nungambakkam,2026-08-02 19:00:00,33.59,1005.34,70.0,normal,none,0,none
AWS-003,Chennai Nungambakkam,2026-08-02 19:10:00,58.01718202040516,1005.38,72.6,spike,temperature_spike,1,temperature
AWS-003,Chennai Nungambakkam,2026-08-02 19:20:00,32.67,1005.25,71.3,normal,none,0,none
AWS-003,Chennai Nungambakkam,2026-08-02 19:30:00,32.51,1005.12,69.5,normal,none,0,none
AWS-003,Chennai Nungambakkam,2026-08-02 19:40:00,32.12,1005.47,71.5,normal,none,0,none
AWS-003,Chennai Nungambakkam,2026-08-02 19:50:00,31.9,1005.24,72.1,normal,none,0,none
AWS-003,Chennai Nungambakkam,2026-08-02 20:00:00,32.34,1005.12,71.5,normal,none,0,none
AWS-003,Chennai Nungambakkam,2026-08-02 20:10:00,32.26,1004.91,75.0,normal,none,0,none
AWS-003,Chennai Nungambakkam,2026-08-02 20:20:00,32.35,1005.11,73.1,normal,none,0,none
AWS-003,Chennai Nungambakkam,2026-08-02 20:30:00,31.86,1004.99,74.7,normal,none,0,none
AWS-003,Chennai Nungambakkam,2026-08-02 20:40:00,31.21,1005.06,75.8,normal,none,0,none
AWS-003,Chennai Nungambakkam,2026-08-02 20:50:00,31.06,1005.16,73.2,normal,none,0,none
AWS-003,Chennai Nungambakkam,2026-08-02 21:00:00,30.57,1004.8,75.4,normal,none,0,none
AWS-003,Chennai Nungambakkam,2026-08-02 21:10:00,31.14,1004.9,75.6,normal,none,0,none
AWS-003,Chennai Nungambakkam,2026-08-02 21:20:00,30.26,1004.96,74.9,normal,none,0,none
AWS-003,Chennai Nungambakkam,2026-08-02 21:30:00,30.46,1004.33,76.5,normal,none,0,none
AWS-003,Chennai Nungambakkam,2026-08-02 21:40:00,29.99,1004.79,77.8,normal,none,0,none
AWS-003,Chennai Nungambakkam,2026-08-02 21:50:00,29.49,1004.5,78.1,normal,none,0,none
AWS-003,Chennai Nungambakkam,2026-08-02 22:00:00,29.49,1004.7,76.5,normal,none,0,none
AWS-003,Chennai Nungambakkam,2026-08-02 22:10:00,28.89,1004.7,78.0,normal,none,0,none
AWS-003,Chennai Nungambakkam,2026-08-02 22:20:00,28.74,1004.34,77.0,normal,none,0,none
AWS-003,Chennai Nungambakkam,2026-08-02 22:30:00,28.57,1005.09,77.8,normal,none,0,none
AWS-003,Chennai Nungambakkam,2026-08-02 22:40:00,28.73,1004.48,78.9,normal,none,0,none
AWS-003,Chennai Nungambakkam,2026-08-02 22:50:00,28.4,1004.53,76.6,normal,none,0,none
AWS-003,Chennai Nungambakkam,2026-08-02 23:00:00,28.1,1004.88,80.5,normal,none,0,none
AWS-003,Chennai Nungambakkam,2026-08-02 23:10:00,27.84,1005.09,78.5,normal,none,0,none
AWS-003,Chennai Nungambakkam,2026-08-02 23:20:00,27.63,1004.66,81.1,normal,none,0,none
AWS-003,Chennai Nungambakkam,2026-08-02 23:30:00,27.79,1005.03,80.7,normal,none,0,none
AWS-003,Chennai Nungambakkam,2026-08-02 23:40:00,27.34,1005.11,81.8,normal,none,0,none
AWS-003,Chennai Nungambakkam,2026-08-02 23:50:00,27.19,1004.93,80.8,normal,none,0,none
AWS-003,Chennai Nungambakkam,2026-08-03 00:00:00,27.05,1005.02,81.5,normal,none,0,none
AWS-003,Chennai Nungambakkam,2026-08-03 00:10:00,27.27,1005.15,82.8,normal,none,0,none
AWS-003,Chennai Nungambakkam,2026-08-03 00:20:00,27.16,1005.16,82.5,normal,none,0,none
AWS-003,Chennai Nungambakkam,2026-08-03 00:30:00,26.81,1005.18,82.0,normal,none,0,none
AWS-003,Chennai Nungambakkam,2026-08-03 00:40:00,26.53,1005.39,82.0,normal,none,0,none
AWS-003,Chennai Nungambakkam,2026-08-03 00:50:00,26.39,1004.81,84.2,normal,none,0,none
AWS-003,Chennai Nungambakkam,2026-08-03 01:00:00,26.88,1004.87,82.4,normal,none,0,none
AWS-003,Chennai Nungambakkam,2026-08-03 01:10:00,26.39,1005.0,82.4,normal,none,0,none
AWS-003,Chennai Nungambakkam,2026-08-03 01:20:00,26.44,1005.47,82.5,normal,none,0,none
AWS-003,Chennai Nungambakkam,2026-08-03 01:30:00,26.62,1005.07,84.0,normal,none,0,none
AWS-003,Chennai Nungambakkam,2026-08-03 01:40:00,25.64,1005.12,84.7,normal,none,0,none
AWS-003,Chennai Nungambakkam,2026-08-03 01:50:00,26.37,1005.2,83.4,normal,none,0,none
AWS-003,Chennai Nungambakkam,2026-08-03 02:00:00,26.28,1005.36,82.8,normal,none,0,none
AWS-003,Chennai Nungambakkam,2026-08-03 02:10:00,25.97,1005.45,83.4,normal,none,0,none
AWS-003,Chennai Nungambakkam,2026-08-03 02:20:00,26.41,1005.85,83.7,normal,none,0,none
AWS-003,Chennai Nungambakkam,2026-08-03 02:30:00,26.44,1005.7,82.6,normal,none,0,none
AWS-003,Chennai Nungambakkam,2026-08-03 02:40:00,26.26,1005.97,85.3,normal,none,0,none
AWS-003,Chennai Nungambakkam,2026-08-03 02:50:00,26.27,1005.6,82.4,normal,none,0,none
AWS-003,Chennai Nungambakkam,2026-08-03 03:00:00,25.3,1005.88,82.7,normal,none,0,none
AWS-003,Chennai Nungambakkam,2026-08-03 03:10:00,26.26,1005.65,83.5,normal,none,0,none
AWS-003,Chennai Nungambakkam,2026-08-03 03:20:00,26.39,1006.12,82.2,normal,none,0,none
AWS-003,Chennai Nungambakkam,2026-08-03 03:30:00,25.2,1006.03,85.5,normal,none,0,none
AWS-003,Chennai Nungambakkam,2026-08-03 03:40:00,26.21,1005.68,83.1,normal,none,0,none
AWS-003,Chennai Nungambakkam,2026-08-03 03:50:00,26.57,1006.0,85.0,normal,none,0,none
AWS-003,Chennai Nungambakkam,2026-08-03 04:00:00,26.45,1006.22,82.2,normal,none,0,none
AWS-003,Chennai Nungambakkam,2026-08-03 04:10:00,26.89,1006.75,82.9,normal,none,0,none
AWS-003,Chennai Nungambakkam,2026-08-03 04:20:00,26.15,1005.91,80.6,normal,none,0,none
AWS-003,Chennai Nungambakkam,2026-08-03 04:30:00,26.85,1006.31,80.9,normal,none,0,none
AWS-003,Chennai Nungambakkam,2026-08-03 04:40:00,26.48,1005.97,79.8,normal,none,0,none
AWS-003,Chennai Nungambakkam,2026-08-03 04:50:00,26.47,1006.28,84.0,normal,none,0,none
AWS-003,Chennai Nungambakkam,2026-08-03 05:00:00,26.77,1006.38,80.9,normal,none,0,none
AWS-003,Chennai Nungambakkam,2026-08-03 05:10:00,26.26,1006.74,83.0,normal,none,0,none
AWS-003,Chennai Nungambakkam,2026-08-03 05:20:00,27.36,1006.84,81.2,normal,none,0,none
AWS-003,Chennai Nungambakkam,2026-08-03 05:30:00,27.47,1006.59,82.5,normal,none,0,none
AWS-003,Chennai Nungambakkam,2026-08-03 05:40:00,27.25,1006.71,82.4,normal,none,0,none
AWS-003,Chennai Nungambakkam,2026-08-03 05:50:00,27.36,1006.53,79.9,normal,none,0,none
AWS-003,Chennai Nungambakkam,2026-08-03 06:00:00,27.48,1006.64,80.9,normal,none,0,none
AWS-003,Chennai Nungambakkam,2026-08-03 06:10:00,27.88,1007.12,81.5,normal,none,0,none
AWS-003,Chennai Nungambakkam,2026-08-03 06:20:00,27.65,1007.28,78.7,normal,none,0,none
AWS-003,Chennai Nungambakkam,2026-08-03 06:30:00,27.89,1006.78,78.2,normal,none,0,none
AWS-003,Chennai Nungambakkam,2026-08-03 06:40:00,28.54,1007.09,77.8,normal,none,0,none
AWS-003,Chennai Nungambakkam,2026-08-03 06:50:00,28.36,1007.19,79.5,normal,none,0,none
AWS-003,Chennai Nungambakkam,2026-08-03 07:00:00,28.83,1007.16,79.3,normal,none,0,none
AWS-003,Chennai Nungambakkam,2026-08-03 07:10:00,28.72,1007.29,77.1,normal,none,0,none
AWS-003,Chennai Nungambakkam,2026-08-03 07:20:00,29.18,1006.96,76.6,normal,none,0,none
AWS-003,Chennai Nungambakkam,2026-08-03 07:30:00,28.61,1007.1,77.8,normal,none,0,none
AWS-003,Chennai Nungambakkam,2026-08-03 07:40:00,29.12,1006.99,77.4,normal,none,0,none
AWS-003,Chennai Nungambakkam,2026-08-03 07:50:00,29.34,1007.1,77.8,normal,none,0,none
AWS-003,Chennai Nungambakkam,2026-08-03 08:00:00,30.1,1007.55,76.6,normal,none,0,none
AWS-003,Chennai Nungambakkam,2026-08-03 08:10:00,29.76,1007.25,75.6,normal,none,0,none
AWS-003,Chennai Nungambakkam,2026-08-03 08:20:00,30.15,1007.37,74.7,normal,none,0,none
AWS-003,Chennai Nungambakkam,2026-08-03 08:30:00,30.49,1007.11,74.6,normal,none,0,none
AWS-003,Chennai Nungambakkam,2026-08-03 08:40:00,29.89,1007.08,72.6,normal,none,0,none
AWS-003,Chennai Nungambakkam,2026-08-03 08:50:00,30.41,1007.27,74.9,normal,none,0,none
AWS-003,Chennai Nungambakkam,2026-08-03 09:00:00,31.01,1007.03,73.7,normal,none,0,none
AWS-003,Chennai Nungambakkam,2026-08-03 09:10:00,30.97,1006.94,76.2,normal,none,0,none
AWS-003,Chennai Nungambakkam,2026-08-03 09:20:00,31.5,1006.89,72.4,normal,none,0,none
AWS-003,Chennai Nungambakkam,2026-08-03 09:30:00,32.08,1006.93,73.7,normal,none,0,none
AWS-003,Chennai Nungambakkam,2026-08-03 09:40:00,31.87,1007.09,71.3,normal,none,0,none
AWS-003,Chennai Nungambakkam,2026-08-03 09:50:00,32.02,1006.73,76.6,normal,none,0,none
AWS-003,Chennai Nungambakkam,2026-08-03 10:00:00,33.03,1006.52,74.5,normal,none,0,none
AWS-003,Chennai Nungambakkam,2026-08-03 10:10:00,32.88,1007.03,70.6,normal,none,0,none
AWS-003,Chennai Nungambakkam,2026-08-03 10:20:00,32.5,1006.88,69.4,normal,none,0,none
AWS-003,Chennai Nungambakkam,2026-08-03 10:30:00,31.96,1006.31,71.0,normal,none,0,none
AWS-003,Chennai Nungambakkam,2026-08-03 10:40:00,32.63,1006.77,71.8,normal,none,0,none
AWS-003,Chennai Nungambakkam,2026-08-03 10:50:00,32.68,1006.59,68.4,normal,none,0,none
AWS-003,Chennai Nungambakkam,2026-08-03 11:00:00,33.43,1006.94,70.1,normal,none,0,none
AWS-003,Chennai Nungambakkam,2026-08-03 11:10:00,33.45,1006.77,69.4,normal,none,0,none
AWS-003,Chennai Nungambakkam,2026-08-03 11:20:00,32.79,1006.66,67.8,normal,none,0,none
AWS-003,Chennai Nungambakkam,2026-08-03 11:30:00,34.18,1006.26,70.0,normal,none,0,none
AWS-003,Chennai Nungambakkam,2026-08-03 11:40:00,33.53,1006.69,68.1,normal,none,0,none
AWS-003,Chennai Nungambakkam,2026-08-03 11:50:00,34.34,1006.48,70.9,normal,none,0,none
AWS-003,Chennai Nungambakkam,2026-08-03 12:00:00,33.71,1006.08,70.3,normal,none,0,none
AWS-003,Chennai Nungambakkam,2026-08-03 12:10:00,34.07,1006.51,67.5,normal,none,0,none
AWS-003,Chennai Nungambakkam,2026-08-03 12:20:00,34.47,1006.57,68.3,normal,none,0,none
AWS-003,Chennai Nungambakkam,2026-08-03 12:30:00,34.42,1005.82,68.0,normal,none,0,none
AWS-003,Chennai Nungambakkam,2026-08-03 12:40:00,34.4,1006.0,66.9,normal,none,0,none
AWS-003,Chennai Nungambakkam,2026-08-03 12:50:00,34.18,1006.07,69.1,normal,none,0,none
AWS-003,Chennai Nungambakkam,2026-08-03 13:00:00,34.54,1005.77,67.2,normal,none,0,none
AWS-003,Chennai Nungambakkam,2026-08-03 13:10:00,34.4,1005.59,69.1,normal,none,0,none
AWS-003,Chennai Nungambakkam,2026-08-03 13:20:00,34.58,1005.62,68.2,normal,none,0,none
AWS-003,Chennai Nungambakkam,2026-08-03 13:30:00,34.53,1005.38,65.5,normal,none,0,none
AWS-003,Chennai Nungambakkam,2026-08-03 13:40:00,35.2,1005.32,67.0,normal,none,0,none
AWS-003,Chennai Nungambakkam,2026-08-03 13:50:00,34.94,1005.03,66.0,normal,none,0,none
AWS-003,Chennai Nungambakkam,2026-08-03 14:00:00,34.5,1004.87,67.4,normal,none,0,none
AWS-003,Chennai Nungambakkam,2026-08-03 14:10:00,35.22,1005.17,69.2,normal,none,0,none
AWS-003,Chennai Nungambakkam,2026-08-03 14:20:00,34.9,1005.11,68.5,normal,none,0,none
AWS-003,Chennai Nungambakkam,2026-08-03 14:30:00,34.79,1004.83,66.3,normal,none,0,none
AWS-003,Chennai Nungambakkam,2026-08-03 14:40:00,34.65,1004.94,67.9,normal,none,0,none
AWS-003,Chennai Nungambakkam,2026-08-03 14:50:00,34.42,1004.92,68.2,normal,none,0,none
AWS-003,Chennai Nungambakkam,2026-08-03 15:00:00,34.9,1004.93,66.1,normal,none,0,none
AWS-003,Chennai Nungambakkam,2026-08-03 15:10:00,34.66,1004.9,66.1,normal,none,0,none
AWS-003,Chennai Nungambakkam,2026-08-03 15:20:00,34.44,1004.43,65.7,normal,none,0,none
AWS-003,Chennai Nungambakkam,2026-08-03 15:30:00,34.85,1004.35,66.2,normal,none,0,none
AWS-003,Chennai Nungambakkam,2026-08-03 15:40:00,34.43,1004.45,67.2,normal,none,0,none
AWS-003,Chennai Nungambakkam,2026-08-03 15:50:00,34.09,1003.94,68.9,normal,none,0,none
AWS-003,Chennai Nungambakkam,2026-08-03 16:00:00,34.11,1004.15,69.1,normal,none,0,none
AWS-003,Chennai Nungambakkam,2026-08-03 16:10:00,34.23,1003.8,69.2,normal,none,0,none
AWS-003,Chennai Nungambakkam,2026-08-03 16:20:00,33.64,1004.1,70.3,normal,none,0,none
AWS-003,Chennai Nungambakkam,2026-08-03 16:30:00,34.01,1003.72,67.7,normal,none,0,none
AWS-003,Chennai Nungambakkam,2026-08-03 16:40:00,33.75,1004.17,71.0,normal,none,0,none
AWS-003,Chennai Nungambakkam,2026-08-03 16:50:00,33.23,1004.06,68.5,normal,none,0,none
AWS-003,Chennai Nungambakkam,2026-08-03 17:00:00,32.86,1004.03,68.4,normal,none,0,none
AWS-003,Chennai Nungambakkam,2026-08-03 17:10:00,32.88,1003.79,71.0,normal,none,0,none
AWS-003,Chennai Nungambakkam,2026-08-03 17:20:00,32.59,1003.61,70.4,normal,none,0,none
AWS-003,Chennai Nungambakkam,2026-08-03 17:30:00,33.13,1003.71,70.6,normal,none,0,none
AWS-003,Chennai Nungambakkam,2026-08-03 17:40:00,32.34,1003.7,73.8,normal,none,0,none
AWS-003,Chennai Nungambakkam,2026-08-03 17:50:00,32.5,1003.36,70.7,normal,none,0,none
AWS-003,Chennai Nungambakkam,2026-08-03 18:00:00,32.45,1003.47,69.7,normal,none,0,none
AWS-003,Chennai Nungambakkam,2026-08-03 18:10:00,32.76,1003.71,71.0,normal,none,0,none
AWS-003,Chennai Nungambakkam,2026-08-03 18:20:00,32.41,1003.43,71.7,normal,none,0,none
AWS-003,Chennai Nungambakkam,2026-08-03 18:30:00,32.16,1002.97,71.2,normal,none,0,none
AWS-003,Chennai Nungambakkam,2026-08-03 18:40:00,31.37,1003.33,72.5,normal,none,0,none
AWS-003,Chennai Nungambakkam,2026-08-03 18:50:00,31.08,1003.38,73.8,normal,none,0,none
AWS-003,Chennai Nungambakkam,2026-08-03 19:00:00,31.63,1003.11,74.4,normal,none,0,none
AWS-003,Chennai Nungambakkam,2026-08-03 19:10:00,30.79,1003.03,73.9,normal,none,0,none
AWS-003,Chennai Nungambakkam,2026-08-03 19:20:00,30.22,1003.32,74.0,normal,none,0,none
AWS-003,Chennai Nungambakkam,2026-08-03 19:30:00,30.39,1002.89,76.2,normal,none,0,none
AWS-003,Chennai Nungambakkam,2026-08-03 19:40:00,29.46,1002.65,74.3,normal,none,0,none
AWS-003,Chennai Nungambakkam,2026-08-03 19:50:00,29.94,1002.94,74.3,normal,none,0,none
AWS-003,Chennai Nungambakkam,2026-08-03 20:00:00,29.74,1003.48,74.7,normal,none,0,none
AWS-003,Chennai Nungambakkam,2026-08-03 20:10:00,29.4,1002.97,76.9,normal,none,0,none
AWS-003,Chennai Nungambakkam,2026-08-03 20:20:00,29.8,1002.94,75.3,normal,none,0,none
AWS-003,Chennai Nungambakkam,2026-08-03 20:30:00,28.82,1002.97,77.8,normal,none,0,none
AWS-003,Chennai Nungambakkam,2026-08-03 20:40:00,29.24,1002.7,79.0,normal,none,0,none
AWS-003,Chennai Nungambakkam,2026-08-03 20:50:00,28.41,1002.98,79.0,normal,none,0,none
AWS-003,Chennai Nungambakkam,2026-08-03 21:00:00,28.5,1002.73,77.5,normal,none,0,none
AWS-003,Chennai Nungambakkam,2026-08-03 21:10:00,27.98,1002.93,77.4,normal,none,0,none
AWS-003,Chennai Nungambakkam,2026-08-03 21:20:00,27.56,1002.83,81.2,normal,none,0,none
AWS-003,Chennai Nungambakkam,2026-08-03 21:30:00,27.4,1002.98,78.7,normal,none,0,none
AWS-003,Chennai Nungambakkam,2026-08-03 21:40:00,28.02,1002.66,80.1,normal,none,0,none
AWS-003,Chennai Nungambakkam,2026-08-03 21:50:00,27.39,1002.79,81.1,normal,none,0,none
AWS-003,Chennai Nungambakkam,2026-08-03 22:00:00,27.76,1002.54,81.3,normal,none,0,none
AWS-003,Chennai Nungambakkam,2026-08-03 22:10:00,26.71,1003.1,81.1,normal,none,0,none
AWS-003,Chennai Nungambakkam,2026-08-03 22:20:00,25.96,1003.0,81.7,normal,none,0,none
AWS-003,Chennai Nungambakkam,2026-08-03 22:30:00,26.67,1002.85,81.5,normal,none,0,none
AWS-003,Chennai Nungambakkam,2026-08-03 22:40:00,26.03,1003.21,82.4,normal,none,0,none
AWS-003,Chennai Nungambakkam,2026-08-03 22:50:00,26.11,1002.88,82.6,normal,none,0,none
AWS-003,Chennai Nungambakkam,2026-08-03 23:00:00,25.91,1002.82,84.5,normal,none,0,none
AWS-003,Chennai Nungambakkam,2026-08-03 23:10:00,26.04,1003.1,84.3,normal,none,0,none
AWS-003,Chennai Nungambakkam,2026-08-03 23:20:00,25.41,1002.78,83.1,normal,none,0,none
AWS-003,Chennai Nungambakkam,2026-08-03 23:30:00,25.09,1003.26,85.3,normal,none,0,none
AWS-003,Chennai Nungambakkam,2026-08-03 23:40:00,25.27,1003.28,85.0,normal,none,0,none
AWS-003,Chennai Nungambakkam,2026-08-03 23:50:00,25.16,1003.42,81.9,normal,none,0,none
AWS-003,Chennai Nungambakkam,2026-08-04 00:00:00,24.59,1003.01,85.7,normal,none,0,none
AWS-003,Chennai Nungambakkam,2026-08-04 00:10:00,24.95,1003.27,84.8,normal,none,0,none
AWS-003,Chennai Nungambakkam,2026-08-04 00:20:00,24.23,1003.22,84.9,normal,none,0,none
AWS-003,Chennai Nungambakkam,2026-08-04 00:30:00,24.55,1003.32,85.2,normal,none,0,none
AWS-003,Chennai Nungambakkam,2026-08-04 00:40:00,24.69,1003.66,85.1,normal,none,0,none
AWS-003,Chennai Nungambakkam,2026-08-04 00:50:00,24.1,1003.68,82.9,normal,none,0,none
AWS-003,Chennai Nungambakkam,2026-08-04 01:00:00,24.05,1003.89,86.0,normal,none,0,none
AWS-003,Chennai Nungambakkam,2026-08-04 01:10:00,23.89,1003.71,86.1,normal,none,0,none
AWS-003,Chennai Nungambakkam,2026-08-04 01:20:00,24.22,1003.82,85.3,normal,none,0,none
AWS-003,Chennai Nungambakkam,2026-08-04 01:30:00,24.04,1004.09,86.9,normal,none,0,none
AWS-003,Chennai Nungambakkam,2026-08-04 01:40:00,23.8,1003.95,87.4,normal,none,0,none
AWS-003,Chennai Nungambakkam,2026-08-04 01:50:00,23.46,1003.7,85.2,normal,none,0,none
AWS-003,Chennai Nungambakkam,2026-08-04 02:00:00,24.14,1003.72,87.1,normal,none,0,none
AWS-003,Chennai Nungambakkam,2026-08-04 02:10:00,24.02,1003.94,87.7,normal,none,0,none
AWS-003,Chennai Nungambakkam,2026-08-04 02:20:00,23.56,1004.5,86.5,normal,none,0,none
AWS-003,Chennai Nungambakkam,2026-08-04 02:30:00,23.55,1003.72,87.9,normal,none,0,none
AWS-003,Chennai Nungambakkam,2026-08-04 02:40:00,23.93,1004.38,87.6,normal,none,0,none
AWS-003,Chennai Nungambakkam,2026-08-04 02:50:00,23.59,1004.42,87.7,normal,none,0,none
AWS-003,Chennai Nungambakkam,2026-08-04 03:00:00,24.0,1004.63,85.7,normal,none,0,none
AWS-003,Chennai Nungambakkam,2026-08-04 03:10:00,23.61,1004.45,87.1,normal,none,0,none
AWS-003,Chennai Nungambakkam,2026-08-04 03:20:00,23.01,1004.65,87.6,normal,none,0,none
AWS-003,Chennai Nungambakkam,2026-08-04 03:30:00,23.81,1004.91,86.9,normal,none,0,none
AWS-003,Chennai Nungambakkam,2026-08-04 03:40:00,23.44,1004.71,87.1,normal,none,0,none
AWS-003,Chennai Nungambakkam,2026-08-04 03:50:00,24.1,1005.34,87.6,normal,none,0,none
AWS-003,Chennai Nungambakkam,2026-08-04 04:00:00,23.91,1005.02,86.8,normal,none,0,none
AWS-003,Chennai Nungambakkam,2026-08-04 04:10:00,24.06,1005.2,86.8,normal,none,0,none
AWS-003,Chennai Nungambakkam,2026-08-04 04:20:00,24.01,1005.01,87.9,normal,none,0,none
AWS-003,Chennai Nungambakkam,2026-08-04 04:30:00,23.85,1005.45,87.0,normal,none,0,none
AWS-003,Chennai Nungambakkam,2026-08-04 04:40:00,24.49,1005.17,84.8,normal,none,0,none
AWS-003,Chennai Nungambakkam,2026-08-04 04:50:00,24.39,1005.16,85.5,normal,none,0,none
AWS-003,Chennai Nungambakkam,2026-08-04 05:00:00,24.11,1005.18,85.3,normal,none,0,none
AWS-003,Chennai Nungambakkam,2026-08-04 05:10:00,24.78,1005.45,83.7,normal,none,0,none
AWS-003,Chennai Nungambakkam,2026-08-04 05:20:00,24.74,1006.06,84.0,normal,none,0,none
AWS-003,Chennai Nungambakkam,2026-08-04 05:30:00,24.96,1005.91,85.4,normal,none,0,none
AWS-003,Chennai Nungambakkam,2026-08-04 05:40:00,25.3,1005.87,86.9,normal,none,0,none
AWS-003,Chennai Nungambakkam,2026-08-04 05:50:00,25.32,1005.88,84.1,normal,none,0,none
AWS-003,Chennai Nungambakkam,2026-08-04 06:00:00,25.57,1005.7,86.2,normal,none,0,none
AWS-003,Chennai Nungambakkam,2026-08-04 06:10:00,25.81,1006.11,84.8,normal,none,0,none
AWS-003,Chennai Nungambakkam,2026-08-04 06:20:00,26.01,1005.77,85.0,normal,none,0,none
AWS-003,Chennai Nungambakkam,2026-08-04 06:30:00,25.57,1006.13,83.6,normal,none,0,none
AWS-003,Chennai Nungambakkam,2026-08-04 06:40:00,25.84,1005.87,81.6,normal,none,0,none
AWS-003,Chennai Nungambakkam,2026-08-04 06:50:00,25.64,1006.13,82.7,normal,none,0,none
AWS-003,Chennai Nungambakkam,2026-08-04 07:00:00,26.31,1006.05,80.4,normal,none,0,none
AWS-003,Chennai Nungambakkam,2026-08-04 07:10:00,26.75,1006.21,81.5,normal,none,0,none
AWS-003,Chennai Nungambakkam,2026-08-04 07:20:00,26.65,1006.19,82.0,normal,none,0,none
AWS-003,Chennai Nungambakkam,2026-08-04 07:30:00,26.66,1006.04,80.0,normal,none,0,none
AWS-003,Chennai Nungambakkam,2026-08-04 07:40:00,27.43,1006.3,80.9,normal,none,0,none
AWS-003,Chennai Nungambakkam,2026-08-04 07:50:00,26.81,1006.44,81.0,normal,none,0,none
AWS-003,Chennai Nungambakkam,2026-08-04 08:00:00,27.87,1006.75,81.4,normal,none,0,none
AWS-003,Chennai Nungambakkam,2026-08-04 08:10:00,27.51,1005.93,79.1,normal,none,0,none
AWS-003,Chennai Nungambakkam,2026-08-04 08:20:00,27.3,1006.69,80.5,normal,none,0,none
AWS-003,Chennai Nungambakkam,2026-08-04 08:30:00,28.79,1006.57,78.9,normal,none,0,none
AWS-003,Chennai Nungambakkam,2026-08-04 08:40:00,28.17,1006.6,77.4,normal,none,0,none
AWS-003,Chennai Nungambakkam,2026-08-04 08:50:00,28.88,1006.55,78.1,normal,none,0,none
AWS-003,Chennai Nungambakkam,2026-08-04 09:00:00,28.71,1006.81,77.7,normal,none,0,none
AWS-003,Chennai Nungambakkam,2026-08-04 09:10:00,28.61,1006.32,77.3,normal,none,0,none
AWS-003,Chennai Nungambakkam,2026-08-04 09:20:00,29.38,1006.57,79.0,normal,none,0,none
AWS-003,Chennai Nungambakkam,2026-08-04 09:30:00,29.59,1006.09,76.4,normal,none,0,none
AWS-003,Chennai Nungambakkam,2026-08-04 09:40:00,29.92,1006.21,74.8,normal,none,0,none
AWS-003,Chennai Nungambakkam,2026-08-04 09:50:00,30.24,1006.5,74.2,normal,none,0,none
AWS-003,Chennai Nungambakkam,2026-08-04 10:00:00,30.52,1006.26,73.2,normal,none,0,none
AWS-003,Chennai Nungambakkam,2026-08-04 10:10:00,30.44,1006.92,74.5,normal,none,0,none
AWS-003,Chennai Nungambakkam,2026-08-04 10:20:00,30.25,1006.42,74.1,normal,none,0,none
AWS-003,Chennai Nungambakkam,2026-08-04 10:30:00,30.41,1006.69,75.1,normal,none,0,none
AWS-003,Chennai Nungambakkam,2026-08-04 10:40:00,30.63,1006.89,74.5,normal,none,0,none
AWS-003,Chennai Nungambakkam,2026-08-04 10:50:00,30.77,1006.47,74.5,normal,none,0,none
AWS-003,Chennai Nungambakkam,2026-08-04 11:00:00,31.05,1006.57,73.4,normal,none,0,none
AWS-003,Chennai Nungambakkam,2026-08-04 11:10:00,31.49,1005.94,72.0,normal,none,0,none
AWS-003,Chennai Nungambakkam,2026-08-04 11:20:00,31.37,1006.34,70.6,normal,none,0,none
AWS-003,Chennai Nungambakkam,2026-08-04 11:30:00,32.19,1006.52,72.2,normal,none,0,none
AWS-003,Chennai Nungambakkam,2026-08-04 11:40:00,32.26,1006.01,72.8,normal,none,0,none
AWS-003,Chennai Nungambakkam,2026-08-04 11:50:00,31.92,1006.35,71.6,normal,none,0,none
AWS-003,Chennai Nungambakkam,2026-08-04 12:00:00,31.43,1006.25,71.3,normal,none,0,none
AWS-003,Chennai Nungambakkam,2026-08-04 12:10:00,31.61,1006.13,74.0,normal,none,0,none
AWS-003,Chennai Nungambakkam,2026-08-04 12:20:00,32.1,1005.91,71.3,normal,none,0,none
AWS-003,Chennai Nungambakkam,2026-08-04 12:30:00,33.21,1005.94,70.7,normal,none,0,none
AWS-003,Chennai Nungambakkam,2026-08-04 12:40:00,32.78,1006.08,70.9,normal,none,0,none
AWS-003,Chennai Nungambakkam,2026-08-04 12:50:00,32.32,1006.24,72.1,normal,none,0,none
AWS-003,Chennai Nungambakkam,2026-08-04 13:00:00,32.11,1006.09,70.8,normal,none,0,none
AWS-003,Chennai Nungambakkam,2026-08-04 13:10:00,33.11,1006.07,70.5,normal,none,0,none
AWS-003,Chennai Nungambakkam,2026-08-04 13:20:00,32.19,1005.86,70.6,normal,none,0,none
AWS-003,Chennai Nungambakkam,2026-08-04 13:30:00,33.26,1005.82,70.7,normal,none,0,none
AWS-003,Chennai Nungambakkam,2026-08-04 13:40:00,32.73,1005.87,70.8,normal,none,0,none
AWS-003,Chennai Nungambakkam,2026-08-04 13:50:00,33.2,1005.91,71.2,normal,none,0,none
AWS-003,Chennai Nungambakkam,2026-08-04 14:00:00,32.8,1005.21,70.9,normal,none,0,none
AWS-003,Chennai Nungambakkam,2026-08-04 14:10:00,33.03,1005.13,70.4,normal,none,0,none
AWS-003,Chennai Nungambakkam,2026-08-04 14:20:00,33.13,1005.14,69.5,normal,none,0,none
AWS-003,Chennai Nungambakkam,2026-08-04 14:30:00,33.51,1004.82,71.2,normal,none,0,none
AWS-003,Chennai Nungambakkam,2026-08-04 14:40:00,33.17,1005.61,69.6,normal,none,0,none
AWS-003,Chennai Nungambakkam,2026-08-04 14:50:00,32.84,1005.09,68.4,normal,none,0,none
AWS-003,Chennai Nungambakkam,2026-08-04 15:00:00,32.57,1005.26,67.7,normal,none,0,none
AWS-003,Chennai Nungambakkam,2026-08-04 15:10:00,32.9,1005.38,71.1,normal,none,0,none
AWS-003,Chennai Nungambakkam,2026-08-04 15:20:00,32.73,1005.09,69.3,normal,none,0,none
AWS-003,Chennai Nungambakkam,2026-08-04 15:30:00,33.09,1004.73,72.0,normal,none,0,none
AWS-003,Chennai Nungambakkam,2026-08-04 15:40:00,32.85,1005.21,69.9,normal,none,0,none
AWS-003,Chennai Nungambakkam,2026-08-04 15:50:00,32.76,1004.99,70.5,normal,none,0,none
AWS-003,Chennai Nungambakkam,2026-08-04 16:00:00,32.95,1004.8,71.2,normal,none,0,none
AWS-003,Chennai Nungambakkam,2026-08-04 16:10:00,32.7,1004.42,69.2,normal,none,0,none
AWS-003,Chennai Nungambakkam,2026-08-04 16:20:00,32.2,1004.78,71.7,normal,none,0,none
AWS-003,Chennai Nungambakkam,2026-08-04 16:30:00,32.34,1004.69,69.8,normal,none,0,none
AWS-003,Chennai Nungambakkam,2026-08-04 16:40:00,32.09,1004.8,71.4,normal,none,0,none
AWS-003,Chennai Nungambakkam,2026-08-04 16:50:00,32.35,1003.99,70.2,normal,none,0,none
AWS-003,Chennai Nungambakkam,2026-08-04 17:00:00,32.63,1004.21,72.0,normal,none,0,none
AWS-003,Chennai Nungambakkam,2026-08-04 17:10:00,31.81,1004.4,72.9,normal,none,0,none
AWS-003,Chennai Nungambakkam,2026-08-04 17:20:00,31.78,1004.01,72.4,normal,none,0,none
AWS-003,Chennai Nungambakkam,2026-08-04 17:30:00,31.36,1004.67,73.1,normal,none,0,none
AWS-003,Chennai Nungambakkam,2026-08-04 17:40:00,31.53,1004.51,72.9,normal,none,0,none
AWS-003,Chennai Nungambakkam,2026-08-04 17:50:00,31.21,1004.13,73.1,normal,none,0,none
AWS-003,Chennai Nungambakkam,2026-08-04 18:00:00,31.2,1004.41,73.8,normal,none,0,none
AWS-003,Chennai Nungambakkam,2026-08-04 18:10:00,30.3,1004.38,74.6,normal,none,0,none
AWS-003,Chennai Nungambakkam,2026-08-04 18:20:00,30.9,1004.34,74.2,normal,none,0,none
AWS-003,Chennai Nungambakkam,2026-08-04 18:30:00,30.37,1004.16,74.1,normal,none,0,none
AWS-003,Chennai Nungambakkam,2026-08-04 18:40:00,31.03,1004.08,73.6,normal,none,0,none
AWS-003,Chennai Nungambakkam,2026-08-04 18:50:00,30.07,1003.96,74.4,normal,none,0,none
AWS-003,Chennai Nungambakkam,2026-08-04 19:00:00,30.02,1004.1,77.7,normal,none,0,none
AWS-003,Chennai Nungambakkam,2026-08-04 19:10:00,30.15,1004.21,76.6,normal,none,0,none
AWS-003,Chennai Nungambakkam,2026-08-04 19:20:00,29.61,1003.77,78.7,normal,none,0,none
AWS-003,Chennai Nungambakkam,2026-08-04 19:30:00,29.49,1003.94,74.8,normal,none,0,none
AWS-003,Chennai Nungambakkam,2026-08-04 19:40:00,28.72,1004.0,77.5,normal,none,0,none
AWS-003,Chennai Nungambakkam,2026-08-04 19:50:00,29.12,1004.2,78.4,normal,none,0,none
AWS-003,Chennai Nungambakkam,2026-08-04 20:00:00,28.75,1003.74,78.8,normal,none,0,none
AWS-003,Chennai Nungambakkam,2026-08-04 20:10:00,28.28,1003.95,75.0,normal,none,0,none
AWS-003,Chennai Nungambakkam,2026-08-04 20:20:00,29.14,1004.34,77.2,normal,none,0,none
AWS-003,Chennai Nungambakkam,2026-08-04 20:30:00,27.92,1004.21,79.7,normal,none,0,none
AWS-003,Chennai Nungambakkam,2026-08-04 20:40:00,28.1,1003.91,80.7,normal,none,0,none
AWS-003,Chennai Nungambakkam,2026-08-04 20:50:00,27.15,1004.1,79.9,normal,none,0,none
AWS-003,Chennai Nungambakkam,2026-08-04 21:00:00,27.19,1004.04,80.6,normal,none,0,none
AWS-003,Chennai Nungambakkam,2026-08-04 21:10:00,26.82,1004.44,80.6,normal,none,0,none
AWS-003,Chennai Nungambakkam,2026-08-04 21:20:00,27.1,1004.46,80.0,normal,none,0,none
AWS-003,Chennai Nungambakkam,2026-08-04 21:30:00,26.4,1004.36,78.7,normal,none,0,none
AWS-003,Chennai Nungambakkam,2026-08-04 21:40:00,27.03,1004.73,82.0,normal,none,0,none
AWS-003,Chennai Nungambakkam,2026-08-04 21:50:00,25.53,1004.07,81.7,normal,none,0,none
AWS-003,Chennai Nungambakkam,2026-08-04 22:00:00,26.13,1004.87,79.7,normal,none,0,none
AWS-003,Chennai Nungambakkam,2026-08-04 22:10:00,25.3,1004.66,82.3,normal,none,0,none
AWS-003,Chennai Nungambakkam,2026-08-04 22:20:00,26.06,1004.33,84.2,normal,none,0,none
AWS-003,Chennai Nungambakkam,2026-08-04 22:30:00,25.14,1004.46,83.0,normal,none,0,none
AWS-003,Chennai Nungambakkam,2026-08-04 22:40:00,25.76,1004.63,84.9,normal,none,0,none
AWS-003,Chennai Nungambakkam,2026-08-04 22:50:00,25.14,1005.24,86.9,normal,none,0,none
AWS-003,Chennai Nungambakkam,2026-08-04 23:00:00,24.89,1004.64,84.2,normal,none,0,none
AWS-003,Chennai Nungambakkam,2026-08-04 23:10:00,25.07,1004.79,83.9,normal,none,0,none
AWS-003,Chennai Nungambakkam,2026-08-04 23:20:00,25.07,1005.1,85.5,normal,none,0,none
AWS-003,Chennai Nungambakkam,2026-08-04 23:30:00,24.51,1005.08,86.6,normal,none,0,none
AWS-003,Chennai Nungambakkam,2026-08-04 23:40:00,23.91,1004.75,85.7,normal,none,0,none
AWS-003,Chennai Nungambakkam,2026-08-04 23:50:00,24.06,1004.79,85.8,normal,none,0,none
AWS-003,Chennai Nungambakkam,2026-08-05 00:00:00,24.4,1004.81,85.9,normal,none,0,none
AWS-003,Chennai Nungambakkam,2026-08-05 00:10:00,24.29,1004.77,85.6,normal,none,0,none
AWS-003,Chennai Nungambakkam,2026-08-05 00:20:00,23.98,1004.92,88.3,normal,none,0,none
AWS-003,Chennai Nungambakkam,2026-08-05 00:30:00,23.97,1004.97,85.5,normal,none,0,none
AWS-003,Chennai Nungambakkam,2026-08-05 00:40:00,24.24,1005.41,85.7,normal,none,0,none
AWS-003,Chennai Nungambakkam,2026-08-05 00:50:00,23.85,1005.47,86.6,normal,none,0,none
AWS-003,Chennai Nungambakkam,2026-08-05 01:00:00,23.15,1005.97,87.9,normal,none,0,none
AWS-003,Chennai Nungambakkam,2026-08-05 01:10:00,22.93,1006.0,85.4,normal,none,0,none
AWS-003,Chennai Nungambakkam,2026-08-05 01:20:00,23.11,1005.69,87.3,normal,none,0,none
AWS-003,Chennai Nungambakkam,2026-08-05 01:30:00,23.09,1005.85,88.4,normal,none,0,none
AWS-003,Chennai Nungambakkam,2026-08-05 01:40:00,23.91,1005.54,87.4,normal,none,0,none
AWS-003,Chennai Nungambakkam,2026-08-05 01:50:00,22.55,1006.44,85.0,normal,none,0,none
AWS-003,Chennai Nungambakkam,2026-08-05 02:00:00,23.42,1006.26,85.5,normal,none,0,none
AWS-003,Chennai Nungambakkam,2026-08-05 02:10:00,23.2,1006.4,86.4,normal,none,0,none
AWS-003,Chennai Nungambakkam,2026-08-05 02:20:00,22.31,1006.54,87.0,normal,none,0,none
AWS-003,Chennai Nungambakkam,2026-08-05 02:30:00,23.07,1006.22,85.3,normal,none,0,none
AWS-003,Chennai Nungambakkam,2026-08-05 02:40:00,22.81,1006.45,88.6,normal,none,0,none
AWS-003,Chennai Nungambakkam,2026-08-05 02:50:00,23.64,1006.39,87.4,normal,none,0,none
AWS-003,Chennai Nungambakkam,2026-08-05 03:00:00,22.94,1007.01,87.4,normal,none,0,none
AWS-003,Chennai Nungambakkam,2026-08-05 03:10:00,22.96,1006.42,86.3,normal,none,0,none
AWS-003,Chennai Nungambakkam,2026-08-05 03:20:00,23.1,1006.4,87.7,normal,none,0,none
AWS-003,Chennai Nungambakkam,2026-08-05 03:30:00,23.71,1006.98,87.7,normal,none,0,none
AWS-003,Chennai Nungambakkam,2026-08-05 03:40:00,23.12,1007.62,86.8,normal,none,0,none
AWS-003,Chennai Nungambakkam,2026-08-05 03:50:00,23.64,1007.0,85.8,normal,none,0,none
AWS-003,Chennai Nungambakkam,2026-08-05 04:00:00,23.25,1006.94,86.6,normal,none,0,none
AWS-003,Chennai Nungambakkam,2026-08-05 04:10:00,23.41,1007.54,86.3,normal,none,0,none
AWS-003,Chennai Nungambakkam,2026-08-05 04:20:00,23.55,1007.09,88.5,normal,none,0,none
AWS-003,Chennai Nungambakkam,2026-08-05 04:30:00,24.16,1007.53,83.6,normal,none,0,none
AWS-003,Chennai Nungambakkam,2026-08-05 04:40:00,24.19,1044.4231696839408,88.3,spike,pressure_spike,1,pressure
AWS-003,Chennai Nungambakkam,2026-08-05 04:50:00,24.27,1007.72,86.0,normal,none,0,none
AWS-003,Chennai Nungambakkam,2026-08-05 05:00:00,23.99,1007.74,84.4,normal,none,0,none
AWS-003,Chennai Nungambakkam,2026-08-05 05:10:00,24.85,1007.78,88.3,normal,none,0,none
AWS-003,Chennai Nungambakkam,2026-08-05 05:20:00,24.84,1007.85,85.2,normal,none,0,none
AWS-003,Chennai Nungambakkam,2026-08-05 05:30:00,24.23,1007.87,85.5,normal,none,0,none
AWS-003,Chennai Nungambakkam,2026-08-05 05:40:00,24.96,1008.43,84.1,normal,none,0,none
AWS-003,Chennai Nungambakkam,2026-08-05 05:50:00,25.23,1008.42,85.2,normal,none,0,none
AWS-003,Chennai Nungambakkam,2026-08-05 06:00:00,24.79,1008.2,85.5,normal,none,0,none
AWS-003,Chennai Nungambakkam,2026-08-05 06:10:00,26.03,1008.2,84.5,normal,none,0,none
AWS-003,Chennai Nungambakkam,2026-08-05 06:20:00,25.44,1008.26,84.1,normal,none,0,none
AWS-003,Chennai Nungambakkam,2026-08-05 06:30:00,25.54,1008.69,83.8,normal,none,0,none
AWS-003,Chennai Nungambakkam,2026-08-05 06:40:00,26.19,1008.63,83.2,normal,none,0,none
AWS-003,Chennai Nungambakkam,2026-08-05 06:50:00,25.48,1008.41,84.0,normal,none,0,none
AWS-003,Chennai Nungambakkam,2026-08-05 07:00:00,26.47,1009.14,83.3,normal,none,0,none
AWS-003,Chennai Nungambakkam,2026-08-05 07:10:00,26.57,1008.72,79.8,normal,none,0,none
AWS-003,Chennai Nungambakkam,2026-08-05 07:20:00,27.03,1008.66,83.2,normal,none,0,none
AWS-003,Chennai Nungambakkam,2026-08-05 07:30:00,27.6,1009.0,81.3,normal,none,0,none
AWS-003,Chennai Nungambakkam,2026-08-05 07:40:00,27.14,1008.81,78.3,normal,none,0,none
AWS-003,Chennai Nungambakkam,2026-08-05 07:50:00,27.55,1008.87,77.8,normal,none,0,none
AWS-003,Chennai Nungambakkam,2026-08-05 08:00:00,27.18,1009.41,79.3,normal,none,0,none
AWS-003,Chennai Nungambakkam,2026-08-05 08:10:00,27.88,1009.55,79.8,normal,none,0,none
AWS-003,Chennai Nungambakkam,2026-08-05 08:20:00,28.02,1009.05,76.7,normal,none,0,none
AWS-003,Chennai Nungambakkam,2026-08-05 08:30:00,28.3,1009.62,78.9,normal,none,0,none
AWS-003,Chennai Nungambakkam,2026-08-05 08:40:00,29.03,1009.24,78.9,normal,none,0,none
AWS-003,Chennai Nungambakkam,2026-08-05 08:50:00,29.74,1009.65,76.4,normal,none,0,none
AWS-003,Chennai Nungambakkam,2026-08-05 09:00:00,29.53,1009.47,76.8,normal,none,0,none
AWS-003,Chennai Nungambakkam,2026-08-05 09:10:00,29.59,1009.37,75.9,normal,none,0,none
AWS-003,Chennai Nungambakkam,2026-08-05 09:20:00,29.79,1009.14,76.6,normal,none,0,none
AWS-003,Chennai Nungambakkam,2026-08-05 09:30:00,29.8,1009.47,74.9,normal,none,0,none
AWS-003,Chennai Nungambakkam,2026-08-05 09:40:00,30.13,1009.0,75.2,normal,none,0,none
AWS-003,Chennai Nungambakkam,2026-08-05 09:50:00,30.15,1009.34,76.7,normal,none,0,none
AWS-003,Chennai Nungambakkam,2026-08-05 10:00:00,30.6,1009.45,73.8,normal,none,0,none
AWS-003,Chennai Nungambakkam,2026-08-05 10:10:00,30.65,1009.2,73.8,normal,none,0,none
AWS-003,Chennai Nungambakkam,2026-08-05 10:20:00,31.34,1009.37,72.1,normal,none,0,none
AWS-003,Chennai Nungambakkam,2026-08-05 10:30:00,31.22,1009.52,75.0,normal,none,0,none
AWS-003,Chennai Nungambakkam,2026-08-05 10:40:00,31.13,1009.28,71.6,normal,none,0,none
AWS-003,Chennai Nungambakkam,2026-08-05 10:50:00,31.65,1009.9,72.5,normal,none,0,none
AWS-003,Chennai Nungambakkam,2026-08-05 11:00:00,31.74,1009.17,72.2,normal,none,0,none
AWS-003,Chennai Nungambakkam,2026-08-05 11:10:00,32.27,1009.23,72.7,normal,none,0,none
AWS-003,Chennai Nungambakkam,2026-08-05 11:20:00,32.4,1009.3,70.7,normal,none,0,none
AWS-003,Chennai Nungambakkam,2026-08-05 11:30:00,31.79,1009.58,71.1,normal,none,0,none
AWS-003,Chennai Nungambakkam,2026-08-05 11:40:00,32.29,1009.3,72.2,normal,none,0,none
AWS-003,Chennai Nungambakkam,2026-08-05 11:50:00,33.06,1009.58,72.7,normal,none,0,none
AWS-003,Chennai Nungambakkam,2026-08-05 12:00:00,33.15,1009.0,69.7,normal,none,0,none
AWS-003,Chennai Nungambakkam,2026-08-05 12:10:00,32.69,1009.14,68.7,normal,none,0,none
AWS-003,Chennai Nungambakkam,2026-08-05 12:20:00,33.17,1009.82,68.8,normal,none,0,none
AWS-003,Chennai Nungambakkam,2026-08-05 12:30:00,33.45,1009.36,71.3,normal,none,0,none
AWS-003,Chennai Nungambakkam,2026-08-05 12:40:00,33.66,1009.2,69.8,normal,none,0,none
AWS-003,Chennai Nungambakkam,2026-08-05 12:50:00,32.96,1009.45,69.4,normal,none,0,none
AWS-003,Chennai Nungambakkam,2026-08-05 13:00:00,33.8,1009.21,70.8,normal,none,0,none
AWS-003,Chennai Nungambakkam,2026-08-05 13:10:00,33.72,1008.83,71.2,normal,none,0,none
AWS-003,Chennai Nungambakkam,2026-08-05 13:20:00,33.67,1008.79,70.1,normal,none,0,none
AWS-003,Chennai Nungambakkam,2026-08-05 13:30:00,33.98,1008.91,70.0,normal,none,0,none
AWS-003,Chennai Nungambakkam,2026-08-05 13:40:00,33.42,1008.68,67.3,normal,none,0,none
AWS-003,Chennai Nungambakkam,2026-08-05 13:50:00,33.96,1009.0,69.6,normal,none,0,none
AWS-003,Chennai Nungambakkam,2026-08-05 14:00:00,33.38,1008.35,67.7,normal,none,0,none
AWS-003,Chennai Nungambakkam,2026-08-05 14:10:00,34.32,1008.91,68.7,normal,none,0,none
AWS-003,Chennai Nungambakkam,2026-08-05 14:20:00,33.53,1008.86,70.9,normal,none,0,none
AWS-003,Chennai Nungambakkam,2026-08-05 14:30:00,34.23,1008.64,68.2,normal,none,0,none
AWS-003,Chennai Nungambakkam,2026-08-05 14:40:00,33.64,1008.62,69.2,normal,none,0,none
AWS-003,Chennai Nungambakkam,2026-08-05 14:50:00,34.72,1007.94,67.3,normal,none,0,none
AWS-003,Chennai Nungambakkam,2026-08-05 15:00:00,34.15,1007.74,67.4,normal,none,0,none
AWS-003,Chennai Nungambakkam,2026-08-05 15:10:00,33.77,1008.23,69.1,normal,none,0,none
AWS-003,Chennai Nungambakkam,2026-08-05 15:20:00,34.05,1008.34,67.9,normal,none,0,none
AWS-003,Chennai Nungambakkam,2026-08-05 15:30:00,33.39,1008.34,68.9,normal,none,0,none
AWS-003,Chennai Nungambakkam,2026-08-05 15:40:00,34.23,1008.21,68.8,normal,none,0,none
AWS-003,Chennai Nungambakkam,2026-08-05 15:50:00,33.59,1007.82,67.6,normal,none,0,none
AWS-003,Chennai Nungambakkam,2026-08-05 16:00:00,33.96,1008.23,67.7,normal,none,0,none
AWS-003,Chennai Nungambakkam,2026-08-05 16:10:00,33.46,1008.02,67.2,normal,none,0,none
AWS-003,Chennai Nungambakkam,2026-08-05 16:20:00,33.06,1008.02,70.2,normal,none,0,none
AWS-003,Chennai Nungambakkam,2026-08-05 16:30:00,33.26,1008.01,68.3,normal,none,0,none
AWS-003,Chennai Nungambakkam,2026-08-05 16:40:00,33.54,1007.79,69.4,normal,none,0,none
AWS-003,Chennai Nungambakkam,2026-08-05 16:50:00,33.03,1008.43,70.7,normal,none,0,none
AWS-003,Chennai Nungambakkam,2026-08-05 17:00:00,32.9,1007.94,71.1,normal,none,0,none
AWS-003,Chennai Nungambakkam,2026-08-05 17:10:00,32.8,1007.81,68.3,normal,none,0,none
AWS-003,Chennai Nungambakkam,2026-08-05 17:20:00,33.17,1007.96,69.5,normal,none,0,none
AWS-003,Chennai Nungambakkam,2026-08-05 17:30:00,32.46,1007.89,71.7,normal,none,0,none
AWS-003,Chennai Nungambakkam,2026-08-05 17:40:00,32.95,1007.22,71.8,normal,none,0,none
AWS-003,Chennai Nungambakkam,2026-08-05 17:50:00,32.27,1007.68,70.4,normal,none,0,none
AWS-003,Chennai Nungambakkam,2026-08-05 18:00:00,32.03,1007.53,69.5,normal,none,0,none
AWS-003,Chennai Nungambakkam,2026-08-05 18:10:00,32.07,1007.94,72.5,normal,none,0,none
AWS-003,Chennai Nungambakkam,2026-08-05 18:20:00,31.85,1007.63,72.9,normal,none,0,none
AWS-003,Chennai Nungambakkam,2026-08-05 18:30:00,32.19,1007.51,72.2,normal,none,0,none
AWS-003,Chennai Nungambakkam,2026-08-05 18:40:00,32.27,1007.89,70.0,normal,none,0,none
AWS-003,Chennai Nungambakkam,2026-08-05 18:50:00,31.4,1006.96,72.6,normal,none,0,none
AWS-003,Chennai Nungambakkam,2026-08-05 19:00:00,31.65,1008.18,74.2,normal,none,0,none
AWS-003,Chennai Nungambakkam,2026-08-05 19:10:00,31.18,1008.19,72.5,normal,none,0,none
AWS-003,Chennai Nungambakkam,2026-08-05 19:20:00,31.04,1007.73,73.9,normal,none,0,none
AWS-003,Chennai Nungambakkam,2026-08-05 19:30:00,30.47,1007.47,75.1,normal,none,0,none
AWS-003,Chennai Nungambakkam,2026-08-05 19:40:00,30.91,1007.31,75.8,normal,none,0,none
AWS-003,Chennai Nungambakkam,2026-08-05 19:50:00,30.37,1007.27,75.5,normal,none,0,none
AWS-003,Chennai Nungambakkam,2026-08-05 20:00:00,30.77,1007.71,75.6,normal,none,0,none
AWS-003,Chennai Nungambakkam,2026-08-05 20:10:00,30.06,1007.59,75.7,normal,none,0,none
AWS-003,Chennai Nungambakkam,2026-08-05 20:20:00,29.81,1007.66,76.2,normal,none,0,none
AWS-003,Chennai Nungambakkam,2026-08-05 20:30:00,29.01,1007.72,78.0,normal,none,0,none
AWS-003,Chennai Nungambakkam,2026-08-05 20:40:00,30.02,1007.56,76.3,normal,none,0,none
AWS-003,Chennai Nungambakkam,2026-08-05 20:50:00,29.26,1007.74,77.7,normal,none,0,none
AWS-003,Chennai Nungambakkam,2026-08-05 21:00:00,28.76,1007.56,78.6,normal,none,0,none
AWS-003,Chennai Nungambakkam,2026-08-05 21:10:00,28.59,1007.66,78.3,normal,none,0,none
AWS-003,Chennai Nungambakkam,2026-08-05 21:20:00,28.69,1007.25,79.6,normal,none,0,none
AWS-003,Chennai Nungambakkam,2026-08-05 21:30:00,28.81,1007.57,77.4,normal,none,0,none
AWS-003,Chennai Nungambakkam,2026-08-05 21:40:00,28.41,1007.49,78.4,normal,none,0,none
AWS-003,Chennai Nungambakkam,2026-08-05 21:50:00,28.41,1007.53,78.7,normal,none,0,none
AWS-003,Chennai Nungambakkam,2026-08-05 22:00:00,27.8,1007.9,79.5,normal,none,0,none
AWS-003,Chennai Nungambakkam,2026-08-05 22:10:00,27.92,1008.2,81.8,normal,none,0,none
AWS-003,Chennai Nungambakkam,2026-08-05 22:20:00,27.51,1007.86,80.0,normal,none,0,none
AWS-003,Chennai Nungambakkam,2026-08-05 22:30:00,27.48,1007.93,80.2,normal,none,0,none
AWS-003,Chennai Nungambakkam,2026-08-05 22:40:00,27.14,1007.7,81.5,normal,none,0,none
AWS-003,Chennai Nungambakkam,2026-08-05 22:50:00,27.57,1007.68,81.0,normal,none,0,none
AWS-003,Chennai Nungambakkam,2026-08-05 23:00:00,26.59,1008.55,81.4,normal,none,0,none
AWS-003,Chennai Nungambakkam,2026-08-05 23:10:00,27.05,1008.54,83.5,normal,none,0,none
AWS-003,Chennai Nungambakkam,2026-08-05 23:20:00,26.22,1008.13,83.6,normal,none,0,none
AWS-003,Chennai Nungambakkam,2026-08-05 23:30:00,26.3,1008.33,83.2,normal,none,0,none
AWS-003,Chennai Nungambakkam,2026-08-05 23:40:00,26.38,1008.3,81.9,normal,none,0,none
AWS-003,Chennai Nungambakkam,2026-08-05 23:50:00,26.5,1008.07,83.8,normal,none,0,none
AWS-003,Chennai Nungambakkam,2026-08-06 00:00:00,25.88,1008.31,81.9,normal,none,0,none
AWS-003,Chennai Nungambakkam,2026-08-06 00:10:00,26.3,1008.6,84.9,normal,none,0,none
AWS-003,Chennai Nungambakkam,2026-08-06 00:20:00,26.04,1008.73,84.1,normal,none,0,none
AWS-003,Chennai Nungambakkam,2026-08-06 00:30:00,25.65,1008.81,83.2,normal,none,0,none
AWS-003,Chennai Nungambakkam,2026-08-06 00:40:00,25.27,1008.55,84.6,normal,none,0,none
AWS-003,Chennai Nungambakkam,2026-08-06 00:50:00,25.05,1008.71,84.2,normal,none,0,none
AWS-003,Chennai Nungambakkam,2026-08-06 01:00:00,25.76,1008.46,83.0,normal,none,0,none
AWS-003,Chennai Nungambakkam,2026-08-06 01:10:00,25.35,1009.51,83.7,normal,none,0,none
AWS-003,Chennai Nungambakkam,2026-08-06 01:20:00,25.55,1008.51,82.9,normal,none,0,none
AWS-003,Chennai Nungambakkam,2026-08-06 01:30:00,25.17,1009.15,84.1,normal,none,0,none
AWS-003,Chennai Nungambakkam,2026-08-06 01:40:00,25.41,1009.36,85.2,normal,none,0,none
AWS-003,Chennai Nungambakkam,2026-08-06 01:50:00,25.38,1009.14,85.2,normal,none,0,none
AWS-003,Chennai Nungambakkam,2026-08-06 02:00:00,25.31,1009.23,84.5,normal,none,0,none
AWS-003,Chennai Nungambakkam,2026-08-06 02:10:00,25.94,1009.7,86.8,normal,none,0,none
AWS-003,Chennai Nungambakkam,2026-08-06 02:20:00,25.38,1009.59,84.8,normal,none,0,none
AWS-003,Chennai Nungambakkam,2026-08-06 02:30:00,25.53,1009.9,86.2,normal,none,0,none
AWS-003,Chennai Nungambakkam,2026-08-06 02:40:00,25.15,1010.24,81.6,normal,none,0,none
AWS-003,Chennai Nungambakkam,2026-08-06 02:50:00,24.76,1009.99,85.9,normal,none,0,none
AWS-003,Chennai Nungambakkam,2026-08-06 03:00:00,24.76,1010.53,85.7,normal,none,0,none
AWS-003,Chennai Nungambakkam,2026-08-06 03:10:00,25.73,1010.58,87.3,normal,none,0,none
AWS-003,Chennai Nungambakkam,2026-08-06 03:20:00,25.59,1010.57,83.9,normal,none,0,none
AWS-003,Chennai Nungambakkam,2026-08-06 03:30:00,25.19,1010.19,84.0,normal,none,0,none
AWS-003,Chennai Nungambakkam,2026-08-06 03:40:00,25.32,1010.46,83.4,normal,none,0,none
AWS-003,Chennai Nungambakkam,2026-08-06 03:50:00,26.12,1010.83,82.6,normal,none,0,none
AWS-003,Chennai Nungambakkam,2026-08-06 04:00:00,26.18,1010.96,83.7,normal,none,0,none
AWS-003,Chennai Nungambakkam,2026-08-06 04:10:00,25.82,1011.07,82.9,normal,none,0,none
AWS-003,Chennai Nungambakkam,2026-08-06 04:20:00,25.47,1010.64,85.3,normal,none,0,none
AWS-003,Chennai Nungambakkam,2026-08-06 04:30:00,25.82,1010.79,83.1,normal,none,0,none
AWS-003,Chennai Nungambakkam,2026-08-06 04:40:00,26.25,1010.89,84.7,normal,none,0,none
AWS-003,Chennai Nungambakkam,2026-08-06 04:50:00,26.55,1010.71,83.2,normal,none,0,none
AWS-003,Chennai Nungambakkam,2026-08-06 05:00:00,26.42,1010.9,82.9,normal,none,0,none
AWS-003,Chennai Nungambakkam,2026-08-06 05:10:00,26.33,1011.71,82.8,normal,none,0,none
AWS-003,Chennai Nungambakkam,2026-08-06 05:20:00,26.81,1011.54,83.2,normal,none,0,none
AWS-003,Chennai Nungambakkam,2026-08-06 05:30:00,26.73,1011.51,82.2,normal,none,0,none
AWS-003,Chennai Nungambakkam,2026-08-06 05:40:00,27.42,1011.47,82.3,normal,none,0,none
AWS-003,Chennai Nungambakkam,2026-08-06 05:50:00,26.8,1012.0,80.2,normal,none,0,none
AWS-003,Chennai Nungambakkam,2026-08-06 06:00:00,27.71,1011.59,78.401395206461,frozen_sensor,frozen_sensor,1,humidity
AWS-003,Chennai Nungambakkam,2026-08-06 06:10:00,28.16,1011.99,78.40505257642404,frozen_sensor,frozen_sensor,1,humidity
AWS-003,Chennai Nungambakkam,2026-08-06 06:20:00,27.1,1012.15,78.3970956093299,frozen_sensor,frozen_sensor,1,humidity
AWS-003,Chennai Nungambakkam,2026-08-06 06:30:00,28.08,1012.19,78.39737415096411,frozen_sensor,frozen_sensor,1,humidity
AWS-003,Chennai Nungambakkam,2026-08-06 06:40:00,28.19,1012.08,78.39714309917123,frozen_sensor,frozen_sensor,1,humidity
AWS-003,Chennai Nungambakkam,2026-08-06 06:50:00,28.4,1012.46,78.39537958581127,frozen_sensor,frozen_sensor,1,humidity
AWS-003,Chennai Nungambakkam,2026-08-06 07:00:00,28.91,1012.41,78.38693725493654,frozen_sensor,frozen_sensor,1,humidity
AWS-003,Chennai Nungambakkam,2026-08-06 07:10:00,29.4,1012.28,78.40475184841199,frozen_sensor,frozen_sensor,1,humidity
AWS-003,Chennai Nungambakkam,2026-08-06 07:20:00,29.26,1012.02,78.40408222540476,frozen_sensor,frozen_sensor,1,humidity
AWS-003,Chennai Nungambakkam,2026-08-06 07:30:00,29.1,1012.65,78.39238062001192,frozen_sensor,frozen_sensor,1,humidity
AWS-003,Chennai Nungambakkam,2026-08-06 07:40:00,29.77,1012.16,77.2,normal,none,0,none
AWS-003,Chennai Nungambakkam,2026-08-06 07:50:00,29.72,1012.26,76.7,normal,none,0,none
AWS-003,Chennai Nungambakkam,2026-08-06 08:00:00,30.38,1012.29,76.0,normal,none,0,none
AWS-003,Chennai Nungambakkam,2026-08-06 08:10:00,30.67,1012.25,74.4,normal,none,0,none
AWS-003,Chennai Nungambakkam,2026-08-06 08:20:00,30.84,1012.4,78.3,normal,none,0,none
AWS-003,Chennai Nungambakkam,2026-08-06 08:30:00,30.72,1012.82,75.0,normal,none,0,none
AWS-003,Chennai Nungambakkam,2026-08-06 08:40:00,30.58,1012.43,75.8,normal,none,0,none
AWS-003,Chennai Nungambakkam,2026-08-06 08:50:00,30.51,1012.48,73.7,normal,none,0,none
AWS-003,Chennai Nungambakkam,2026-08-06 09:00:00,31.64,1012.51,73.6,normal,none,0,none
AWS-003,Chennai Nungambakkam,2026-08-06 09:10:00,31.65,1012.7,73.5,normal,none,0,none
AWS-003,Chennai Nungambakkam,2026-08-06 09:20:00,31.67,1012.56,72.3,normal,none,0,none
AWS-003,Chennai Nungambakkam,2026-08-06 09:30:00,32.65,1013.01,71.1,normal,none,0,none
AWS-003,Chennai Nungambakkam,2026-08-06 09:40:00,32.73,1012.68,71.3,normal,none,0,none
AWS-003,Chennai Nungambakkam,2026-08-06 09:50:00,32.86,1012.96,69.6,normal,none,0,none
AWS-003,Chennai Nungambakkam,2026-08-06 10:00:00,32.52,1012.63,70.4,normal,none,0,none
AWS-003,Chennai Nungambakkam,2026-08-06 10:10:00,33.6,1012.33,70.4,normal,none,0,none
AWS-003,Chennai Nungambakkam,2026-08-06 10:20:00,33.31,1012.35,71.1,normal,none,0,none
AWS-003,Chennai Nungambakkam,2026-08-06 10:30:00,33.43,1012.68,68.5,normal,none,0,none
AWS-003,Chennai Nungambakkam,2026-08-06 10:40:00,34.0,1012.29,68.2,normal,none,0,none
AWS-003,Chennai Nungambakkam,2026-08-06 10:50:00,34.04,1012.31,68.3,normal,none,0,none
AWS-003,Chennai Nungambakkam,2026-08-06 11:00:00,34.63,1013.0,69.3,normal,none,0,none
AWS-003,Chennai Nungambakkam,2026-08-06 11:10:00,34.53,1012.83,69.0,normal,none,0,none
AWS-003,Chennai Nungambakkam,2026-08-06 11:20:00,34.89,1012.6,69.8,normal,none,0,none
AWS-003,Chennai Nungambakkam,2026-08-06 11:30:00,35.09,1012.27,69.4,normal,none,0,none
AWS-003,Chennai Nungambakkam,2026-08-06 11:40:00,34.92,1012.21,67.0,normal,none,0,none
AWS-003,Chennai Nungambakkam,2026-08-06 11:50:00,35.22,1012.56,65.6,normal,none,0,none
AWS-003,Chennai Nungambakkam,2026-08-06 12:00:00,35.44,1012.48,68.2,normal,none,0,none
AWS-003,Chennai Nungambakkam,2026-08-06 12:10:00,35.33,1012.84,64.4,normal,none,0,none
AWS-003,Chennai Nungambakkam,2026-08-06 12:20:00,35.66,1011.75,65.6,normal,none,0,none
AWS-003,Chennai Nungambakkam,2026-08-06 12:30:00,36.16,1011.49,68.5,normal,none,0,none
AWS-003,Chennai Nungambakkam,2026-08-06 12:40:00,36.81,1012.32,66.5,normal,none,0,none
AWS-003,Chennai Nungambakkam,2026-08-06 12:50:00,35.5,1011.97,67.0,normal,none,0,none
AWS-003,Chennai Nungambakkam,2026-08-06 13:00:00,35.51,1012.04,65.3,normal,none,0,none
AWS-003,Chennai Nungambakkam,2026-08-06 13:10:00,35.71,1012.35,63.9,normal,none,0,none
AWS-003,Chennai Nungambakkam,2026-08-06 13:20:00,36.11,1011.46,65.5,normal,none,0,none
AWS-003,Chennai Nungambakkam,2026-08-06 13:30:00,35.9,1012.13,65.8,normal,none,0,none
AWS-003,Chennai Nungambakkam,2026-08-06 13:40:00,36.46,1011.69,65.1,normal,none,0,none
AWS-003,Chennai Nungambakkam,2026-08-06 13:50:00,36.63,1011.58,65.9,normal,none,0,none
AWS-003,Chennai Nungambakkam,2026-08-06 14:00:00,36.26,1011.35,66.0,normal,none,0,none
AWS-003,Chennai Nungambakkam,2026-08-06 14:10:00,36.52,1012.08,63.7,normal,none,0,none
AWS-003,Chennai Nungambakkam,2026-08-06 14:20:00,36.54,1011.5,66.1,normal,none,0,none
AWS-003,Chennai Nungambakkam,2026-08-06 14:30:00,36.39,1011.53,63.4,normal,none,0,none
AWS-003,Chennai Nungambakkam,2026-08-06 14:40:00,36.41,1011.36,65.7,normal,none,0,none
AWS-003,Chennai Nungambakkam,2026-08-06 14:50:00,36.11,1011.19,65.9,normal,none,0,none
AWS-003,Chennai Nungambakkam,2026-08-06 15:00:00,36.65,1010.76,64.6,normal,none,0,none
AWS-003,Chennai Nungambakkam,2026-08-06 15:10:00,36.92,1011.55,63.2,normal,none,0,none
AWS-003,Chennai Nungambakkam,2026-08-06 15:20:00,36.12,1010.95,66.2,normal,none,0,none
AWS-003,Chennai Nungambakkam,2026-08-06 15:30:00,36.35,1010.94,65.1,normal,none,0,none
AWS-003,Chennai Nungambakkam,2026-08-06 15:40:00,36.18,1010.73,64.2,normal,none,0,none
AWS-003,Chennai Nungambakkam,2026-08-06 15:50:00,36.19,1010.79,64.1,normal,none,0,none
AWS-003,Chennai Nungambakkam,2026-08-06 16:00:00,36.1,1010.4,65.3,normal,none,0,none
AWS-003,Chennai Nungambakkam,2026-08-06 16:10:00,35.64,1010.86,65.1,normal,none,0,none
AWS-003,Chennai Nungambakkam,2026-08-06 16:20:00,36.16,1010.07,68.3,normal,none,0,none
AWS-003,Chennai Nungambakkam,2026-08-06 16:30:00,35.21,1010.68,66.0,normal,none,0,none
AWS-003,Chennai Nungambakkam,2026-08-06 16:40:00,35.43,1010.21,68.6,normal,none,0,none
AWS-003,Chennai Nungambakkam,2026-08-06 16:50:00,35.75,1010.66,68.5,normal,none,0,none
AWS-003,Chennai Nungambakkam,2026-08-06 17:00:00,35.6,1010.25,69.0,normal,none,0,none
AWS-003,Chennai Nungambakkam,2026-08-06 17:10:00,35.68,1010.44,66.3,normal,none,0,none
AWS-003,Chennai Nungambakkam,2026-08-06 17:20:00,34.72,1010.18,67.6,normal,none,0,none
AWS-003,Chennai Nungambakkam,2026-08-06 17:30:00,35.38,1010.2,67.4,normal,none,0,none
AWS-003,Chennai Nungambakkam,2026-08-06 17:40:00,34.17,1009.82,65.5,normal,none,0,none
AWS-003,Chennai Nungambakkam,2026-08-06 17:50:00,35.51,1010.58,67.6,normal,none,0,none
AWS-003,Chennai Nungambakkam,2026-08-06 18:00:00,35.02,1009.77,66.2,normal,none,0,none
AWS-003,Chennai Nungambakkam,2026-08-06 18:10:00,34.84,1009.91,68.4,normal,none,0,none
AWS-003,Chennai Nungambakkam,2026-08-06 18:20:00,34.27,1009.29,69.0,normal,none,0,none
AWS-003,Chennai Nungambakkam,2026-08-06 18:30:00,34.49,1009.84,70.5,normal,none,0,none
AWS-003,Chennai Nungambakkam,2026-08-06 18:40:00,33.86,1010.32,69.9,normal,none,0,none
AWS-003,Chennai Nungambakkam,2026-08-06 18:50:00,33.2,1010.07,70.2,normal,none,0,none
AWS-003,Chennai Nungambakkam,2026-08-06 19:00:00,33.5,1009.83,70.7,normal,none,0,none
AWS-003,Chennai Nungambakkam,2026-08-06 19:10:00,33.7,1009.57,71.5,normal,none,0,none
AWS-003,Chennai Nungambakkam,2026-08-06 19:20:00,33.49,1009.44,72.3,normal,none,0,none
AWS-003,Chennai Nungambakkam,2026-08-06 19:30:00,32.77,1009.34,69.7,normal,none,0,none
AWS-003,Chennai Nungambakkam,2026-08-06 19:40:00,32.05,1009.09,71.0,normal,none,0,none
AWS-003,Chennai Nungambakkam,2026-08-06 19:50:00,32.55,1009.49,71.8,normal,none,0,none
AWS-003,Chennai Nungambakkam,2026-08-06 20:00:00,32.71,1009.49,73.6,normal,none,0,none
AWS-003,Chennai Nungambakkam,2026-08-06 20:10:00,32.01,1009.38,71.0,normal,none,0,none
AWS-003,Chennai Nungambakkam,2026-08-06 20:20:00,31.84,1009.66,71.7,normal,none,0,none
AWS-003,Chennai Nungambakkam,2026-08-06 20:30:00,32.74,1009.67,74.6,normal,none,0,none
AWS-003,Chennai Nungambakkam,2026-08-06 20:40:00,31.83,1009.85,73.2,normal,none,0,none
AWS-003,Chennai Nungambakkam,2026-08-06 20:50:00,31.82,1009.67,75.4,normal,none,0,none
AWS-003,Chennai Nungambakkam,2026-08-06 21:00:00,31.49,1009.89,73.3,normal,none,0,none
AWS-003,Chennai Nungambakkam,2026-08-06 21:10:00,31.28,1009.7,75.0,normal,none,0,none
AWS-003,Chennai Nungambakkam,2026-08-06 21:20:00,30.11,1010.45,76.4,normal,none,0,none
AWS-003,Chennai Nungambakkam,2026-08-06 21:30:00,30.51,1009.69,76.9,normal,none,0,none
AWS-003,Chennai Nungambakkam,2026-08-06 21:40:00,30.15,1009.58,76.2,normal,none,0,none
AWS-003,Chennai Nungambakkam,2026-08-06 21:50:00,30.21,1009.91,76.3,normal,none,0,none
AWS-003,Chennai Nungambakkam,2026-08-06 22:00:00,29.18,1009.68,78.2,normal,none,0,none
AWS-003,Chennai Nungambakkam,2026-08-06 22:10:00,29.32,1009.72,76.1,normal,none,0,none
AWS-003,Chennai Nungambakkam,2026-08-06 22:20:00,29.72,1009.78,76.3,normal,none,0,none
AWS-003,Chennai Nungambakkam,2026-08-06 22:30:00,29.05,1009.68,79.5,normal,none,0,none
AWS-003,Chennai Nungambakkam,2026-08-06 22:40:00,28.84,1010.18,78.4,normal,none,0,none
AWS-003,Chennai Nungambakkam,2026-08-06 22:50:00,28.88,1010.1,77.1,normal,none,0,none
AWS-003,Chennai Nungambakkam,2026-08-06 23:00:00,28.95,1009.77,79.6,normal,none,0,none
AWS-003,Chennai Nungambakkam,2026-08-06 23:10:00,28.97,1009.85,80.0,normal,none,0,none
AWS-003,Chennai Nungambakkam,2026-08-06 23:20:00,28.47,1009.79,79.6,normal,none,0,none
AWS-003,Chennai Nungambakkam,2026-08-06 23:30:00,28.48,1010.14,78.7,normal,none,0,none
AWS-003,Chennai Nungambakkam,2026-08-06 23:40:00,28.42,1010.74,82.2,normal,none,0,none
AWS-003,Chennai Nungambakkam,2026-08-06 23:50:00,27.65,1010.4,77.1,normal,none,0,none
AWS-003,Chennai Nungambakkam,2026-08-07 00:00:00,28.06,1010.23,79.7,normal,none,0,none
AWS-003,Chennai Nungambakkam,2026-08-07 00:10:00,27.39,1010.53,81.6,normal,none,0,none
AWS-003,Chennai Nungambakkam,2026-08-07 00:20:00,27.46,1010.45,81.2,normal,none,0,none
AWS-003,Chennai Nungambakkam,2026-08-07 00:30:00,27.43,1010.72,80.9,normal,none,0,none
AWS-003,Chennai Nungambakkam,2026-08-07 00:40:00,27.85,1010.82,80.6,normal,none,0,none
AWS-003,Chennai Nungambakkam,2026-08-07 00:50:00,26.78,1010.75,79.9,normal,none,0,none
AWS-003,Chennai Nungambakkam,2026-08-07 01:00:00,27.13,1010.38,82.6,normal,none,0,none
AWS-003,Chennai Nungambakkam,2026-08-07 01:10:00,27.53,1010.77,81.6,normal,none,0,none
AWS-003,Chennai Nungambakkam,2026-08-07 01:20:00,26.91,1011.02,83.4,normal,none,0,none
AWS-003,Chennai Nungambakkam,2026-08-07 01:30:00,27.84,1011.48,81.7,normal,none,0,none
AWS-003,Chennai Nungambakkam,2026-08-07 01:40:00,27.02,1010.94,83.6,normal,none,0,none
AWS-003,Chennai Nungambakkam,2026-08-07 01:50:00,26.65,1011.11,81.2,normal,none,0,none
AWS-003,Chennai Nungambakkam,2026-08-07 02:00:00,26.66,1011.24,81.3,normal,none,0,none
AWS-003,Chennai Nungambakkam,2026-08-07 02:10:00,26.65,1011.33,81.9,normal,none,0,none
AWS-003,Chennai Nungambakkam,2026-08-07 02:20:00,27.63,1011.36,81.2,normal,none,0,none
AWS-003,Chennai Nungambakkam,2026-08-07 02:30:00,26.95,1010.62,83.9,normal,none,0,none
AWS-003,Chennai Nungambakkam,2026-08-07 02:40:00,28.08,1011.18,82.5,normal,none,0,none
AWS-003,Chennai Nungambakkam,2026-08-07 02:50:00,27.61,1010.71,81.7,normal,none,0,none
AWS-003,Chennai Nungambakkam,2026-08-07 03:00:00,27.23,1011.41,80.7,normal,none,0,none
AWS-003,Chennai Nungambakkam,2026-08-07 03:10:00,27.0,1011.84,81.4,normal,none,0,none
AWS-003,Chennai Nungambakkam,2026-08-07 03:20:00,26.87,1011.61,84.5,normal,none,0,none
AWS-003,Chennai Nungambakkam,2026-08-07 03:30:00,27.08,1011.7,81.9,normal,none,0,none
AWS-003,Chennai Nungambakkam,2026-08-07 03:40:00,27.82,1012.13,80.0,normal,none,0,none
AWS-003,Chennai Nungambakkam,2026-08-07 03:50:00,26.93,1011.89,80.8,normal,none,0,none
AWS-003,Chennai Nungambakkam,2026-08-07 04:00:00,27.63,1011.81,82.2,normal,none,0,none
AWS-003,Chennai Nungambakkam,2026-08-07 04:10:00,27.46,1012.16,81.6,normal,none,0,none
AWS-003,Chennai Nungambakkam,2026-08-07 04:20:00,28.43,1011.58,81.9,normal,none,0,none
AWS-003,Chennai Nungambakkam,2026-08-07 04:30:00,28.17,1011.81,82.5,normal,none,0,none
AWS-003,Chennai Nungambakkam,2026-08-07 04:40:00,27.82,1012.33,81.3,normal,none,0,none
AWS-003,Chennai Nungambakkam,2026-08-07 04:50:00,27.87,1012.33,79.3,normal,none,0,none
AWS-003,Chennai Nungambakkam,2026-08-07 05:00:00,28.1,1012.23,79.7,normal,none,0,none
AWS-003,Chennai Nungambakkam,2026-08-07 05:10:00,27.98,1012.39,80.3,normal,none,0,none
AWS-003,Chennai Nungambakkam,2026-08-07 05:20:00,27.53,1012.15,80.5,normal,none,0,none
AWS-003,Chennai Nungambakkam,2026-08-07 05:30:00,28.23,1012.95,80.8,normal,none,0,none
AWS-003,Chennai Nungambakkam,2026-08-07 05:40:00,28.38,1012.67,79.2,normal,none,0,none
AWS-003,Chennai Nungambakkam,2026-08-07 05:50:00,28.66,1012.72,77.9,normal,none,0,none
AWS-003,Chennai Nungambakkam,2026-08-07 06:00:00,28.87,1012.17,77.3,normal,none,0,none
AWS-003,Chennai Nungambakkam,2026-08-07 06:10:00,29.3,1012.79,77.2,normal,none,0,none
AWS-003,Chennai Nungambakkam,2026-08-07 06:20:00,28.48,1012.58,75.3,normal,none,0,none
AWS-003,Chennai Nungambakkam,2026-08-07 06:30:00,30.05,1013.17,76.1,normal,none,0,none
AWS-003,Chennai Nungambakkam,2026-08-07 06:40:00,29.42,1012.76,76.6,normal,none,0,none
AWS-003,Chennai Nungambakkam,2026-08-07 06:50:00,29.56,1013.34,75.8,normal,none,0,none
AWS-003,Chennai Nungambakkam,2026-08-07 07:00:00,30.09,1013.27,75.1,normal,none,0,none
AWS-003,Chennai Nungambakkam,2026-08-07 07:10:00,29.96,1013.03,75.1,normal,none,0,none
AWS-003,Chennai Nungambakkam,2026-08-07 07:20:00,30.38,1012.76,75.9,normal,none,0,none
AWS-003,Chennai Nungambakkam,2026-08-07 07:30:00,30.84,1012.76,74.7,normal,none,0,none
AWS-003,Chennai Nungambakkam,2026-08-07 07:40:00,31.51,1012.99,76.5,normal,none,0,none
AWS-003,Chennai Nungambakkam,2026-08-07 07:50:00,31.04,1013.36,74.9,normal,none,0,none
AWS-003,Chennai Nungambakkam,2026-08-07 08:00:00,31.29,1013.12,72.5,normal,none,0,none
AWS-003,Chennai Nungambakkam,2026-08-07 08:10:00,31.16,1012.85,75.0,normal,none,0,none
AWS-003,Chennai Nungambakkam,2026-08-07 08:20:00,31.7,1012.96,73.1,normal,none,0,none
AWS-003,Chennai Nungambakkam,2026-08-07 08:30:00,32.28,1013.08,71.9,normal,none,0,none
AWS-003,Chennai Nungambakkam,2026-08-07 08:40:00,32.71,1013.66,71.6,normal,none,0,none
AWS-003,Chennai Nungambakkam,2026-08-07 08:50:00,32.38,1012.9,73.4,normal,none,0,none
AWS-003,Chennai Nungambakkam,2026-08-07 09:00:00,32.74,1012.96,72.1,normal,none,0,none
AWS-003,Chennai Nungambakkam,2026-08-07 09:10:00,32.71,1012.99,73.4,normal,none,0,none
AWS-003,Chennai Nungambakkam,2026-08-07 09:20:00,33.22,1013.0,71.1,normal,none,0,none
AWS-003,Chennai Nungambakkam,2026-08-07 09:30:00,33.21,1013.21,69.5,normal,none,0,none
AWS-003,Chennai Nungambakkam,2026-08-07 09:40:00,33.23,1012.96,68.8,normal,none,0,none
AWS-003,Chennai Nungambakkam,2026-08-07 09:50:00,33.76,1012.69,71.4,normal,none,0,none
AWS-003,Chennai Nungambakkam,2026-08-07 10:00:00,33.1,1012.91,69.1,normal,none,0,none
AWS-003,Chennai Nungambakkam,2026-08-07 10:10:00,33.89,1012.9,69.4,normal,none,0,none
AWS-003,Chennai Nungambakkam,2026-08-07 10:20:00,34.0,1012.44,68.2,normal,none,0,none
AWS-003,Chennai Nungambakkam,2026-08-07 10:30:00,34.54,1013.08,69.6,normal,none,0,none
AWS-003,Chennai Nungambakkam,2026-08-07 10:40:00,34.61,1012.62,68.5,normal,none,0,none
AWS-003,Chennai Nungambakkam,2026-08-07 10:50:00,35.06,1012.3,67.7,normal,none,0,none
AWS-003,Chennai Nungambakkam,2026-08-07 11:00:00,35.08,1012.75,70.0,normal,none,0,none
AWS-003,Chennai Nungambakkam,2026-08-07 11:10:00,35.99,1012.8,67.6,normal,none,0,none
AWS-003,Chennai Nungambakkam,2026-08-07 11:20:00,35.17,1012.48,68.7,normal,none,0,none
AWS-003,Chennai Nungambakkam,2026-08-07 11:30:00,34.87,1012.75,68.3,normal,none,0,none
AWS-003,Chennai Nungambakkam,2026-08-07 11:40:00,35.44,1012.4,67.5,normal,none,0,none
AWS-003,Chennai Nungambakkam,2026-08-07 11:50:00,35.1,1012.13,68.6,normal,none,0,none
AWS-003,Chennai Nungambakkam,2026-08-07 12:00:00,35.41,1012.56,67.7,normal,none,0,none
AWS-003,Chennai Nungambakkam,2026-08-07 12:10:00,36.26,1012.2,67.1,normal,none,0,none
AWS-003,Chennai Nungambakkam,2026-08-07 12:20:00,35.84,1011.95,67.5,normal,none,0,none
AWS-003,Chennai Nungambakkam,2026-08-07 12:30:00,35.63,1012.1,65.8,normal,none,0,none
AWS-003,Chennai Nungambakkam,2026-08-07 12:40:00,36.84,1011.73,66.4,normal,none,0,none
AWS-003,Chennai Nungambakkam,2026-08-07 12:50:00,35.49,1011.52,66.6,normal,none,0,none
AWS-003,Chennai Nungambakkam,2026-08-07 13:00:00,36.65,1011.4,64.7,normal,none,0,none
AWS-003,Chennai Nungambakkam,2026-08-07 13:10:00,36.67,1011.51,66.1,normal,none,0,none
AWS-003,Chennai Nungambakkam,2026-08-07 13:20:00,36.25,1011.7,62.6,normal,none,0,none
AWS-003,Chennai Nungambakkam,2026-08-07 13:30:00,36.63,1011.66,63.4,normal,none,0,none
AWS-003,Chennai Nungambakkam,2026-08-07 13:40:00,36.56,1012.03,64.9,normal,none,0,none
AWS-003,Chennai Nungambakkam,2026-08-07 13:50:00,36.88,1011.3,64.3,normal,none,0,none
AWS-003,Chennai Nungambakkam,2026-08-07 14:00:00,36.11,1011.17,64.1,normal,none,0,none
AWS-003,Chennai Nungambakkam,2026-08-07 14:10:00,36.48,1011.18,64.5,normal,none,0,none
AWS-003,Chennai Nungambakkam,2026-08-07 14:20:00,36.63,1010.85,64.6,normal,none,0,none
AWS-003,Chennai Nungambakkam,2026-08-07 14:30:00,36.8,1011.35,62.3,normal,none,0,none
AWS-003,Chennai Nungambakkam,2026-08-07 14:40:00,37.12,1011.22,62.9,normal,none,0,none
AWS-003,Chennai Nungambakkam,2026-08-07 14:50:00,36.54,1011.13,65.0,normal,none,0,none
AWS-003,Chennai Nungambakkam,2026-08-07 15:00:00,36.78,1011.19,64.7,normal,none,0,none
AWS-003,Chennai Nungambakkam,2026-08-07 15:10:00,36.6,1010.94,64.6,normal,none,0,none
AWS-003,Chennai Nungambakkam,2026-08-07 15:20:00,36.33,1010.67,64.0,normal,none,0,none
AWS-003,Chennai Nungambakkam,2026-08-07 15:30:00,36.59,1010.13,62.4,normal,none,0,none
AWS-003,Chennai Nungambakkam,2026-08-07 15:40:00,36.39,1010.59,65.2,normal,none,0,none
AWS-003,Chennai Nungambakkam,2026-08-07 15:50:00,36.43,1010.27,65.3,normal,none,0,none
AWS-003,Chennai Nungambakkam,2026-08-07 16:00:00,36.74,1010.14,65.6,normal,none,0,none
AWS-003,Chennai Nungambakkam,2026-08-07 16:10:00,36.44,1010.47,66.2,normal,none,0,none
AWS-003,Chennai Nungambakkam,2026-08-07 16:20:00,36.09,1010.33,65.8,normal,none,0,none
AWS-003,Chennai Nungambakkam,2026-08-07 16:30:00,36.29,1010.23,66.9,normal,none,0,none
AWS-003,Chennai Nungambakkam,2026-08-07 16:40:00,35.75,1009.61,66.3,normal,none,0,none
AWS-003,Chennai Nungambakkam,2026-08-07 16:50:00,35.23,1009.79,65.5,normal,none,0,none
AWS-003,Chennai Nungambakkam,2026-08-07 17:00:00,35.28,1009.56,66.7,normal,none,0,none
AWS-003,Chennai Nungambakkam,2026-08-07 17:10:00,35.52,1009.32,66.6,normal,none,0,none
AWS-003,Chennai Nungambakkam,2026-08-07 17:20:00,34.98,1009.17,66.9,normal,none,0,none
AWS-003,Chennai Nungambakkam,2026-08-07 17:30:00,35.74,1009.14,66.5,normal,none,0,none
AWS-003,Chennai Nungambakkam,2026-08-07 17:40:00,35.21,1009.29,67.4,normal,none,0,none
AWS-003,Chennai Nungambakkam,2026-08-07 17:50:00,35.2,1009.34,67.0,normal,none,0,none
AWS-003,Chennai Nungambakkam,2026-08-07 18:00:00,68.71214320896857,1009.41,68.4,spike,temperature_spike,1,temperature
AWS-003,Chennai Nungambakkam,2026-08-07 18:10:00,34.19,1008.92,66.6,normal,none,0,none
AWS-003,Chennai Nungambakkam,2026-08-07 18:20:00,34.65,1009.24,69.1,normal,none,0,none
AWS-003,Chennai Nungambakkam,2026-08-07 18:30:00,34.29,1008.96,69.8,normal,none,0,none
AWS-003,Chennai Nungambakkam,2026-08-07 18:40:00,35.05,1008.74,70.2,normal,none,0,none
AWS-003,Chennai Nungambakkam,2026-08-07 18:50:00,33.84,1008.66,69.7,normal,none,0,none
AWS-003,Chennai Nungambakkam,2026-08-07 19:00:00,33.64,1008.83,70.0,normal,none,0,none
AWS-003,Chennai Nungambakkam,2026-08-07 19:10:00,33.27,1008.72,71.3,normal,none,0,none
AWS-003,Chennai Nungambakkam,2026-08-07 19:20:00,33.11,1008.56,71.2,normal,none,0,none
AWS-003,Chennai Nungambakkam,2026-08-07 19:30:00,32.62,1008.75,71.7,normal,none,0,none
AWS-003,Chennai Nungambakkam,2026-08-07 19:40:00,33.01,1008.68,72.3,normal,none,0,none
AWS-003,Chennai Nungambakkam,2026-08-07 19:50:00,32.7,1008.18,73.1,normal,none,0,none
AWS-003,Chennai Nungambakkam,2026-08-07 20:00:00,32.25,1008.66,73.7,normal,none,0,none
AWS-003,Chennai Nungambakkam,2026-08-07 20:10:00,31.14,1008.51,71.5,normal,none,0,none
AWS-003,Chennai Nungambakkam,2026-08-07 20:20:00,31.77,1008.57,72.5,normal,none,0,none
AWS-003,Chennai Nungambakkam,2026-08-07 20:30:00,31.1,1008.1,72.7,normal,none,0,none
AWS-003,Chennai Nungambakkam,2026-08-07 20:40:00,31.61,1008.39,72.7,normal,none,0,none
AWS-003,Chennai Nungambakkam,2026-08-07 20:50:00,30.59,1008.42,72.7,normal,none,0,none
AWS-003,Chennai Nungambakkam,2026-08-07 21:00:00,31.1,1008.89,74.6,normal,none,0,none
AWS-003,Chennai Nungambakkam,2026-08-07 21:10:00,30.86,1007.86,74.1,normal,none,0,none
AWS-003,Chennai Nungambakkam,2026-08-07 21:20:00,29.91,1008.33,75.1,normal,none,0,none
AWS-003,Chennai Nungambakkam,2026-08-07 21:30:00,30.51,1008.23,75.3,normal,none,0,none
AWS-003,Chennai Nungambakkam,2026-08-07 21:40:00,29.39,1008.01,79.3,normal,none,0,none
AWS-003,Chennai Nungambakkam,2026-08-07 21:50:00,29.78,1008.93,76.7,normal,none,0,none
AWS-003,Chennai Nungambakkam,2026-08-07 22:00:00,29.04,1008.39,75.4,normal,none,0,none
AWS-003,Chennai Nungambakkam,2026-08-07 22:10:00,29.02,1007.9,78.8,normal,none,0,none
AWS-003,Chennai Nungambakkam,2026-08-07 22:20:00,29.37,1008.2,79.4,normal,none,0,none
AWS-003,Chennai Nungambakkam,2026-08-07 22:30:00,28.88,1008.12,77.9,normal,none,0,none
AWS-003,Chennai Nungambakkam,2026-08-07 22:40:00,28.17,1008.46,76.7,normal,none,0,none
AWS-003,Chennai Nungambakkam,2026-08-07 22:50:00,28.97,1007.89,77.9,normal,none,0,none
AWS-003,Chennai Nungambakkam,2026-08-07 23:00:00,28.25,1008.48,81.6,normal,none,0,none
AWS-003,Chennai Nungambakkam,2026-08-07 23:10:00,28.07,1008.28,82.3,normal,none,0,none
AWS-003,Chennai Nungambakkam,2026-08-07 23:20:00,27.83,1008.25,76.7,normal,none,0,none
AWS-003,Chennai Nungambakkam,2026-08-07 23:30:00,28.39,1008.28,80.1,normal,none,0,none
AWS-003,Chennai Nungambakkam,2026-08-07 23:40:00,27.84,1008.37,82.5,normal,none,0,none
AWS-003,Chennai Nungambakkam,2026-08-07 23:50:00,27.5,1008.56,82.9,normal,none,0,none
AWS-003,Chennai Nungambakkam,2026-08-08 00:00:00,26.6,1008.2,80.3,normal,none,0,none
AWS-003,Chennai Nungambakkam,2026-08-08 00:10:00,26.87,1008.41,81.9,normal,none,0,none
AWS-003,Chennai Nungambakkam,2026-08-08 00:20:00,27.34,1008.64,82.6,normal,none,0,none
AWS-003,Chennai Nungambakkam,2026-08-08 00:30:00,26.79,1008.46,82.5,normal,none,0,none
AWS-003,Chennai Nungambakkam,2026-08-08 00:40:00,26.88,1009.21,84.2,normal,none,0,none
AWS-003,Chennai Nungambakkam,2026-08-08 00:50:00,26.34,1008.69,83.4,normal,none,0,none
AWS-003,Chennai Nungambakkam,2026-08-08 01:00:00,26.57,1008.92,84.9,normal,none,0,none
AWS-003,Chennai Nungambakkam,2026-08-08 01:10:00,26.31,1008.23,84.3,normal,none,0,none
AWS-003,Chennai Nungambakkam,2026-08-08 01:20:00,26.29,1008.81,84.2,normal,none,0,none
AWS-003,Chennai Nungambakkam,2026-08-08 01:30:00,26.25,1008.65,81.0,normal,none,0,none
AWS-003,Chennai Nungambakkam,2026-08-08 01:40:00,25.94,1008.84,84.8,normal,none,0,none
AWS-003,Chennai Nungambakkam,2026-08-08 01:50:00,26.48,1009.08,83.0,normal,none,0,none
AWS-003,Chennai Nungambakkam,2026-08-08 02:00:00,26.16,1008.8,83.4,normal,none,0,none
AWS-003,Chennai Nungambakkam,2026-08-08 02:10:00,25.85,1008.9,83.2,normal,none,0,none
AWS-003,Chennai Nungambakkam,2026-08-08 02:20:00,26.04,1008.7,83.0,normal,none,0,none
AWS-003,Chennai Nungambakkam,2026-08-08 02:30:00,25.99,1008.9,85.3,normal,none,0,none
AWS-003,Chennai Nungambakkam,2026-08-08 02:40:00,25.46,1009.16,85.1,normal,none,0,none
AWS-003,Chennai Nungambakkam,2026-08-08 02:50:00,25.42,1008.97,83.1,normal,none,0,none
AWS-003,Chennai Nungambakkam,2026-08-08 03:00:00,25.47,1009.28,84.9,normal,none,0,none
AWS-003,Chennai Nungambakkam,2026-08-08 03:10:00,26.24,1009.12,81.5,normal,none,0,none
AWS-003,Chennai Nungambakkam,2026-08-08 03:20:00,25.72,1009.81,83.6,normal,none,0,none
AWS-003,Chennai Nungambakkam,2026-08-08 03:30:00,26.24,1009.59,82.0,normal,none,0,none
AWS-003,Chennai Nungambakkam,2026-08-08 03:40:00,25.85,1009.79,85.9,normal,none,0,none
AWS-003,Chennai Nungambakkam,2026-08-08 03:50:00,25.74,1009.36,84.5,normal,none,0,none
AWS-003,Chennai Nungambakkam,2026-08-08 04:00:00,26.09,1009.9,82.6,normal,none,0,none
AWS-003,Chennai Nungambakkam,2026-08-08 04:10:00,26.23,1009.53,82.3,normal,none,0,none
AWS-003,Chennai Nungambakkam,2026-08-08 04:20:00,25.88,1009.5,83.5,normal,none,0,none
AWS-003,Chennai Nungambakkam,2026-08-08 04:30:00,26.33,1009.53,81.7,normal,none,0,none
AWS-003,Chennai Nungambakkam,2026-08-08 04:40:00,26.5,1009.45,82.3,normal,none,0,none
AWS-003,Chennai Nungambakkam,2026-08-08 04:50:00,26.18,1010.19,82.1,normal,none,0,none
AWS-003,Chennai Nungambakkam,2026-08-08 05:00:00,27.45,1010.04,82.0,normal,none,0,none
AWS-003,Chennai Nungambakkam,2026-08-08 05:10:00,26.83,1009.69,81.1,normal,none,0,none
AWS-003,Chennai Nungambakkam,2026-08-08 05:20:00,26.82,1009.84,80.6,normal,none,0,none
AWS-003,Chennai Nungambakkam,2026-08-08 05:30:00,27.13,1009.88,82.3,normal,none,0,none
AWS-003,Chennai Nungambakkam,2026-08-08 05:40:00,27.37,1009.94,81.5,normal,none,0,none
AWS-003,Chennai Nungambakkam,2026-08-08 05:50:00,26.94,1009.83,81.0,normal,none,0,none
AWS-003,Chennai Nungambakkam,2026-08-08 06:00:00,27.36,1010.39,81.7,normal,none,0,none
AWS-003,Chennai Nungambakkam,2026-08-08 06:10:00,27.69,1010.44,80.4,normal,none,0,none
AWS-003,Chennai Nungambakkam,2026-08-08 06:20:00,27.9,1010.26,79.3,normal,none,0,none
AWS-003,Chennai Nungambakkam,2026-08-08 06:30:00,28.41,1010.01,81.0,normal,none,0,none
AWS-003,Chennai Nungambakkam,2026-08-08 06:40:00,28.34,1010.23,81.3,normal,none,0,none
AWS-003,Chennai Nungambakkam,2026-08-08 06:50:00,28.61,1010.36,76.8,normal,none,0,none
AWS-003,Chennai Nungambakkam,2026-08-08 07:00:00,27.65,1010.15,78.6,normal,none,0,none
AWS-003,Chennai Nungambakkam,2026-08-08 07:10:00,28.75,1010.17,79.9,normal,none,0,none
AWS-003,Chennai Nungambakkam,2026-08-08 07:20:00,28.97,1010.62,78.2,normal,none,0,none
AWS-003,Chennai Nungambakkam,2026-08-08 07:30:00,29.69,1010.26,75.4,normal,none,0,none
AWS-003,Chennai Nungambakkam,2026-08-08 07:40:00,28.83,1010.75,76.3,normal,none,0,none
AWS-003,Chennai Nungambakkam,2026-08-08 07:50:00,29.19,1010.49,74.7,normal,none,0,none
AWS-003,Chennai Nungambakkam,2026-08-08 08:00:00,29.35,1010.14,75.5,normal,none,0,none
AWS-003,Chennai Nungambakkam,2026-08-08 08:10:00,30.76,1010.78,75.8,normal,none,0,none
AWS-003,Chennai Nungambakkam,2026-08-08 08:20:00,30.32,1010.92,74.6,normal,none,0,none
AWS-003,Chennai Nungambakkam,2026-08-08 08:30:00,30.83,1010.17,75.1,normal,none,0,none
AWS-003,Chennai Nungambakkam,2026-08-08 08:40:00,30.6,1010.39,74.7,normal,none,0,none
AWS-003,Chennai Nungambakkam,2026-08-08 08:50:00,31.02,1010.2,74.8,normal,none,0,none
AWS-003,Chennai Nungambakkam,2026-08-08 09:00:00,30.3,1010.07,74.4,normal,none,0,none
AWS-003,Chennai Nungambakkam,2026-08-08 09:10:00,31.46,1010.31,72.5,normal,none,0,none
AWS-003,Chennai Nungambakkam,2026-08-08 09:20:00,31.19,1010.2,75.0,normal,none,0,none
AWS-003,Chennai Nungambakkam,2026-08-08 09:30:00,31.72,1010.03,75.7,normal,none,0,none
AWS-003,Chennai Nungambakkam,2026-08-08 09:40:00,32.05,1010.02,71.7,normal,none,0,none
AWS-003,Chennai Nungambakkam,2026-08-08 09:50:00,31.55,1010.06,72.8,normal,none,0,none
AWS-003,Chennai Nungambakkam,2026-08-08 10:00:00,32.07,1010.33,72.9,normal,none,0,none
AWS-003,Chennai Nungambakkam,2026-08-08 10:10:00,32.79,1010.1,72.4,normal,none,0,none
AWS-003,Chennai Nungambakkam,2026-08-08 10:20:00,32.72,1009.81,72.1,normal,none,0,none
AWS-003,Chennai Nungambakkam,2026-08-08 10:30:00,32.59,1010.19,70.8,normal,none,0,none
AWS-003,Chennai Nungambakkam,2026-08-08 10:40:00,32.84,1009.99,70.9,normal,none,0,none
AWS-003,Chennai Nungambakkam,2026-08-08 10:50:00,33.15,1009.91,71.2,normal,none,0,none
AWS-003,Chennai Nungambakkam,2026-08-08 11:00:00,33.16,1009.81,68.8,normal,none,0,none
AWS-003,Chennai Nungambakkam,2026-08-08 11:10:00,33.4,1009.48,69.6,normal,none,0,none
AWS-003,Chennai Nungambakkam,2026-08-08 11:20:00,33.31,1009.45,71.7,normal,none,0,none
AWS-003,Chennai Nungambakkam,2026-08-08 11:30:00,33.75,1009.29,68.5,normal,none,0,none
AWS-003,Chennai Nungambakkam,2026-08-08 11:40:00,33.83,1009.51,67.5,normal,none,0,none
AWS-003,Chennai Nungambakkam,2026-08-08 11:50:00,33.79,1008.91,68.0,normal,none,0,none
AWS-003,Chennai Nungambakkam,2026-08-08 12:00:00,34.04,1009.39,69.5,normal,none,0,none
AWS-003,Chennai Nungambakkam,2026-08-08 12:10:00,34.39,1009.05,68.0,normal,none,0,none
AWS-003,Chennai Nungambakkam,2026-08-08 12:20:00,33.78,1009.47,67.6,normal,none,0,none
AWS-003,Chennai Nungambakkam,2026-08-08 12:30:00,34.74,1009.13,67.3,normal,none,0,none
AWS-003,Chennai Nungambakkam,2026-08-08 12:40:00,34.88,1008.93,68.6,normal,none,0,none
AWS-003,Chennai Nungambakkam,2026-08-08 12:50:00,34.48,1008.67,67.2,normal,none,0,none
AWS-003,Chennai Nungambakkam,2026-08-08 13:00:00,34.69,1008.86,67.6,normal,none,0,none
AWS-003,Chennai Nungambakkam,2026-08-08 13:10:00,34.12,1008.7,69.8,normal,none,0,none
AWS-003,Chennai Nungambakkam,2026-08-08 13:20:00,35.09,1008.66,65.8,normal,none,0,none
AWS-003,Chennai Nungambakkam,2026-08-08 13:30:00,34.76,1008.3,68.0,normal,none,0,none
AWS-003,Chennai Nungambakkam,2026-08-08 13:40:00,35.05,1008.5,68.5,normal,none,0,none
AWS-003,Chennai Nungambakkam,2026-08-08 13:50:00,34.42,1008.47,66.0,normal,none,0,none
AWS-003,Chennai Nungambakkam,2026-08-08 14:00:00,35.23,1008.58,65.8,normal,none,0,none
AWS-003,Chennai Nungambakkam,2026-08-08 14:10:00,34.1,1008.62,66.0,normal,none,0,none
AWS-003,Chennai Nungambakkam,2026-08-08 14:20:00,35.05,1008.15,68.6,normal,none,0,none
AWS-003,Chennai Nungambakkam,2026-08-08 14:30:00,34.39,1007.56,69.2,normal,none,0,none
AWS-003,Chennai Nungambakkam,2026-08-08 14:40:00,34.7,1007.78,65.6,normal,none,0,none
AWS-003,Chennai Nungambakkam,2026-08-08 14:50:00,34.85,1007.16,67.1,normal,none,0,none
AWS-003,Chennai Nungambakkam,2026-08-08 15:00:00,34.73,1007.81,66.4,normal,none,0,none
AWS-003,Chennai Nungambakkam,2026-08-08 15:10:00,35.2,1007.73,69.3,normal,none,0,none
AWS-003,Chennai Nungambakkam,2026-08-08 15:20:00,34.42,1007.47,67.9,normal,none,0,none
AWS-003,Chennai Nungambakkam,2026-08-08 15:30:00,34.92,1007.54,66.6,normal,none,0,none
AWS-003,Chennai Nungambakkam,2026-08-08 15:40:00,34.44,1006.89,66.6,normal,none,0,none
AWS-003,Chennai Nungambakkam,2026-08-08 15:50:00,34.48,1006.88,67.1,normal,none,0,none
AWS-003,Chennai Nungambakkam,2026-08-08 16:00:00,34.91,1006.78,68.0,normal,none,0,none
AWS-003,Chennai Nungambakkam,2026-08-08 16:10:00,33.73,1006.85,67.3,normal,none,0,none
AWS-003,Chennai Nungambakkam,2026-08-08 16:20:00,34.03,1006.59,67.0,normal,none,0,none
AWS-003,Chennai Nungambakkam,2026-08-08 16:30:00,34.25,1006.57,68.8,normal,none,0,none
AWS-003,Chennai Nungambakkam,2026-08-08 16:40:00,33.87,1006.53,69.4,normal,none,0,none
AWS-003,Chennai Nungambakkam,2026-08-08 16:50:00,33.68,1006.13,66.8,normal,none,0,none
AWS-003,Chennai Nungambakkam,2026-08-08 17:00:00,33.22,1006.52,70.4,normal,none,0,none
AWS-003,Chennai Nungambakkam,2026-08-08 17:10:00,33.48,1006.28,69.2,normal,none,0,none
AWS-003,Chennai Nungambakkam,2026-08-08 17:20:00,32.99,1006.12,67.5,normal,none,0,none
AWS-003,Chennai Nungambakkam,2026-08-08 17:30:00,33.05,1006.05,72.1,normal,none,0,none
AWS-003,Chennai Nungambakkam,2026-08-08 17:40:00,32.78,1005.93,70.2,normal,none,0,none
AWS-003,Chennai Nungambakkam,2026-08-08 17:50:00,32.82,1006.01,72.1,normal,none,0,none
AWS-003,Chennai Nungambakkam,2026-08-08 18:00:00,32.22,1005.72,70.7,normal,none,0,none
AWS-003,Chennai Nungambakkam,2026-08-08 18:10:00,32.55,1005.59,69.9,normal,none,0,none
AWS-003,Chennai Nungambakkam,2026-08-08 18:20:00,31.96,1005.8,72.6,normal,none,0,none
AWS-003,Chennai Nungambakkam,2026-08-08 18:30:00,32.19,1005.14,73.5,normal,none,0,none
AWS-003,Chennai Nungambakkam,2026-08-08 18:40:00,31.76,1005.38,74.5,normal,none,0,none
AWS-003,Chennai Nungambakkam,2026-08-08 18:50:00,31.84,1005.47,73.6,normal,none,0,none
AWS-003,Chennai Nungambakkam,2026-08-08 19:00:00,31.32,1005.66,72.7,normal,none,0,none
AWS-003,Chennai Nungambakkam,2026-08-08 19:10:00,30.91,1005.29,74.5,drift,drift,1,temperature
AWS-003,Chennai Nungambakkam,2026-08-08 19:20:00,30.91,1005.38,74.8,drift,drift,1,temperature
AWS-003,Chennai Nungambakkam,2026-08-08 19:30:00,31.400000000000002,1005.68,73.9,drift,drift,1,temperature
AWS-003,Chennai Nungambakkam,2026-08-08 19:40:00,32.59,1005.05,75.2,drift,drift,1,temperature
AWS-003,Chennai Nungambakkam,2026-08-08 19:50:00,33.089999999999996,1005.17,74.4,drift,drift,1,temperature
AWS-003,Chennai Nungambakkam,2026-08-08 20:00:00,33.72,1005.24,74.6,drift,drift,1,temperature
AWS-003,Chennai Nungambakkam,2026-08-08 20:10:00,33.02,1005.24,75.8,drift,drift,1,temperature
AWS-003,Chennai Nungambakkam,2026-08-08 20:20:00,34.47,1005.2,77.2,drift,drift,1,temperature
AWS-003,Chennai Nungambakkam,2026-08-08 20:30:00,33.88,1004.94,75.8,drift,drift,1,temperature
AWS-003,Chennai Nungambakkam,2026-08-08 20:40:00,35.03,1004.67,79.9,drift,drift,1,temperature
AWS-003,Chennai Nungambakkam,2026-08-08 20:50:00,35.39,1004.98,78.7,drift,drift,1,temperature
AWS-003,Chennai Nungambakkam,2026-08-08 21:00:00,35.32,1005.33,77.2,drift,drift,1,temperature
AWS-003,Chennai Nungambakkam,2026-08-08 21:10:00,36.56,1005.14,77.6,drift,drift,1,temperature
AWS-003,Chennai Nungambakkam,2026-08-08 21:20:00,35.77,1004.93,78.6,drift,drift,1,temperature
AWS-003,Chennai Nungambakkam,2026-08-08 21:30:00,36.42,1004.61,78.9,drift,drift,1,temperature
AWS-003,Chennai Nungambakkam,2026-08-08 21:40:00,37.09,1004.85,78.0,drift,drift,1,temperature
AWS-003,Chennai Nungambakkam,2026-08-08 21:50:00,37.25,1004.68,81.5,drift,drift,1,temperature
AWS-003,Chennai Nungambakkam,2026-08-08 22:00:00,37.89,1005.07,81.4,drift,drift,1,temperature
AWS-003,Chennai Nungambakkam,2026-08-08 22:10:00,26.41,1004.67,81.0,normal,none,0,none
AWS-003,Chennai Nungambakkam,2026-08-08 22:20:00,26.82,1004.82,81.3,normal,none,0,none
AWS-003,Chennai Nungambakkam,2026-08-08 22:30:00,26.01,1004.77,80.4,normal,none,0,none
AWS-003,Chennai Nungambakkam,2026-08-08 22:40:00,26.17,1004.7,82.4,normal,none,0,none
AWS-003,Chennai Nungambakkam,2026-08-08 22:50:00,25.88,1004.81,83.7,normal,none,0,none
AWS-003,Chennai Nungambakkam,2026-08-08 23:00:00,25.67,1004.76,84.5,normal,none,0,none
AWS-003,Chennai Nungambakkam,2026-08-08 23:10:00,25.48,1005.21,85.7,normal,none,0,none
AWS-003,Chennai Nungambakkam,2026-08-08 23:20:00,25.7,1004.8,84.3,normal,none,0,none
AWS-003,Chennai Nungambakkam,2026-08-08 23:30:00,25.68,1005.5,84.1,normal,none,0,none
AWS-003,Chennai Nungambakkam,2026-08-08 23:40:00,25.11,1004.95,85.8,normal,none,0,none
AWS-003,Chennai Nungambakkam,2026-08-08 23:50:00,24.59,1005.16,85.3,normal,none,0,none
AWS-003,Chennai Nungambakkam,2026-08-09 00:00:00,24.43,1004.95,85.8,normal,none,0,none
AWS-003,Chennai Nungambakkam,2026-08-09 00:10:00,24.94,1005.12,84.7,normal,none,0,none
AWS-003,Chennai Nungambakkam,2026-08-09 00:20:00,25.1,1005.33,83.5,normal,none,0,none
AWS-003,Chennai Nungambakkam,2026-08-09 00:30:00,24.9,1004.94,84.1,normal,none,0,none
AWS-003,Chennai Nungambakkam,2026-08-09 00:40:00,23.62,1005.18,85.0,normal,none,0,none
AWS-003,Chennai Nungambakkam,2026-08-09 00:50:00,24.55,1004.92,86.1,normal,none,0,none
AWS-003,Chennai Nungambakkam,2026-08-09 01:00:00,24.24,1004.68,88.4,normal,none,0,none
AWS-003,Chennai Nungambakkam,2026-08-09 01:10:00,24.43,1005.3,87.7,normal,none,0,none
AWS-003,Chennai Nungambakkam,2026-08-09 01:20:00,24.12,1005.65,88.1,normal,none,0,none
AWS-003,Chennai Nungambakkam,2026-08-09 01:30:00,23.85,1005.32,84.8,normal,none,0,none
AWS-003,Chennai Nungambakkam,2026-08-09 01:40:00,23.72,1005.5,88.0,normal,none,0,none
AWS-003,Chennai Nungambakkam,2026-08-09 01:50:00,23.41,1005.64,86.5,normal,none,0,none
AWS-003,Chennai Nungambakkam,2026-08-09 02:00:00,24.11,1005.25,84.9,normal,none,0,none
AWS-003,Chennai Nungambakkam,2026-08-09 02:10:00,23.71,1005.6,85.9,normal,none,0,none
AWS-003,Chennai Nungambakkam,2026-08-09 02:20:00,24.35,1005.54,86.7,normal,none,0,none
AWS-003,Chennai Nungambakkam,2026-08-09 02:30:00,23.72,1005.69,87.7,normal,none,0,none
AWS-003,Chennai Nungambakkam,2026-08-09 02:40:00,23.63,1005.78,86.5,normal,none,0,none
AWS-003,Chennai Nungambakkam,2026-08-09 02:50:00,23.72,1005.76,86.7,normal,none,0,none
AWS-003,Chennai Nungambakkam,2026-08-09 03:00:00,23.45,1005.99,85.6,normal,none,0,none
AWS-003,Chennai Nungambakkam,2026-08-09 03:10:00,23.69,1006.13,86.1,normal,none,0,none
AWS-003,Chennai Nungambakkam,2026-08-09 03:20:00,24.13,1005.71,86.4,normal,none,0,none
AWS-003,Chennai Nungambakkam,2026-08-09 03:30:00,24.09,1006.3,88.3,normal,none,0,none
AWS-003,Chennai Nungambakkam,2026-08-09 03:40:00,24.04,1006.08,88.3,normal,none,0,none
AWS-003,Chennai Nungambakkam,2026-08-09 03:50:00,24.23,1005.93,89.2,normal,none,0,none
AWS-003,Chennai Nungambakkam,2026-08-09 04:00:00,24.44,1006.57,84.9,normal,none,0,none
AWS-003,Chennai Nungambakkam,2026-08-09 04:10:00,23.72,1006.68,86.3,normal,none,0,none
AWS-003,Chennai Nungambakkam,2026-08-09 04:20:00,24.61,1006.4,86.9,normal,none,0,none
AWS-003,Chennai Nungambakkam,2026-08-09 04:30:00,23.78,1006.76,87.0,normal,none,0,none
AWS-003,Chennai Nungambakkam,2026-08-09 04:40:00,24.39,1006.53,86.4,normal,none,0,none
AWS-003,Chennai Nungambakkam,2026-08-09 04:50:00,24.57,1006.29,86.5,normal,none,0,none
AWS-003,Chennai Nungambakkam,2026-08-09 05:00:00,24.65,1006.84,84.5,normal,none,0,none
AWS-003,Chennai Nungambakkam,2026-08-09 05:10:00,24.24,1006.4,87.7,normal,none,0,none
AWS-003,Chennai Nungambakkam,2026-08-09 05:20:00,24.85,1006.02,85.3,normal,none,0,none
AWS-003,Chennai Nungambakkam,2026-08-09 05:30:00,25.32,1007.14,84.1,normal,none,0,none
AWS-003,Chennai Nungambakkam,2026-08-09 05:40:00,25.02,1006.7,82.4,normal,none,0,none
AWS-003,Chennai Nungambakkam,2026-08-09 05:50:00,25.29,1006.77,85.0,normal,none,0,none
AWS-003,Chennai Nungambakkam,2026-08-09 06:00:00,25.3,1006.56,83.1,normal,none,0,none
AWS-003,Chennai Nungambakkam,2026-08-09 06:10:00,25.46,1007.03,85.9,normal,none,0,none
AWS-003,Chennai Nungambakkam,2026-08-09 06:20:00,25.43,1007.26,83.5,normal,none,0,none
AWS-003,Chennai Nungambakkam,2026-08-09 06:30:00,25.48,1006.93,80.8,normal,none,0,none
AWS-003,Chennai Nungambakkam,2026-08-09 06:40:00,26.46,1006.67,83.6,normal,none,0,none
AWS-003,Chennai Nungambakkam,2026-08-09 06:50:00,25.94,1006.8,84.3,normal,none,0,none
AWS-003,Chennai Nungambakkam,2026-08-09 07:00:00,25.99,1007.05,81.8,normal,none,0,none
AWS-003,Chennai Nungambakkam,2026-08-09 07:10:00,26.16,1006.85,81.7,normal,none,0,none
AWS-003,Chennai Nungambakkam,2026-08-09 07:20:00,26.65,1006.97,80.3,normal,none,0,none
AWS-003,Chennai Nungambakkam,2026-08-09 07:30:00,27.06,1006.92,79.3,normal,none,0,none
AWS-003,Chennai Nungambakkam,2026-08-09 07:40:00,27.02,1007.28,81.0,normal,none,0,none
AWS-003,Chennai Nungambakkam,2026-08-09 07:50:00,28.01,1007.24,79.7,normal,none,0,none
AWS-003,Chennai Nungambakkam,2026-08-09 08:00:00,27.76,1007.28,77.8,normal,none,0,none
AWS-003,Chennai Nungambakkam,2026-08-09 08:10:00,27.58,1006.99,78.0,normal,none,0,none
AWS-003,Chennai Nungambakkam,2026-08-09 08:20:00,28.19,1006.86,79.2,normal,none,0,none
AWS-003,Chennai Nungambakkam,2026-08-09 08:30:00,27.95,1007.1,80.2,normal,none,0,none
AWS-003,Chennai Nungambakkam,2026-08-09 08:40:00,28.66,1006.77,77.1,normal,none,0,none
AWS-003,Chennai Nungambakkam,2026-08-09 08:50:00,29.02,1007.16,79.3,normal,none,0,none
AWS-003,Chennai Nungambakkam,2026-08-09 09:00:00,28.5,1007.09,74.3,normal,none,0,none
AWS-003,Chennai Nungambakkam,2026-08-09 09:10:00,28.85,1007.25,75.7,normal,none,0,none
AWS-003,Chennai Nungambakkam,2026-08-09 09:20:00,29.18,1006.86,76.6,normal,none,0,none
AWS-003,Chennai Nungambakkam,2026-08-09 09:30:00,29.8,1007.44,75.6,normal,none,0,none
AWS-003,Chennai Nungambakkam,2026-08-09 09:40:00,29.59,1006.92,75.8,normal,none,0,none
AWS-003,Chennai Nungambakkam,2026-08-09 09:50:00,30.19,1007.36,73.7,normal,none,0,none
AWS-003,Chennai Nungambakkam,2026-08-09 10:00:00,30.19,1007.17,76.8,normal,none,0,none
AWS-003,Chennai Nungambakkam,2026-08-09 10:10:00,29.92,1006.65,75.7,normal,none,0,none
AWS-003,Chennai Nungambakkam,2026-08-09 10:20:00,30.34,1006.85,74.4,normal,none,0,none
AWS-003,Chennai Nungambakkam,2026-08-09 10:30:00,30.5,1006.4,74.8,normal,none,0,none
AWS-003,Chennai Nungambakkam,2026-08-09 10:40:00,31.27,1007.21,74.4,normal,none,0,none
AWS-003,Chennai Nungambakkam,2026-08-09 10:50:00,30.85,1006.83,73.6,normal,none,0,none
AWS-003,Chennai Nungambakkam,2026-08-09 11:00:00,30.65,1006.43,74.1,normal,none,0,none
AWS-003,Chennai Nungambakkam,2026-08-09 11:10:00,31.39,1006.08,74.0,normal,none,0,none
AWS-003,Chennai Nungambakkam,2026-08-09 11:20:00,31.37,1007.11,73.9,normal,none,0,none
AWS-003,Chennai Nungambakkam,2026-08-09 11:30:00,32.23,1006.27,70.8,normal,none,0,none
AWS-003,Chennai Nungambakkam,2026-08-09 11:40:00,31.7,1006.55,74.1,normal,none,0,none
AWS-003,Chennai Nungambakkam,2026-08-09 11:50:00,32.49,1006.19,70.5,normal,none,0,none
AWS-003,Chennai Nungambakkam,2026-08-09 12:00:00,31.9,1006.14,71.0,normal,none,0,none
AWS-003,Chennai Nungambakkam,2026-08-09 12:10:00,32.64,1006.42,70.4,normal,none,0,none
AWS-003,Chennai Nungambakkam,2026-08-09 12:20:00,32.58,1005.9,69.5,normal,none,0,none
AWS-003,Chennai Nungambakkam,2026-08-09 12:30:00,32.32,1006.31,70.7,normal,none,0,none
AWS-003,Chennai Nungambakkam,2026-08-09 12:40:00,32.11,1005.64,71.8,normal,none,0,none
AWS-003,Chennai Nungambakkam,2026-08-09 12:50:00,32.57,1006.32,72.5,normal,none,0,none
AWS-003,Chennai Nungambakkam,2026-08-09 13:00:00,33.31,1005.5,71.1,normal,none,0,none
AWS-003,Chennai Nungambakkam,2026-08-09 13:10:00,32.88,1006.2,71.9,normal,none,0,none
AWS-003,Chennai Nungambakkam,2026-08-09 13:20:00,32.97,1005.59,68.9,normal,none,0,none
AWS-003,Chennai Nungambakkam,2026-08-09 13:30:00,32.92,1005.29,71.1,normal,none,0,none
AWS-003,Chennai Nungambakkam,2026-08-09 13:40:00,32.41,1005.16,68.5,normal,none,0,none
AWS-003,Chennai Nungambakkam,2026-08-09 13:50:00,33.08,1005.09,70.4,normal,none,0,none
AWS-003,Chennai Nungambakkam,2026-08-09 14:00:00,32.26,1005.68,69.5,normal,none,0,none
AWS-003,Chennai Nungambakkam,2026-08-09 14:10:00,33.42,1005.46,69.3,normal,none,0,none
AWS-003,Chennai Nungambakkam,2026-08-09 14:20:00,32.97,1005.23,70.8,normal,none,0,none
AWS-003,Chennai Nungambakkam,2026-08-09 14:30:00,33.1,1004.88,68.3,normal,none,0,none
AWS-003,Chennai Nungambakkam,2026-08-09 14:40:00,33.15,1004.6,68.4,normal,none,0,none
AWS-003,Chennai Nungambakkam,2026-08-09 14:50:00,33.23,1004.45,69.1,normal,none,0,none
AWS-003,Chennai Nungambakkam,2026-08-09 15:00:00,33.46,1005.0,68.7,normal,none,0,none
AWS-003,Chennai Nungambakkam,2026-08-09 15:10:00,32.49,1004.56,69.0,normal,none,0,none
AWS-003,Chennai Nungambakkam,2026-08-09 15:20:00,33.15,1004.76,73.3,normal,none,0,none
AWS-003,Chennai Nungambakkam,2026-08-09 15:30:00,32.99,1004.73,70.2,normal,none,0,none
AWS-003,Chennai Nungambakkam,2026-08-09 15:40:00,32.69,1004.46,73.7,normal,none,0,none
AWS-003,Chennai Nungambakkam,2026-08-09 15:50:00,32.91,1004.86,71.8,normal,none,0,none
AWS-003,Chennai Nungambakkam,2026-08-09 16:00:00,33.42,1004.2,71.6,normal,none,0,none
AWS-003,Chennai Nungambakkam,2026-08-09 16:10:00,32.93,1004.02,71.8,normal,none,0,none
AWS-003,Chennai Nungambakkam,2026-08-09 16:20:00,32.46,1004.29,72.1,normal,none,0,none
AWS-003,Chennai Nungambakkam,2026-08-09 16:30:00,31.69,1003.75,68.7,normal,none,0,none
AWS-003,Chennai Nungambakkam,2026-08-09 16:40:00,32.08,1004.28,70.6,normal,none,0,none
AWS-003,Chennai Nungambakkam,2026-08-09 16:50:00,32.08,1003.63,73.1,normal,none,0,none
AWS-003,Chennai Nungambakkam,2026-08-09 17:00:00,31.81,1003.74,68.6,normal,none,0,none
AWS-003,Chennai Nungambakkam,2026-08-09 17:10:00,32.17,1003.92,71.9,normal,none,0,none
AWS-003,Chennai Nungambakkam,2026-08-09 17:20:00,32.26,1003.8,72.9,normal,none,0,none
AWS-003,Chennai Nungambakkam,2026-08-09 17:30:00,31.66,1003.86,74.1,normal,none,0,none
AWS-003,Chennai Nungambakkam,2026-08-09 17:40:00,31.34,1003.99,75.6,normal,none,0,none
AWS-003,Chennai Nungambakkam,2026-08-09 17:50:00,31.36,1003.79,72.0,normal,none,0,none
AWS-003,Chennai Nungambakkam,2026-08-09 18:00:00,31.13,1003.68,74.0,normal,none,0,none
AWS-003,Chennai Nungambakkam,2026-08-09 18:10:00,30.61,1003.33,75.3,normal,none,0,none
AWS-003,Chennai Nungambakkam,2026-08-09 18:20:00,30.03,1003.41,74.1,normal,none,0,none
AWS-003,Chennai Nungambakkam,2026-08-09 18:30:00,30.73,1003.21,76.3,normal,none,0,none
AWS-003,Chennai Nungambakkam,2026-08-09 18:40:00,30.42,1003.12,74.4,normal,none,0,none
AWS-003,Chennai Nungambakkam,2026-08-09 18:50:00,30.43,1003.13,76.4,normal,none,0,none
AWS-003,Chennai Nungambakkam,2026-08-09 19:00:00,29.65,1002.68,76.2,normal,none,0,none
AWS-003,Chennai Nungambakkam,2026-08-09 19:10:00,29.57,1002.98,75.4,normal,none,0,none
AWS-003,Chennai Nungambakkam,2026-08-09 19:20:00,29.24,1002.7,74.6,normal,none,0,none
AWS-003,Chennai Nungambakkam,2026-08-09 19:30:00,29.07,1002.78,76.4,normal,none,0,none
AWS-003,Chennai Nungambakkam,2026-08-09 19:40:00,28.57,1002.27,77.8,normal,none,0,none
AWS-003,Chennai Nungambakkam,2026-08-09 19:50:00,28.45,1003.28,77.3,normal,none,0,none
AWS-003,Chennai Nungambakkam,2026-08-09 20:00:00,28.62,1002.07,77.9,normal,none,0,none
AWS-003,Chennai Nungambakkam,2026-08-09 20:10:00,28.42,1003.01,77.9,normal,none,0,none
AWS-003,Chennai Nungambakkam,2026-08-09 20:20:00,28.64,1002.4,77.4,normal,none,0,none
AWS-003,Chennai Nungambakkam,2026-08-09 20:30:00,28.02,1002.92,77.1,normal,none,0,none
AWS-003,Chennai Nungambakkam,2026-08-09 20:40:00,27.88,1003.27,78.1,normal,none,0,none
AWS-003,Chennai Nungambakkam,2026-08-09 20:50:00,27.46,1002.9,81.1,normal,none,0,none
AWS-003,Chennai Nungambakkam,2026-08-09 21:00:00,27.23,1002.36,80.0,normal,none,0,none
AWS-003,Chennai Nungambakkam,2026-08-09 21:10:00,27.34,1002.72,79.7,normal,none,0,none
AWS-003,Chennai Nungambakkam,2026-08-09 21:20:00,26.74,1002.49,78.5,normal,none,0,none
AWS-003,Chennai Nungambakkam,2026-08-09 21:30:00,26.56,1002.8,80.5,normal,none,0,none
AWS-003,Chennai Nungambakkam,2026-08-09 21:40:00,26.89,1002.3,83.2,normal,none,0,none
AWS-003,Chennai Nungambakkam,2026-08-09 21:50:00,26.17,1002.59,81.7,normal,none,0,none
AWS-003,Chennai Nungambakkam,2026-08-09 22:00:00,26.11,1002.54,83.0,normal,none,0,none
AWS-003,Chennai Nungambakkam,2026-08-09 22:10:00,25.89,1002.93,83.7,normal,none,0,none
AWS-003,Chennai Nungambakkam,2026-08-09 22:20:00,26.01,1002.56,84.0,normal,none,0,none
AWS-003,Chennai Nungambakkam,2026-08-09 22:30:00,26.08,1002.87,83.3,normal,none,0,none
AWS-003,Chennai Nungambakkam,2026-08-09 22:40:00,24.86,1002.51,83.5,normal,none,0,none
AWS-003,Chennai Nungambakkam,2026-08-09 22:50:00,25.48,1002.65,86.5,normal,none,0,none
AWS-003,Chennai Nungambakkam,2026-08-09 23:00:00,24.68,1003.29,84.1,normal,none,0,none
AWS-003,Chennai Nungambakkam,2026-08-09 23:10:00,24.92,1002.75,85.2,normal,none,0,none
AWS-003,Chennai Nungambakkam,2026-08-09 23:20:00,24.53,1002.62,82.9,normal,none,0,none
AWS-003,Chennai Nungambakkam,2026-08-09 23:30:00,24.97,1003.12,85.6,normal,none,0,none
AWS-003,Chennai Nungambakkam,2026-08-09 23:40:00,24.73,1003.32,86.5,normal,none,0,none
AWS-003,Chennai Nungambakkam,2026-08-09 23:50:00,24.32,1003.58,85.7,normal,none,0,none
AWS-003,Chennai Nungambakkam,2026-08-10 00:00:00,24.4,1002.99,84.4,normal,none,0,none
AWS-003,Chennai Nungambakkam,2026-08-10 00:10:00,24.57,1003.06,84.1,normal,none,0,none
AWS-003,Chennai Nungambakkam,2026-08-10 00:20:00,24.35,1003.82,88.2,normal,none,0,none
AWS-003,Chennai Nungambakkam,2026-08-10 00:30:00,23.36,1003.46,84.4,normal,none,0,none
AWS-003,Chennai Nungambakkam,2026-08-10 00:40:00,23.21,1003.21,87.4,normal,none,0,none
AWS-003,Chennai Nungambakkam,2026-08-10 00:50:00,23.81,1003.58,85.9,normal,none,0,none
AWS-003,Chennai Nungambakkam,2026-08-10 01:00:00,23.58,1003.45,87.2,normal,none,0,none
AWS-003,Chennai Nungambakkam,2026-08-10 01:10:00,23.6,1004.08,88.9,normal,none,0,none
AWS-003,Chennai Nungambakkam,2026-08-10 01:20:00,23.58,1003.8,85.4,normal,none,0,none
AWS-003,Chennai Nungambakkam,2026-08-10 01:30:00,23.19,1003.85,88.6,normal,none,0,none
AWS-003,Chennai Nungambakkam,2026-08-10 01:40:00,23.49,1003.68,87.3,normal,none,0,none
AWS-003,Chennai Nungambakkam,2026-08-10 01:50:00,23.15,1004.47,88.0,normal,none,0,none
AWS-003,Chennai Nungambakkam,2026-08-10 02:00:00,23.12,1003.81,86.4,normal,none,0,none
AWS-003,Chennai Nungambakkam,2026-08-10 02:10:00,22.92,1004.19,88.6,normal,none,0,none
AWS-003,Chennai Nungambakkam,2026-08-10 02:20:00,23.17,1004.57,85.4,normal,none,0,none
AWS-003,Chennai Nungambakkam,2026-08-10 02:30:00,23.47,1004.22,88.0,normal,none,0,none
AWS-003,Chennai Nungambakkam,2026-08-10 02:40:00,23.11,1004.63,87.9,normal,none,0,none
AWS-003,Chennai Nungambakkam,2026-08-10 02:50:00,23.02,1004.91,88.6,normal,none,0,none
AWS-003,Chennai Nungambakkam,2026-08-10 03:00:00,23.68,1004.76,87.4,normal,none,0,none
AWS-003,Chennai Nungambakkam,2026-08-10 03:10:00,23.39,1004.44,87.8,normal,none,0,none
AWS-003,Chennai Nungambakkam,2026-08-10 03:20:00,23.66,1004.51,85.8,normal,none,0,none
AWS-003,Chennai Nungambakkam,2026-08-10 03:30:00,23.19,1004.85,88.2,normal,none,0,none
AWS-003,Chennai Nungambakkam,2026-08-10 03:40:00,23.75,1004.74,88.7,normal,none,0,none
AWS-003,Chennai Nungambakkam,2026-08-10 03:50:00,23.95,1005.27,86.6,normal,none,0,none
AWS-003,Chennai Nungambakkam,2026-08-10 04:00:00,23.36,1004.96,88.7,normal,none,0,none
AWS-003,Chennai Nungambakkam,2026-08-10 04:10:00,23.37,1005.33,85.6,normal,none,0,none
AWS-003,Chennai Nungambakkam,2026-08-10 04:20:00,23.79,1005.1,86.6,normal,none,0,none
AWS-003,Chennai Nungambakkam,2026-08-10 04:30:00,24.43,1005.15,88.1,normal,none,0,none
AWS-003,Chennai Nungambakkam,2026-08-10 04:40:00,24.0,1005.08,85.4,normal,none,0,none
AWS-003,Chennai Nungambakkam,2026-08-10 04:50:00,24.33,1004.98,85.4,normal,none,0,none
AWS-003,Chennai Nungambakkam,2026-08-10 05:00:00,24.46,1005.03,85.5,normal,none,0,none
AWS-003,Chennai Nungambakkam,2026-08-10 05:10:00,24.39,1005.82,85.8,normal,none,0,none
AWS-003,Chennai Nungambakkam,2026-08-10 05:20:00,24.7,1005.87,82.4,normal,none,0,none
AWS-003,Chennai Nungambakkam,2026-08-10 05:30:00,24.19,1005.78,84.4,normal,none,0,none
AWS-003,Chennai Nungambakkam,2026-08-10 05:40:00,25.09,1005.74,85.4,normal,none,0,none
AWS-003,Chennai Nungambakkam,2026-08-10 05:50:00,25.65,1005.65,82.7,normal,none,0,none
AWS-003,Chennai Nungambakkam,2026-08-10 06:00:00,25.73,1006.23,81.8,normal,none,0,none
AWS-003,Chennai Nungambakkam,2026-08-10 06:10:00,25.41,1006.22,83.6,normal,none,0,none
AWS-003,Chennai Nungambakkam,2026-08-10 06:20:00,25.19,1005.85,83.0,normal,none,0,none
AWS-003,Chennai Nungambakkam,2026-08-10 06:30:00,26.1,1005.83,82.2,normal,none,0,none
AWS-003,Chennai Nungambakkam,2026-08-10 06:40:00,25.56,1005.94,84.1,normal,none,0,none
AWS-003,Chennai Nungambakkam,2026-08-10 06:50:00,26.68,1005.7,83.4,normal,none,0,none
AWS-003,Chennai Nungambakkam,2026-08-10 07:00:00,27.08,1006.69,79.8,normal,none,0,none
AWS-003,Chennai Nungambakkam,2026-08-10 07:10:00,27.12,1006.33,81.2,normal,none,0,none
AWS-003,Chennai Nungambakkam,2026-08-10 07:20:00,26.68,1005.93,79.9,normal,none,0,none
AWS-003,Chennai Nungambakkam,2026-08-10 07:30:00,27.17,1006.73,80.9,normal,none,0,none
AWS-003,Chennai Nungambakkam,2026-08-10 07:40:00,27.1,1006.79,77.7,normal,none,0,none
AWS-003,Chennai Nungambakkam,2026-08-10 07:50:00,28.0,1006.26,79.5,normal,none,0,none
AWS-003,Chennai Nungambakkam,2026-08-10 08:00:00,28.06,1006.39,79.0,normal,none,0,none
AWS-003,Chennai Nungambakkam,2026-08-10 08:10:00,28.22,1006.3,79.3,normal,none,0,none
AWS-003,Chennai Nungambakkam,2026-08-10 08:20:00,27.98,1006.38,79.4,normal,none,0,none
AWS-003,Chennai Nungambakkam,2026-08-10 08:30:00,28.36,1006.61,79.8,normal,none,0,none
AWS-003,Chennai Nungambakkam,2026-08-10 08:40:00,28.96,1006.3,77.9,normal,none,0,none
AWS-003,Chennai Nungambakkam,2026-08-10 08:50:00,29.24,1006.51,78.5,normal,none,0,none
AWS-003,Chennai Nungambakkam,2026-08-10 09:00:00,29.27,1006.68,78.7,normal,none,0,none
AWS-003,Chennai Nungambakkam,2026-08-10 09:10:00,29.21,1006.78,75.8,normal,none,0,none
AWS-003,Chennai Nungambakkam,2026-08-10 09:20:00,29.72,1006.58,75.2,normal,none,0,none
AWS-003,Chennai Nungambakkam,2026-08-10 09:30:00,30.08,1006.86,73.5,normal,none,0,none
AWS-003,Chennai Nungambakkam,2026-08-10 09:40:00,29.99,1007.21,76.2,normal,none,0,none
AWS-003,Chennai Nungambakkam,2026-08-10 09:50:00,30.52,1006.91,75.1,normal,none,0,none
AWS-003,Chennai Nungambakkam,2026-08-10 10:00:00,30.05,1006.53,74.0,normal,none,0,none
AWS-003,Chennai Nungambakkam,2026-08-10 10:10:00,31.45,1006.79,74.5,normal,none,0,none
AWS-003,Chennai Nungambakkam,2026-08-10 10:20:00,31.07,1006.35,75.0,normal,none,0,none
AWS-003,Chennai Nungambakkam,2026-08-10 10:30:00,31.23,1006.46,73.5,normal,none,0,none
AWS-003,Chennai Nungambakkam,2026-08-10 10:40:00,31.47,1006.93,71.9,normal,none,0,none
AWS-003,Chennai Nungambakkam,2026-08-10 10:50:00,31.36,1006.39,70.3,normal,none,0,none
AWS-003,Chennai Nungambakkam,2026-08-10 11:00:00,31.65,1006.35,72.6,normal,none,0,none
AWS-003,Chennai Nungambakkam,2026-08-10 11:10:00,31.71,1006.15,70.0,normal,none,0,none
AWS-003,Chennai Nungambakkam,2026-08-10 11:20:00,31.84,1006.39,72.3,normal,none,0,none
AWS-003,Chennai Nungambakkam,2026-08-10 11:30:00,32.42,1006.55,70.7,normal,none,0,none
AWS-003,Chennai Nungambakkam,2026-08-10 11:40:00,33.12,1006.39,70.4,normal,none,0,none
AWS-003,Chennai Nungambakkam,2026-08-10 11:50:00,32.52,1005.98,70.1,normal,none,0,none
AWS-003,Chennai Nungambakkam,2026-08-10 12:00:00,32.72,1006.11,70.8,normal,none,0,none
AWS-003,Chennai Nungambakkam,2026-08-10 12:10:00,33.2,1006.03,70.9,normal,none,0,none
AWS-003,Chennai Nungambakkam,2026-08-10 12:20:00,32.9,1006.02,69.1,normal,none,0,none
AWS-003,Chennai Nungambakkam,2026-08-10 12:30:00,33.13,1006.1,70.0,normal,none,0,none
AWS-003,Chennai Nungambakkam,2026-08-10 12:40:00,33.44,1005.91,67.1,normal,none,0,none
AWS-003,Chennai Nungambakkam,2026-08-10 12:50:00,33.52,1006.06,69.7,normal,none,0,none
AWS-003,Chennai Nungambakkam,2026-08-10 13:00:00,33.74,1006.13,70.1,normal,none,0,none
AWS-003,Chennai Nungambakkam,2026-08-10 13:10:00,33.9,1006.01,69.3,normal,none,0,none
AWS-003,Chennai Nungambakkam,2026-08-10 13:20:00,33.89,1005.89,70.0,normal,none,0,none
AWS-003,Chennai Nungambakkam,2026-08-10 13:30:00,34.1,1005.8,67.7,normal,none,0,none
AWS-003,Chennai Nungambakkam,2026-08-10 13:40:00,33.45,1005.65,68.5,normal,none,0,none
AWS-003,Chennai Nungambakkam,2026-08-10 13:50:00,33.91,1005.59,66.6,normal,none,0,none
AWS-003,Chennai Nungambakkam,2026-08-10 14:00:00,34.43,1005.51,69.3,normal,none,0,none
AWS-003,Chennai Nungambakkam,2026-08-10 14:10:00,34.05,1005.08,69.6,normal,none,0,none
AWS-003,Chennai Nungambakkam,2026-08-10 14:20:00,34.56,1005.26,68.8,normal,none,0,none
AWS-003,Chennai Nungambakkam,2026-08-10 14:30:00,34.06,1005.04,68.6,normal,none,0,none
AWS-003,Chennai Nungambakkam,2026-08-10 14:40:00,34.0,1005.64,70.0,normal,none,0,none
AWS-003,Chennai Nungambakkam,2026-08-10 14:50:00,34.25,1005.57,66.8,normal,none,0,none
AWS-003,Chennai Nungambakkam,2026-08-10 15:00:00,34.02,1005.08,69.0,normal,none,0,none
AWS-003,Chennai Nungambakkam,2026-08-10 15:10:00,34.26,1005.36,67.9,normal,none,0,none
AWS-003,Chennai Nungambakkam,2026-08-10 15:20:00,33.88,1004.67,68.4,normal,none,0,none
AWS-003,Chennai Nungambakkam,2026-08-10 15:30:00,33.82,1005.1,68.7,normal,none,0,none
AWS-003,Chennai Nungambakkam,2026-08-10 15:40:00,34.1,1004.99,66.9,normal,none,0,none
AWS-003,Chennai Nungambakkam,2026-08-10 15:50:00,33.79,1004.65,70.3,normal,none,0,none
AWS-003,Chennai Nungambakkam,2026-08-10 16:00:00,34.31,1004.83,69.3,normal,none,0,none
AWS-003,Chennai Nungambakkam,2026-08-10 16:10:00,33.4,1004.49,69.0,normal,none,0,none
AWS-003,Chennai Nungambakkam,2026-08-10 16:20:00,33.79,1004.57,68.9,normal,none,0,none
AWS-003,Chennai Nungambakkam,2026-08-10 16:30:00,33.48,1004.66,72.6,normal,none,0,none
AWS-003,Chennai Nungambakkam,2026-08-10 16:40:00,33.82,1003.87,69.9,normal,none,0,none
AWS-003,Chennai Nungambakkam,2026-08-10 16:50:00,32.83,1004.32,70.0,normal,none,0,none
AWS-003,Chennai Nungambakkam,2026-08-10 17:00:00,33.02,1004.74,68.4,normal,none,0,none
AWS-003,Chennai Nungambakkam,2026-08-10 17:10:00,32.66,1004.55,69.1,normal,none,0,none
AWS-003,Chennai Nungambakkam,2026-08-10 17:20:00,33.29,1004.07,71.6,normal,none,0,none
AWS-003,Chennai Nungambakkam,2026-08-10 17:30:00,32.68,1004.49,71.6,normal,none,0,none
AWS-003,Chennai Nungambakkam,2026-08-10 17:40:00,33.27,1004.68,70.9,normal,none,0,none
AWS-003,Chennai Nungambakkam,2026-08-10 17:50:00,33.05,1003.94,69.4,normal,none,0,none
AWS-003,Chennai Nungambakkam,2026-08-10 18:00:00,33.43,1032.5503728088486,73.1,spike,pressure_spike,1,pressure
AWS-003,Chennai Nungambakkam,2026-08-10 18:10:00,32.17,1004.27,70.8,normal,none,0,none
AWS-003,Chennai Nungambakkam,2026-08-10 18:20:00,32.47,1004.26,71.3,normal,none,0,none
AWS-003,Chennai Nungambakkam,2026-08-10 18:30:00,32.15,1004.19,72.1,normal,none,0,none
AWS-003,Chennai Nungambakkam,2026-08-10 18:40:00,31.81,1003.99,72.9,normal,none,0,none
AWS-003,Chennai Nungambakkam,2026-08-10 18:50:00,31.44,1004.04,75.2,normal,none,0,none
AWS-003,Chennai Nungambakkam,2026-08-10 19:00:00,30.89,1003.93,72.7,normal,none,0,none
AWS-003,Chennai Nungambakkam,2026-08-10 19:10:00,31.45,1003.96,73.3,normal,none,0,none
AWS-003,Chennai Nungambakkam,2026-08-10 19:20:00,30.99,1003.84,74.4,normal,none,0,none
AWS-003,Chennai Nungambakkam,2026-08-10 19:30:00,30.74,1003.99,76.1,normal,none,0,none
AWS-003,Chennai Nungambakkam,2026-08-10 19:40:00,30.66,1004.09,75.2,normal,none,0,none
AWS-003,Chennai Nungambakkam,2026-08-10 19:50:00,30.39,1004.19,75.2,normal,none,0,none
AWS-003,Chennai Nungambakkam,2026-08-10 20:00:00,30.09,1003.52,74.1,normal,none,0,none
AWS-003,Chennai Nungambakkam,2026-08-10 20:10:00,29.86,1004.17,76.5,normal,none,0,none
AWS-003,Chennai Nungambakkam,2026-08-10 20:20:00,30.33,1003.64,78.1,normal,none,0,none
AWS-003,Chennai Nungambakkam,2026-08-10 20:30:00,29.38,1004.01,78.2,normal,none,0,none
AWS-003,Chennai Nungambakkam,2026-08-10 20:40:00,29.25,1004.4,76.4,normal,none,0,none
AWS-003,Chennai Nungambakkam,2026-08-10 20:50:00,29.15,1004.07,75.6,normal,none,0,none
AWS-003,Chennai Nungambakkam,2026-08-10 21:00:00,28.64,1004.16,77.9,normal,none,0,none
AWS-003,Chennai Nungambakkam,2026-08-10 21:10:00,28.59,1003.89,78.7,normal,none,0,none
AWS-003,Chennai Nungambakkam,2026-08-10 21:20:00,28.64,1004.39,79.0,normal,none,0,none
AWS-003,Chennai Nungambakkam,2026-08-10 21:30:00,27.93,1003.92,80.5,normal,none,0,none
AWS-003,Chennai Nungambakkam,2026-08-10 21:40:00,27.99,1004.24,78.1,normal,none,0,none
AWS-003,Chennai Nungambakkam,2026-08-10 21:50:00,27.64,1004.29,80.0,normal,none,0,none
AWS-003,Chennai Nungambakkam,2026-08-10 22:00:00,28.07,1004.39,78.2,normal,none,0,none
AWS-003,Chennai Nungambakkam,2026-08-10 22:10:00,28.01,1004.22,80.5,normal,none,0,none
AWS-003,Chennai Nungambakkam,2026-08-10 22:20:00,27.58,1004.59,79.9,normal,none,0,none
AWS-003,Chennai Nungambakkam,2026-08-10 22:30:00,26.81,1004.15,79.5,normal,none,0,none
AWS-003,Chennai Nungambakkam,2026-08-10 22:40:00,27.22,1004.44,79.9,normal,none,0,none
AWS-003,Chennai Nungambakkam,2026-08-10 22:50:00,27.41,1004.52,81.6,normal,none,0,none
AWS-003,Chennai Nungambakkam,2026-08-10 23:00:00,27.01,1004.51,81.2,normal,none,0,none
AWS-003,Chennai Nungambakkam,2026-08-10 23:10:00,26.9,1004.5,81.0,normal,none,0,none
AWS-003,Chennai Nungambakkam,2026-08-10 23:20:00,26.03,1004.37,80.3,normal,none,0,none
AWS-003,Chennai Nungambakkam,2026-08-10 23:30:00,26.4,1004.55,83.3,normal,none,0,none
AWS-003,Chennai Nungambakkam,2026-08-10 23:40:00,26.1,1004.75,82.9,normal,none,0,none
AWS-003,Chennai Nungambakkam,2026-08-10 23:50:00,26.18,1004.67,82.5,normal,none,0,none
AWS-003,Chennai Nungambakkam,2026-08-11 00:00:00,25.82,1004.82,82.1,normal,none,0,none
AWS-003,Chennai Nungambakkam,2026-08-11 00:10:00,26.42,1005.18,83.6,normal,none,0,none
AWS-003,Chennai Nungambakkam,2026-08-11 00:20:00,25.54,1004.65,84.8,normal,none,0,none
AWS-003,Chennai Nungambakkam,2026-08-11 00:30:00,25.13,1004.96,85.9,normal,none,0,none
AWS-003,Chennai Nungambakkam,2026-08-11 00:40:00,25.57,1005.08,85.3,normal,none,0,none
AWS-003,Chennai Nungambakkam,2026-08-11 00:50:00,25.37,1005.55,83.7,normal,none,0,none
AWS-003,Chennai Nungambakkam,2026-08-11 01:00:00,25.34,1005.46,85.6,normal,none,0,none
AWS-003,Chennai Nungambakkam,2026-08-11 01:10:00,25.26,1005.93,83.7,normal,none,0,none
AWS-003,Chennai Nungambakkam,2026-08-11 01:20:00,26.01,1005.56,83.2,normal,none,0,none
AWS-003,Chennai Nungambakkam,2026-08-11 01:30:00,25.22,1005.91,84.4,normal,none,0,none
AWS-003,Chennai Nungambakkam,2026-08-11 01:40:00,25.4,1005.65,84.2,normal,none,0,none
AWS-003,Chennai Nungambakkam,2026-08-11 01:50:00,24.94,1006.27,83.2,normal,none,0,none
AWS-003,Chennai Nungambakkam,2026-08-11 02:00:00,25.17,1006.03,86.8,normal,none,0,none
AWS-003,Chennai Nungambakkam,2026-08-11 02:10:00,24.68,1006.4,84.3,normal,none,0,none
AWS-003,Chennai Nungambakkam,2026-08-11 02:20:00,25.3,1006.19,83.9,normal,none,0,none
AWS-003,Chennai Nungambakkam,2026-08-11 02:30:00,24.8,1006.49,83.3,normal,none,0,none
AWS-003,Chennai Nungambakkam,2026-08-11 02:40:00,25.79,1006.62,84.5,normal,none,0,none
AWS-003,Chennai Nungambakkam,2026-08-11 02:50:00,25.35,1006.27,84.0,normal,none,0,none
AWS-003,Chennai Nungambakkam,2026-08-11 03:00:00,25.02,1006.48,83.1,normal,none,0,none
AWS-003,Chennai Nungambakkam,2026-08-11 03:10:00,25.47,1006.27,82.3,normal,none,0,none
AWS-003,Chennai Nungambakkam,2026-08-11 03:20:00,25.59,1006.51,84.4,normal,none,0,none
AWS-003,Chennai Nungambakkam,2026-08-11 03:30:00,25.05,1006.89,82.5,normal,none,0,none
AWS-003,Chennai Nungambakkam,2026-08-11 03:40:00,25.58,1006.94,82.8,normal,none,0,none
AWS-003,Chennai Nungambakkam,2026-08-11 03:50:00,26.2,1007.3,85.5,normal,none,0,none
AWS-003,Chennai Nungambakkam,2026-08-11 04:00:00,26.22,1007.14,85.2,normal,none,0,none
AWS-003,Chennai Nungambakkam,2026-08-11 04:10:00,25.91,1007.03,81.7,normal,none,0,none
AWS-003,Chennai Nungambakkam,2026-08-11 04:20:00,25.73,1007.86,83.4,normal,none,0,none
AWS-003,Chennai Nungambakkam,2026-08-11 04:30:00,26.16,1007.58,82.2,normal,none,0,none
AWS-003,Chennai Nungambakkam,2026-08-11 04:40:00,26.22,1007.47,85.2,normal,none,0,none
AWS-003,Chennai Nungambakkam,2026-08-11 04:50:00,26.89,1008.07,84.3,normal,none,0,none
AWS-003,Chennai Nungambakkam,2026-08-11 05:00:00,26.52,1007.68,82.7,normal,none,0,none
AWS-003,Chennai Nungambakkam,2026-08-11 05:10:00,26.9,1007.69,82.4,normal,none,0,none
AWS-003,Chennai Nungambakkam,2026-08-11 05:20:00,27.21,1008.18,82.0,normal,none,0,none
AWS-003,Chennai Nungambakkam,2026-08-11 05:30:00,27.15,1008.34,82.9,normal,none,0,none
AWS-003,Chennai Nungambakkam,2026-08-11 05:40:00,27.44,1008.1,81.5,normal,none,0,none
AWS-003,Chennai Nungambakkam,2026-08-11 05:50:00,27.19,1008.72,80.5,normal,none,0,none
AWS-003,Chennai Nungambakkam,2026-08-11 06:00:00,27.16,1008.46,79.9,normal,none,0,none
AWS-003,Chennai Nungambakkam,2026-08-11 06:10:00,28.58,1008.36,78.8,normal,none,0,none
AWS-003,Chennai Nungambakkam,2026-08-11 06:20:00,28.45,1008.69,79.9,normal,none,0,none
AWS-003,Chennai Nungambakkam,2026-08-11 06:30:00,28.06,1008.55,78.8,normal,none,0,none
AWS-003,Chennai Nungambakkam,2026-08-11 06:40:00,28.3,1008.29,78.0,normal,none,0,none
AWS-003,Chennai Nungambakkam,2026-08-11 06:50:00,28.27,1008.55,76.6,normal,none,0,none
AWS-003,Chennai Nungambakkam,2026-08-11 07:00:00,28.66,1008.75,78.4,normal,none,0,none
AWS-003,Chennai Nungambakkam,2026-08-11 07:10:00,28.94,1009.05,77.0,normal,none,0,none
AWS-003,Chennai Nungambakkam,2026-08-11 07:20:00,29.96,1008.5,77.5,normal,none,0,none
AWS-003,Chennai Nungambakkam,2026-08-11 07:30:00,29.59,1008.78,76.3,normal,none,0,none
AWS-003,Chennai Nungambakkam,2026-08-11 07:40:00,29.4,1009.28,75.6,normal,none,0,none
AWS-003,Chennai Nungambakkam,2026-08-11 07:50:00,29.23,1009.31,78.5,normal,none,0,none
AWS-003,Chennai Nungambakkam,2026-08-11 08:00:00,30.74,1009.38,76.0,normal,none,0,none
AWS-003,Chennai Nungambakkam,2026-08-11 08:10:00,30.7,1008.54,75.3,normal,none,0,none
AWS-003,Chennai Nungambakkam,2026-08-11 08:20:00,30.58,1009.38,74.8,normal,none,0,none
AWS-003,Chennai Nungambakkam,2026-08-11 08:30:00,30.83,1009.22,74.8,normal,none,0,none
AWS-003,Chennai Nungambakkam,2026-08-11 08:40:00,31.48,1009.24,75.7,normal,none,0,none
AWS-003,Chennai Nungambakkam,2026-08-11 08:50:00,31.55,1009.47,75.6,normal,none,0,none
AWS-003,Chennai Nungambakkam,2026-08-11 09:00:00,31.05,1009.54,71.1,normal,none,0,none
AWS-003,Chennai Nungambakkam,2026-08-11 09:10:00,31.71,1009.18,72.8,normal,none,0,none
AWS-003,Chennai Nungambakkam,2026-08-11 09:20:00,32.24,1009.53,73.1,normal,none,0,none
AWS-003,Chennai Nungambakkam,2026-08-11 09:30:00,32.57,1009.12,70.1,normal,none,0,none
AWS-003,Chennai Nungambakkam,2026-08-11 09:40:00,32.8,1009.63,73.3,normal,none,0,none
AWS-003,Chennai Nungambakkam,2026-08-11 09:50:00,32.64,1009.03,69.9,normal,none,0,none
AWS-003,Chennai Nungambakkam,2026-08-11 10:00:00,33.06,1009.38,70.5,normal,none,0,none
AWS-003,Chennai Nungambakkam,2026-08-11 10:10:00,33.31,1009.19,71.7,normal,none,0,none
AWS-003,Chennai Nungambakkam,2026-08-11 10:20:00,32.83,1009.62,69.4,normal,none,0,none
AWS-003,Chennai Nungambakkam,2026-08-11 10:30:00,33.55,1009.75,69.0,normal,none,0,none
AWS-003,Chennai Nungambakkam,2026-08-11 10:40:00,34.15,1009.14,69.5,normal,none,0,none
AWS-003,Chennai Nungambakkam,2026-08-11 10:50:00,34.61,1009.16,67.1,normal,none,0,none
AWS-003,Chennai Nungambakkam,2026-08-11 11:00:00,34.33,1009.49,69.7,normal,none,0,none
AWS-003,Chennai Nungambakkam,2026-08-11 11:10:00,34.17,1009.54,68.4,normal,none,0,none
AWS-003,Chennai Nungambakkam,2026-08-11 11:20:00,34.24,1008.97,67.2,normal,none,0,none
AWS-003,Chennai Nungambakkam,2026-08-11 11:30:00,34.28,1009.39,65.3,normal,none,0,none
AWS-003,Chennai Nungambakkam,2026-08-11 11:40:00,34.42,1009.58,68.9,normal,none,0,none
AWS-003,Chennai Nungambakkam,2026-08-11 11:50:00,35.42,1009.51,66.0,normal,none,0,none
AWS-003,Chennai Nungambakkam,2026-08-11 12:00:00,,,,communication_failure,communication_failure,1,all
AWS-003,Chennai Nungambakkam,2026-08-11 12:10:00,,,,communication_failure,communication_failure,1,all
AWS-003,Chennai Nungambakkam,2026-08-11 12:20:00,,,,communication_failure,communication_failure,1,all
AWS-003,Chennai Nungambakkam,2026-08-11 12:30:00,,,,communication_failure,communication_failure,1,all
AWS-003,Chennai Nungambakkam,2026-08-11 12:40:00,,,,communication_failure,communication_failure,1,all
AWS-003,Chennai Nungambakkam,2026-08-11 12:50:00,,,,communication_failure,communication_failure,1,all
AWS-003,Chennai Nungambakkam,2026-08-11 13:00:00,35.95,1009.14,64.8,normal,none,0,none
AWS-003,Chennai Nungambakkam,2026-08-11 13:10:00,36.28,1009.06,65.2,normal,none,0,none
AWS-003,Chennai Nungambakkam,2026-08-11 13:20:00,35.58,1008.55,67.0,normal,none,0,none
AWS-003,Chennai Nungambakkam,2026-08-11 13:30:00,36.0,1009.11,65.5,normal,none,0,none
AWS-003,Chennai Nungambakkam,2026-08-11 13:40:00,36.37,1009.0,66.4,normal,none,0,none
AWS-003,Chennai Nungambakkam,2026-08-11 13:50:00,36.14,1008.7,65.1,normal,none,0,none
AWS-003,Chennai Nungambakkam,2026-08-11 14:00:00,36.51,1008.92,63.9,normal,none,0,none
AWS-003,Chennai Nungambakkam,2026-08-11 14:10:00,36.05,1008.94,67.6,normal,none,0,none
AWS-003,Chennai Nungambakkam,2026-08-11 14:20:00,36.44,1008.62,65.7,normal,none,0,none
AWS-003,Chennai Nungambakkam,2026-08-11 14:30:00,36.26,1008.74,64.6,normal,none,0,none
AWS-003,Chennai Nungambakkam,2026-08-11 14:40:00,35.73,1008.43,65.1,normal,none,0,none
AWS-003,Chennai Nungambakkam,2026-08-11 14:50:00,36.75,1008.05,67.7,normal,none,0,none
AWS-003,Chennai Nungambakkam,2026-08-11 15:00:00,36.49,1008.27,64.6,normal,none,0,none
AWS-003,Chennai Nungambakkam,2026-08-11 15:10:00,36.54,1008.54,65.4,normal,none,0,none
AWS-003,Chennai Nungambakkam,2026-08-11 15:20:00,36.28,1007.79,65.6,normal,none,0,none
AWS-003,Chennai Nungambakkam,2026-08-11 15:30:00,36.11,1008.11,65.4,normal,none,0,none
AWS-003,Chennai Nungambakkam,2026-08-11 15:40:00,36.68,1008.13,67.0,normal,none,0,none
AWS-003,Chennai Nungambakkam,2026-08-11 15:50:00,36.29,1008.22,62.7,normal,none,0,none
AWS-003,Chennai Nungambakkam,2026-08-11 16:00:00,36.66,1008.03,68.1,normal,none,0,none
AWS-003,Chennai Nungambakkam,2026-08-11 16:10:00,36.26,1008.3,66.2,normal,none,0,none
AWS-003,Chennai Nungambakkam,2026-08-11 16:20:00,35.89,1008.04,63.8,normal,none,0,none
AWS-003,Chennai Nungambakkam,2026-08-11 16:30:00,35.65,1007.72,65.4,normal,none,0,none
AWS-003,Chennai Nungambakkam,2026-08-11 16:40:00,35.37,1007.94,65.4,normal,none,0,none
AWS-003,Chennai Nungambakkam,2026-08-11 16:50:00,35.84,1007.91,67.3,normal,none,0,none
AWS-003,Chennai Nungambakkam,2026-08-11 17:00:00,35.91,1007.72,68.2,normal,none,0,none
AWS-003,Chennai Nungambakkam,2026-08-11 17:10:00,34.91,1008.03,64.3,normal,none,0,none
AWS-003,Chennai Nungambakkam,2026-08-11 17:20:00,34.68,1007.59,68.7,normal,none,0,none
AWS-003,Chennai Nungambakkam,2026-08-11 17:30:00,34.63,1007.69,67.4,normal,none,0,none
AWS-003,Chennai Nungambakkam,2026-08-11 17:40:00,34.98,1007.27,67.4,normal,none,0,none
AWS-003,Chennai Nungambakkam,2026-08-11 17:50:00,34.9,1007.68,69.4,normal,none,0,none
AWS-003,Chennai Nungambakkam,2026-08-11 18:00:00,34.1,1007.46,68.3,normal,none,0,none
AWS-003,Chennai Nungambakkam,2026-08-11 18:10:00,34.29,1007.22,69.0,normal,none,0,none
AWS-003,Chennai Nungambakkam,2026-08-11 18:20:00,34.4,1007.89,67.7,normal,none,0,none
AWS-003,Chennai Nungambakkam,2026-08-11 18:30:00,34.13,1007.6,68.5,normal,none,0,none
AWS-003,Chennai Nungambakkam,2026-08-11 18:40:00,33.44,1007.39,69.3,normal,none,0,none
AWS-003,Chennai Nungambakkam,2026-08-11 18:50:00,33.56,1007.44,69.4,normal,none,0,none
AWS-003,Chennai Nungambakkam,2026-08-11 19:00:00,33.3,1007.53,70.3,normal,none,0,none
AWS-003,Chennai Nungambakkam,2026-08-11 19:10:00,32.39,1007.37,71.1,normal,none,0,none
AWS-003,Chennai Nungambakkam,2026-08-11 19:20:00,33.31,1007.7,70.0,normal,none,0,none
AWS-003,Chennai Nungambakkam,2026-08-11 19:30:00,32.71,1007.25,70.6,normal,none,0,none
AWS-003,Chennai Nungambakkam,2026-08-11 19:40:00,32.61,1007.59,71.7,normal,none,0,none
AWS-003,Chennai Nungambakkam,2026-08-11 19:50:00,33.17,1007.84,73.1,normal,none,0,none
AWS-003,Chennai Nungambakkam,2026-08-11 20:00:00,32.02,1007.99,71.2,normal,none,0,none
AWS-003,Chennai Nungambakkam,2026-08-11 20:10:00,32.21,1007.4,71.7,normal,none,0,none
AWS-003,Chennai Nungambakkam,2026-08-11 20:20:00,31.88,1007.87,73.3,normal,none,0,none
AWS-003,Chennai Nungambakkam,2026-08-11 20:30:00,32.03,1007.52,73.4,normal,none,0,none
AWS-003,Chennai Nungambakkam,2026-08-11 20:40:00,31.59,1007.68,74.0,normal,none,0,none
AWS-003,Chennai Nungambakkam,2026-08-11 20:50:00,31.63,1007.72,72.5,normal,none,0,none
AWS-003,Chennai Nungambakkam,2026-08-11 21:00:00,30.85,1007.92,73.6,normal,none,0,none
AWS-003,Chennai Nungambakkam,2026-08-11 21:10:00,31.16,1007.33,74.7,normal,none,0,none
AWS-003,Chennai Nungambakkam,2026-08-11 21:20:00,31.06,1007.53,73.4,normal,none,0,none
AWS-003,Chennai Nungambakkam,2026-08-11 21:30:00,31.0,1007.37,76.9,normal,none,0,none
AWS-003,Chennai Nungambakkam,2026-08-11 21:40:00,30.34,1007.76,74.4,normal,none,0,none
AWS-003,Chennai Nungambakkam,2026-08-11 21:50:00,30.3,1007.74,77.5,normal,none,0,none
AWS-003,Chennai Nungambakkam,2026-08-11 22:00:00,30.05,1008.19,77.2,normal,none,0,none
AWS-003,Chennai Nungambakkam,2026-08-11 22:10:00,29.69,1007.93,75.6,normal,none,0,none
AWS-003,Chennai Nungambakkam,2026-08-11 22:20:00,30.59,1008.24,78.4,normal,none,0,none
AWS-003,Chennai Nungambakkam,2026-08-11 22:30:00,29.64,1008.33,78.2,normal,none,0,none
AWS-003,Chennai Nungambakkam,2026-08-11 22:40:00,29.39,1008.17,76.9,normal,none,0,none
AWS-003,Chennai Nungambakkam,2026-08-11 22:50:00,29.1,1008.19,78.0,normal,none,0,none
AWS-003,Chennai Nungambakkam,2026-08-11 23:00:00,29.16,1008.25,80.5,normal,none,0,none
AWS-003,Chennai Nungambakkam,2026-08-11 23:10:00,29.08,1008.52,76.9,normal,none,0,none
AWS-003,Chennai Nungambakkam,2026-08-11 23:20:00,28.31,1008.09,78.4,normal,none,0,none
AWS-003,Chennai Nungambakkam,2026-08-11 23:30:00,28.53,1008.37,79.9,normal,none,0,none
AWS-003,Chennai Nungambakkam,2026-08-11 23:40:00,28.43,1008.5,80.8,normal,none,0,none
AWS-003,Chennai Nungambakkam,2026-08-11 23:50:00,28.12,1008.38,80.5,normal,none,0,none
AWS-003,Chennai Nungambakkam,2026-08-12 00:00:00,28.51,1008.58,81.1,normal,none,0,none
AWS-003,Chennai Nungambakkam,2026-08-12 00:10:00,27.88,1008.61,80.8,normal,none,0,none
AWS-003,Chennai Nungambakkam,2026-08-12 00:20:00,27.74,1008.87,80.8,normal,none,0,none
AWS-003,Chennai Nungambakkam,2026-08-12 00:30:00,27.53,1008.6,82.7,normal,none,0,none
AWS-003,Chennai Nungambakkam,2026-08-12 00:40:00,27.98,1008.8,82.6,normal,none,0,none
AWS-003,Chennai Nungambakkam,2026-08-12 00:50:00,27.71,1008.82,80.0,normal,none,0,none
AWS-003,Chennai Nungambakkam,2026-08-12 01:00:00,27.47,1008.71,83.1,normal,none,0,none
AWS-003,Chennai Nungambakkam,2026-08-12 01:10:00,26.69,1009.1,80.8,normal,none,0,none
AWS-003,Chennai Nungambakkam,2026-08-12 01:20:00,27.05,1008.61,80.9,normal,none,0,none
AWS-003,Chennai Nungambakkam,2026-08-12 01:30:00,27.47,1008.89,80.2,normal,none,0,none
AWS-003,Chennai Nungambakkam,2026-08-12 01:40:00,27.25,1009.63,82.7,normal,none,0,none
AWS-003,Chennai Nungambakkam,2026-08-12 01:50:00,26.31,1009.33,80.2,normal,none,0,none
AWS-003,Chennai Nungambakkam,2026-08-12 02:00:00,26.81,1010.3,81.0,normal,none,0,none
AWS-003,Chennai Nungambakkam,2026-08-12 02:10:00,27.61,1010.12,82.9,normal,none,0,none
AWS-003,Chennai Nungambakkam,2026-08-12 02:20:00,27.33,1009.43,81.5,normal,none,0,none
AWS-003,Chennai Nungambakkam,2026-08-12 02:30:00,26.92,1010.15,80.3,normal,none,0,none
AWS-003,Chennai Nungambakkam,2026-08-12 02:40:00,27.21,1010.08,80.6,normal,none,0,none
AWS-003,Chennai Nungambakkam,2026-08-12 02:50:00,26.62,1010.2,82.5,normal,none,0,none
AWS-003,Chennai Nungambakkam,2026-08-12 03:00:00,26.82,1010.6,80.4,normal,none,0,none
AWS-003,Chennai Nungambakkam,2026-08-12 03:10:00,26.87,1010.24,82.6,normal,none,0,none
AWS-003,Chennai Nungambakkam,2026-08-12 03:20:00,27.48,1010.48,82.8,normal,none,0,none
AWS-003,Chennai Nungambakkam,2026-08-12 03:30:00,27.37,1010.31,81.1,normal,none,0,none
AWS-003,Chennai Nungambakkam,2026-08-12 03:40:00,27.14,1010.25,83.1,normal,none,0,none
AWS-003,Chennai Nungambakkam,2026-08-12 03:50:00,27.31,1010.53,80.3,normal,none,0,none
AWS-003,Chennai Nungambakkam,2026-08-12 04:00:00,26.87,1010.67,80.7,normal,none,0,none
AWS-003,Chennai Nungambakkam,2026-08-12 04:10:00,27.79,1010.95,79.6,normal,none,0,none
AWS-003,Chennai Nungambakkam,2026-08-12 04:20:00,27.71,1010.57,80.7,normal,none,0,none
AWS-003,Chennai Nungambakkam,2026-08-12 04:30:00,27.83,1011.32,80.5,normal,none,0,none
AWS-003,Chennai Nungambakkam,2026-08-12 04:40:00,27.81,1011.7,78.9,normal,none,0,none
AWS-003,Chennai Nungambakkam,2026-08-12 04:50:00,28.54,1011.14,81.3,normal,none,0,none
AWS-003,Chennai Nungambakkam,2026-08-12 05:00:00,27.73,1011.29,80.7,normal,none,0,none
AWS-003,Chennai Nungambakkam,2026-08-12 05:10:00,28.19,1011.63,81.3,normal,none,0,none
AWS-003,Chennai Nungambakkam,2026-08-12 05:20:00,28.13,1011.04,78.7,normal,none,0,none
AWS-003,Chennai Nungambakkam,2026-08-12 05:30:00,28.32,1011.66,78.6,normal,none,0,none
AWS-003,Chennai Nungambakkam,2026-08-12 05:40:00,28.67,1011.66,78.0,normal,none,0,none
AWS-003,Chennai Nungambakkam,2026-08-12 05:50:00,29.15,1012.28,78.6,normal,none,0,none
AWS-003,Chennai Nungambakkam,2026-08-12 06:00:00,29.15,1011.92,78.0,normal,none,0,none
AWS-003,Chennai Nungambakkam,2026-08-12 06:10:00,29.61,1011.78,78.3,normal,none,0,none
AWS-003,Chennai Nungambakkam,2026-08-12 06:20:00,29.46,1011.95,77.7,normal,none,0,none
AWS-003,Chennai Nungambakkam,2026-08-12 06:30:00,29.0,1012.11,78.0,normal,none,0,none
AWS-003,Chennai Nungambakkam,2026-08-12 06:40:00,29.27,1011.99,78.3,normal,none,0,none
AWS-003,Chennai Nungambakkam,2026-08-12 06:50:00,29.44,1012.02,76.7,normal,none,0,none
AWS-003,Chennai Nungambakkam,2026-08-12 07:00:00,29.4,1012.44,75.7,normal,none,0,none
AWS-003,Chennai Nungambakkam,2026-08-12 07:10:00,31.29,1012.07,75.5,normal,none,0,none
AWS-003,Chennai Nungambakkam,2026-08-12 07:20:00,30.26,1012.38,75.8,normal,none,0,none
AWS-003,Chennai Nungambakkam,2026-08-12 07:30:00,31.05,1011.98,75.1,normal,none,0,none
AWS-003,Chennai Nungambakkam,2026-08-12 07:40:00,31.48,1012.48,74.8,normal,none,0,none
AWS-003,Chennai Nungambakkam,2026-08-12 07:50:00,30.69,1012.11,76.3,normal,none,0,none
AWS-003,Chennai Nungambakkam,2026-08-12 08:00:00,31.92,1012.6,73.3,normal,none,0,none
AWS-003,Chennai Nungambakkam,2026-08-12 08:10:00,31.67,1011.97,72.3,normal,none,0,none
AWS-003,Chennai Nungambakkam,2026-08-12 08:20:00,31.37,1012.74,73.8,normal,none,0,none
AWS-003,Chennai Nungambakkam,2026-08-12 08:30:00,31.79,1012.48,76.0,normal,none,0,none
AWS-003,Chennai Nungambakkam,2026-08-12 08:40:00,32.33,1012.51,72.3,normal,none,0,none
AWS-003,Chennai Nungambakkam,2026-08-12 08:50:00,32.24,1012.5,71.6,normal,none,0,none
AWS-003,Chennai Nungambakkam,2026-08-12 09:00:00,32.55,1012.36,71.1,normal,none,0,none
AWS-003,Chennai Nungambakkam,2026-08-12 09:10:00,33.05,1012.93,68.3,normal,none,0,none
AWS-003,Chennai Nungambakkam,2026-08-12 09:20:00,33.0,1012.65,70.4,normal,none,0,none
AWS-003,Chennai Nungambakkam,2026-08-12 09:30:00,33.06,1012.59,70.0,normal,none,0,none
AWS-003,Chennai Nungambakkam,2026-08-12 09:40:00,33.53,1013.0,69.5,normal,none,0,none
AWS-003,Chennai Nungambakkam,2026-08-12 09:50:00,33.44,1012.66,67.7,normal,none,0,none
AWS-003,Chennai Nungambakkam,2026-08-12 10:00:00,32.58,1012.91,68.8,normal,none,0,none
AWS-003,Chennai Nungambakkam,2026-08-12 10:10:00,34.01,1012.67,69.2,normal,none,0,none
AWS-003,Chennai Nungambakkam,2026-08-12 10:20:00,33.83,1012.35,68.8,normal,none,0,none
AWS-003,Chennai Nungambakkam,2026-08-12 10:30:00,34.35,1012.75,72.4,normal,none,0,none
AWS-003,Chennai Nungambakkam,2026-08-12 10:40:00,34.8,1012.3,67.5,normal,none,0,none
AWS-003,Chennai Nungambakkam,2026-08-12 10:50:00,35.69,1012.34,68.2,normal,none,0,none
AWS-003,Chennai Nungambakkam,2026-08-12 11:00:00,35.1,1012.8,67.2,normal,none,0,none
AWS-003,Chennai Nungambakkam,2026-08-12 11:10:00,35.1,1012.4,67.1,normal,none,0,none
AWS-003,Chennai Nungambakkam,2026-08-12 11:20:00,35.4,1012.19,65.0,normal,none,0,none
AWS-003,Chennai Nungambakkam,2026-08-12 11:30:00,35.6,1012.65,67.2,normal,none,0,none
AWS-003,Chennai Nungambakkam,2026-08-12 11:40:00,35.75,1012.19,64.8,normal,none,0,none
AWS-003,Chennai Nungambakkam,2026-08-12 11:50:00,35.43,1012.03,65.7,normal,none,0,none
AWS-003,Chennai Nungambakkam,2026-08-12 12:00:00,36.26,1012.2,66.5,normal,none,0,none
AWS-003,Chennai Nungambakkam,2026-08-12 12:10:00,36.19,1012.36,65.4,normal,none,0,none
AWS-003,Chennai Nungambakkam,2026-08-12 12:20:00,36.31,1011.9,64.2,normal,none,0,none
AWS-003,Chennai Nungambakkam,2026-08-12 12:30:00,36.73,1012.13,64.4,normal,none,0,none
AWS-003,Chennai Nungambakkam,2026-08-12 12:40:00,35.49,1012.26,66.4,normal,none,0,none
AWS-003,Chennai Nungambakkam,2026-08-12 12:50:00,35.92,1011.8,65.7,normal,none,0,none
AWS-003,Chennai Nungambakkam,2026-08-12 13:00:00,36.4,1011.69,67.5,normal,none,0,none
AWS-003,Chennai Nungambakkam,2026-08-12 13:10:00,36.62,1011.61,63.7,normal,none,0,none
AWS-003,Chennai Nungambakkam,2026-08-12 13:20:00,36.76,1012.3,64.3,normal,none,0,none
AWS-003,Chennai Nungambakkam,2026-08-12 13:30:00,36.17,1011.79,64.9,normal,none,0,none
AWS-003,Chennai Nungambakkam,2026-08-12 13:40:00,37.08,1012.02,64.4,normal,none,0,none
AWS-003,Chennai Nungambakkam,2026-08-12 13:50:00,36.92,1011.97,64.3,normal,none,0,none
AWS-003,Chennai Nungambakkam,2026-08-12 14:00:00,36.54,1011.32,61.5,normal,none,0,none
AWS-003,Chennai Nungambakkam,2026-08-12 14:10:00,36.84,1011.39,63.9,normal,none,0,none
AWS-003,Chennai Nungambakkam,2026-08-12 14:20:00,36.94,1011.25,65.3,normal,none,0,none
AWS-003,Chennai Nungambakkam,2026-08-12 14:30:00,36.55,1011.21,65.2,normal,none,0,none
AWS-003,Chennai Nungambakkam,2026-08-12 14:40:00,37.1,1011.34,67.3,normal,none,0,none
AWS-003,Chennai Nungambakkam,2026-08-12 14:50:00,36.61,1010.98,66.0,normal,none,0,none
AWS-003,Chennai Nungambakkam,2026-08-12 15:00:00,37.1,1011.16,63.7,normal,none,0,none
AWS-003,Chennai Nungambakkam,2026-08-12 15:10:00,36.6,1011.24,63.8,normal,none,0,none
AWS-003,Chennai Nungambakkam,2026-08-12 15:20:00,36.86,1011.06,62.1,normal,none,0,none
AWS-003,Chennai Nungambakkam,2026-08-12 15:30:00,36.08,1011.34,63.5,normal,none,0,none
AWS-003,Chennai Nungambakkam,2026-08-12 15:40:00,35.96,1010.98,66.0,normal,none,0,none
AWS-003,Chennai Nungambakkam,2026-08-12 15:50:00,35.81,1010.92,64.5,normal,none,0,none
AWS-003,Chennai Nungambakkam,2026-08-12 16:00:00,35.54,1011.31,66.9,normal,none,0,none
AWS-003,Chennai Nungambakkam,2026-08-12 16:10:00,36.28,1010.92,67.1,normal,none,0,none
AWS-003,Chennai Nungambakkam,2026-08-12 16:20:00,36.56,1010.48,66.5,normal,none,0,none
AWS-003,Chennai Nungambakkam,2026-08-12 16:30:00,36.57,1010.7,66.7,normal,none,0,none
AWS-003,Chennai Nungambakkam,2026-08-12 16:40:00,66.87389701079388,1010.83,63.4,spike,temperature_spike,1,temperature
AWS-003,Chennai Nungambakkam,2026-08-12 16:50:00,36.17,1010.81,66.5,normal,none,0,none
AWS-003,Chennai Nungambakkam,2026-08-12 17:00:00,35.73,1010.41,65.5,normal,none,0,none
AWS-003,Chennai Nungambakkam,2026-08-12 17:10:00,35.63,1010.25,65.5,normal,none,0,none
AWS-003,Chennai Nungambakkam,2026-08-12 17:20:00,35.06,1010.39,69.0,normal,none,0,none
AWS-003,Chennai Nungambakkam,2026-08-12 17:30:00,35.12,1010.42,67.1,normal,none,0,none
AWS-003,Chennai Nungambakkam,2026-08-12 17:40:00,34.8,1009.92,68.1,normal,none,0,none
AWS-003,Chennai Nungambakkam,2026-08-12 17:50:00,34.86,1009.97,67.7,normal,none,0,none
AWS-003,Chennai Nungambakkam,2026-08-12 18:00:00,34.74,1009.86,69.3,normal,none,0,none
AWS-003,Chennai Nungambakkam,2026-08-12 18:10:00,34.39,1010.35,68.7,normal,none,0,none
AWS-003,Chennai Nungambakkam,2026-08-12 18:20:00,34.3,1010.11,69.5,normal,none,0,none
AWS-003,Chennai Nungambakkam,2026-08-12 18:30:00,33.99,1009.84,69.0,normal,none,0,none
AWS-003,Chennai Nungambakkam,2026-08-12 18:40:00,34.0,1009.94,69.6,normal,none,0,none
AWS-003,Chennai Nungambakkam,2026-08-12 18:50:00,33.66,1010.22,70.7,normal,none,0,none
AWS-003,Chennai Nungambakkam,2026-08-12 19:00:00,33.56,1009.88,71.0,normal,none,0,none
AWS-003,Chennai Nungambakkam,2026-08-12 19:10:00,33.56,1009.8,72.7,normal,none,0,none
AWS-003,Chennai Nungambakkam,2026-08-12 19:20:00,33.08,1010.02,71.4,normal,none,0,none
AWS-003,Chennai Nungambakkam,2026-08-12 19:30:00,32.76,1009.66,72.3,normal,none,0,none
AWS-003,Chennai Nungambakkam,2026-08-12 19:40:00,32.51,1009.49,71.7,normal,none,0,none
AWS-003,Chennai Nungambakkam,2026-08-12 19:50:00,31.62,1009.45,71.2,normal,none,0,none
AWS-003,Chennai Nungambakkam,2026-08-12 20:00:00,31.72,1009.78,73.7,normal,none,0,none
AWS-003,Chennai Nungambakkam,2026-08-12 20:10:00,32.56,1009.72,73.1,normal,none,0,none
AWS-003,Chennai Nungambakkam,2026-08-12 20:20:00,32.08,1009.84,74.1,normal,none,0,none
AWS-003,Chennai Nungambakkam,2026-08-12 20:30:00,31.45,1009.77,71.8,normal,none,0,none
AWS-003,Chennai Nungambakkam,2026-08-12 20:40:00,31.36,1009.76,73.8,normal,none,0,none
AWS-003,Chennai Nungambakkam,2026-08-12 20:50:00,31.5,1009.84,75.1,normal,none,0,none
AWS-003,Chennai Nungambakkam,2026-08-12 21:00:00,30.67,1009.59,76.2,normal,none,0,none
AWS-003,Chennai Nungambakkam,2026-08-12 21:10:00,29.71,1009.37,75.0,normal,none,0,none
AWS-003,Chennai Nungambakkam,2026-08-12 21:20:00,31.17,1009.65,75.0,normal,none,0,none
AWS-003,Chennai Nungambakkam,2026-08-12 21:30:00,30.03,1009.64,77.0,normal,none,0,none
AWS-003,Chennai Nungambakkam,2026-08-12 21:40:00,30.1,1009.4,77.2,normal,none,0,none
AWS-003,Chennai Nungambakkam,2026-08-12 21:50:00,29.75,1010.01,77.3,normal,none,0,none
AWS-003,Chennai Nungambakkam,2026-08-12 22:00:00,29.27,1009.86,76.8,normal,none,0,none
AWS-003,Chennai Nungambakkam,2026-08-12 22:10:00,29.64,1009.94,78.5,normal,none,0,none
AWS-003,Chennai Nungambakkam,2026-08-12 22:20:00,28.55,1009.55,76.8,normal,none,0,none
AWS-003,Chennai Nungambakkam,2026-08-12 22:30:00,29.27,1009.88,78.5,normal,none,0,none
AWS-003,Chennai Nungambakkam,2026-08-12 22:40:00,28.4,1009.78,78.5,normal,none,0,none
AWS-003,Chennai Nungambakkam,2026-08-12 22:50:00,28.14,1009.66,78.9,normal,none,0,none
AWS-003,Chennai Nungambakkam,2026-08-12 23:00:00,28.33,1010.24,79.4,normal,none,0,none
AWS-003,Chennai Nungambakkam,2026-08-12 23:10:00,28.63,1010.27,78.3,normal,none,0,none
AWS-003,Chennai Nungambakkam,2026-08-12 23:20:00,26.94,1010.05,79.7,normal,none,0,none
AWS-003,Chennai Nungambakkam,2026-08-12 23:30:00,27.93,1010.09,81.1,normal,none,0,none
AWS-003,Chennai Nungambakkam,2026-08-12 23:40:00,27.87,1010.17,80.9,normal,none,0,none
AWS-003,Chennai Nungambakkam,2026-08-12 23:50:00,27.15,1009.56,81.0,normal,none,0,none
AWS-003,Chennai Nungambakkam,2026-08-13 00:00:00,27.53,1010.47,80.7,normal,none,0,none
AWS-003,Chennai Nungambakkam,2026-08-13 00:10:00,27.22,1010.32,81.5,normal,none,0,none
AWS-003,Chennai Nungambakkam,2026-08-13 00:20:00,27.01,1010.49,79.2,normal,none,0,none
AWS-003,Chennai Nungambakkam,2026-08-13 00:30:00,26.42,1010.26,82.5,normal,none,0,none
AWS-003,Chennai Nungambakkam,2026-08-13 00:40:00,27.18,1010.07,83.2,normal,none,0,none
AWS-003,Chennai Nungambakkam,2026-08-13 00:50:00,26.45,1010.67,82.5,normal,none,0,none
AWS-003,Chennai Nungambakkam,2026-08-13 01:00:00,27.38,1010.74,82.7,normal,none,0,none
AWS-003,Chennai Nungambakkam,2026-08-13 01:10:00,26.24,1010.72,84.5,normal,none,0,none
AWS-003,Chennai Nungambakkam,2026-08-13 01:20:00,26.24,1010.68,82.3,normal,none,0,none
AWS-003,Chennai Nungambakkam,2026-08-13 01:30:00,25.94,1010.71,81.9,normal,none,0,none
AWS-003,Chennai Nungambakkam,2026-08-13 01:40:00,26.66,1011.11,83.1,normal,none,0,none
AWS-003,Chennai Nungambakkam,2026-08-13 01:50:00,26.04,1011.12,82.4,normal,none,0,none
AWS-003,Chennai Nungambakkam,2026-08-13 02:00:00,26.1,1011.0,85.8,normal,none,0,none
AWS-003,Chennai Nungambakkam,2026-08-13 02:10:00,25.77,1010.92,82.9,normal,none,0,none
AWS-003,Chennai Nungambakkam,2026-08-13 02:20:00,26.3,1010.76,83.4,normal,none,0,none
AWS-003,Chennai Nungambakkam,2026-08-13 02:30:00,26.4,1011.25,81.5,normal,none,0,none
AWS-003,Chennai Nungambakkam,2026-08-13 02:40:00,26.1,1011.28,84.9,normal,none,0,none
AWS-003,Chennai Nungambakkam,2026-08-13 02:50:00,25.7,1011.29,83.6,normal,none,0,none
AWS-003,Chennai Nungambakkam,2026-08-13 03:00:00,25.87,1011.29,82.7,normal,none,0,none
AWS-003,Chennai Nungambakkam,2026-08-13 03:10:00,25.83,1011.64,82.4,normal,none,0,none
AWS-003,Chennai Nungambakkam,2026-08-13 03:20:00,26.09,1011.97,84.1,normal,none,0,none
AWS-003,Chennai Nungambakkam,2026-08-13 03:30:00,26.45,1011.48,83.2,normal,none,0,none
AWS-003,Chennai Nungambakkam,2026-08-13 03:40:00,26.03,1012.07,83.8,normal,none,0,none
AWS-003,Chennai Nungambakkam,2026-08-13 03:50:00,25.88,1011.53,83.4,normal,none,0,none
AWS-003,Chennai Nungambakkam,2026-08-13 04:00:00,26.13,1012.06,83.5,normal,none,0,none
AWS-003,Chennai Nungambakkam,2026-08-13 04:10:00,26.12,1012.27,83.1,normal,none,0,none
AWS-003,Chennai Nungambakkam,2026-08-13 04:20:00,26.07,1011.91,82.1,normal,none,0,none
AWS-003,Chennai Nungambakkam,2026-08-13 04:30:00,26.38,1012.14,82.5,normal,none,0,none
AWS-003,Chennai Nungambakkam,2026-08-13 04:40:00,27.37,1012.17,83.5,normal,none,0,none
AWS-003,Chennai Nungambakkam,2026-08-13 04:50:00,26.27,1011.98,83.4,normal,none,0,none
AWS-003,Chennai Nungambakkam,2026-08-13 05:00:00,26.33,1012.45,82.9,normal,none,0,none
AWS-003,Chennai Nungambakkam,2026-08-13 05:10:00,26.56,1012.62,80.0,normal,none,0,none
AWS-003,Chennai Nungambakkam,2026-08-13 05:20:00,27.34,1012.83,81.8,normal,none,0,none
AWS-003,Chennai Nungambakkam,2026-08-13 05:30:00,26.81,1012.22,80.9,normal,none,0,none
AWS-003,Chennai Nungambakkam,2026-08-13 05:40:00,27.28,1012.55,80.4,normal,none,0,none
AWS-003,Chennai Nungambakkam,2026-08-13 05:50:00,27.13,1012.72,81.5,normal,none,0,none
AWS-003,Chennai Nungambakkam,2026-08-13 06:00:00,27.53,1012.56,80.4,normal,none,0,none
AWS-003,Chennai Nungambakkam,2026-08-13 06:10:00,28.04,1012.39,80.8,normal,none,0,none
AWS-003,Chennai Nungambakkam,2026-08-13 06:20:00,27.73,1012.99,81.0,normal,none,0,none
AWS-003,Chennai Nungambakkam,2026-08-13 06:30:00,27.94,1012.82,78.1,normal,none,0,none
AWS-003,Chennai Nungambakkam,2026-08-13 06:40:00,27.9,1012.93,82.2,normal,none,0,none
AWS-003,Chennai Nungambakkam,2026-08-13 06:50:00,28.33,1013.11,80.9,normal,none,0,none
AWS-003,Chennai Nungambakkam,2026-08-13 07:00:00,28.0,1012.62,79.6,normal,none,0,none
AWS-003,Chennai Nungambakkam,2026-08-13 07:10:00,28.72,1012.35,78.3,normal,none,0,none
AWS-003,Chennai Nungambakkam,2026-08-13 07:20:00,28.69,1012.95,76.4,normal,none,0,none
AWS-003,Chennai Nungambakkam,2026-08-13 07:30:00,29.19,1012.56,78.8,normal,none,0,none
AWS-003,Chennai Nungambakkam,2026-08-13 07:40:00,29.44,1012.92,77.3,normal,none,0,none
AWS-003,Chennai Nungambakkam,2026-08-13 07:50:00,28.95,1012.92,75.7,normal,none,0,none
AWS-003,Chennai Nungambakkam,2026-08-13 08:00:00,29.87,1013.15,76.8,normal,none,0,none
AWS-003,Chennai Nungambakkam,2026-08-13 08:10:00,30.11,1012.94,76.7,normal,none,0,none
AWS-003,Chennai Nungambakkam,2026-08-13 08:20:00,29.43,1012.83,74.8,normal,none,0,none
AWS-003,Chennai Nungambakkam,2026-08-13 08:30:00,30.23,1012.8,74.2,normal,none,0,none
AWS-003,Chennai Nungambakkam,2026-08-13 08:40:00,30.27,1013.26,72.8,normal,none,0,none
AWS-003,Chennai Nungambakkam,2026-08-13 08:50:00,30.57,1013.2,75.8,normal,none,0,none
AWS-003,Chennai Nungambakkam,2026-08-13 09:00:00,31.19,1012.75,74.8,normal,none,0,none
AWS-003,Chennai Nungambakkam,2026-08-13 09:10:00,30.8,1012.75,75.1,normal,none,0,none
AWS-003,Chennai Nungambakkam,2026-08-13 09:20:00,31.63,1013.36,73.8,normal,none,0,none
AWS-003,Chennai Nungambakkam,2026-08-13 09:30:00,31.36,1013.15,74.5,normal,none,0,none
AWS-003,Chennai Nungambakkam,2026-08-13 09:40:00,31.49,1013.11,71.9,normal,none,0,none
AWS-003,Chennai Nungambakkam,2026-08-13 09:50:00,31.83,1012.67,74.8,normal,none,0,none
AWS-003,Chennai Nungambakkam,2026-08-13 10:00:00,31.76,1013.02,70.4,normal,none,0,none
AWS-003,Chennai Nungambakkam,2026-08-13 10:10:00,32.21,1013.12,71.6,normal,none,0,none
AWS-003,Chennai Nungambakkam,2026-08-13 10:20:00,32.48,1013.3,70.8,normal,none,0,none
AWS-003,Chennai Nungambakkam,2026-08-13 10:30:00,32.19,1012.3,71.4,normal,none,0,none
AWS-003,Chennai Nungambakkam,2026-08-13 10:40:00,33.1,1012.78,72.4,normal,none,0,none
AWS-003,Chennai Nungambakkam,2026-08-13 10:50:00,33.19,1012.61,68.5,normal,none,0,none
AWS-003,Chennai Nungambakkam,2026-08-13 11:00:00,32.96,1012.39,71.3,normal,none,0,none
AWS-003,Chennai Nungambakkam,2026-08-13 11:10:00,33.17,1012.66,68.6,normal,none,0,none
AWS-003,Chennai Nungambakkam,2026-08-13 11:20:00,33.51,1012.4,69.7,normal,none,0,none
AWS-003,Chennai Nungambakkam,2026-08-13 11:30:00,33.67,1012.65,72.0,normal,none,0,none
AWS-003,Chennai Nungambakkam,2026-08-13 11:40:00,33.59,1012.57,70.7,normal,none,0,none
AWS-003,Chennai Nungambakkam,2026-08-13 11:50:00,33.38,1012.31,68.4,normal,none,0,none
AWS-003,Chennai Nungambakkam,2026-08-13 12:00:00,33.91,1012.37,68.5,normal,none,0,none
AWS-003,Chennai Nungambakkam,2026-08-13 12:10:00,33.97,1012.46,71.9,normal,none,0,none
AWS-003,Chennai Nungambakkam,2026-08-13 12:20:00,34.14,1011.69,68.7,normal,none,0,none
AWS-003,Chennai Nungambakkam,2026-08-13 12:30:00,34.22,1011.62,67.4,normal,none,0,none
AWS-003,Chennai Nungambakkam,2026-08-13 12:40:00,33.87,1011.68,67.6,normal,none,0,none
AWS-003,Chennai Nungambakkam,2026-08-13 12:50:00,34.33,1011.8,67.6,normal,none,0,none
AWS-003,Chennai Nungambakkam,2026-08-13 13:00:00,35.24,1011.92,70.0,normal,none,0,none
AWS-003,Chennai Nungambakkam,2026-08-13 13:10:00,34.63,1011.46,66.3,normal,none,0,none
AWS-003,Chennai Nungambakkam,2026-08-13 13:20:00,34.69,1011.49,68.8,normal,none,0,none
AWS-003,Chennai Nungambakkam,2026-08-13 13:30:00,34.57,1011.8,69.4,normal,none,0,none
AWS-003,Chennai Nungambakkam,2026-08-13 13:40:00,34.63,1011.46,67.6,normal,none,0,none
AWS-003,Chennai Nungambakkam,2026-08-13 13:50:00,34.77,1011.23,66.8,normal,none,0,none
AWS-003,Chennai Nungambakkam,2026-08-13 14:00:00,35.5,1011.61,66.4,normal,none,0,none
AWS-003,Chennai Nungambakkam,2026-08-13 14:10:00,34.98,1010.83,68.1,normal,none,0,none
AWS-003,Chennai Nungambakkam,2026-08-13 14:20:00,34.51,1011.01,68.7,normal,none,0,none
AWS-003,Chennai Nungambakkam,2026-08-13 14:30:00,34.12,1011.35,67.7,normal,none,0,none
AWS-003,Chennai Nungambakkam,2026-08-13 14:40:00,34.51,1011.7,68.2,normal,none,0,none
AWS-003,Chennai Nungambakkam,2026-08-13 14:50:00,34.56,1010.53,68.1,normal,none,0,none
AWS-003,Chennai Nungambakkam,2026-08-13 15:00:00,34.23,1011.16,67.0,normal,none,0,none
AWS-003,Chennai Nungambakkam,2026-08-13 15:10:00,34.88,1010.77,67.6,normal,none,0,none
AWS-003,Chennai Nungambakkam,2026-08-13 15:20:00,34.9,1010.64,67.6,normal,none,0,none
AWS-003,Chennai Nungambakkam,2026-08-13 15:30:00,34.29,1010.89,66.2,normal,none,0,none
AWS-003,Chennai Nungambakkam,2026-08-13 15:40:00,34.67,1010.15,69.7,normal,none,0,none
AWS-003,Chennai Nungambakkam,2026-08-13 15:50:00,34.14,1010.45,68.1,normal,none,0,none
AWS-003,Chennai Nungambakkam,2026-08-13 16:00:00,34.62,1010.34,68.5,normal,none,0,none
AWS-003,Chennai Nungambakkam,2026-08-13 16:10:00,34.75,1010.1,68.0,normal,none,0,none
AWS-003,Chennai Nungambakkam,2026-08-13 16:20:00,33.87,1010.26,67.3,normal,none,0,none
AWS-003,Chennai Nungambakkam,2026-08-13 16:30:00,33.88,1010.09,67.8,normal,none,0,none
AWS-003,Chennai Nungambakkam,2026-08-13 16:40:00,34.07,1009.98,69.9,normal,none,0,none
AWS-003,Chennai Nungambakkam,2026-08-13 16:50:00,33.44,1009.61,69.4,normal,none,0,none
AWS-003,Chennai Nungambakkam,2026-08-13 17:00:00,34.0,1009.67,69.7,normal,none,0,none
AWS-003,Chennai Nungambakkam,2026-08-13 17:10:00,33.43,1009.73,68.7,normal,none,0,none
AWS-003,Chennai Nungambakkam,2026-08-13 17:20:00,32.65,1009.73,72.3,normal,none,0,none
AWS-003,Chennai Nungambakkam,2026-08-13 17:30:00,32.88,1009.59,70.0,normal,none,0,none
AWS-003,Chennai Nungambakkam,2026-08-13 17:40:00,32.97,1009.36,71.0,normal,none,0,none
AWS-003,Chennai Nungambakkam,2026-08-13 17:50:00,32.86,1009.3,71.3,normal,none,0,none
AWS-003,Chennai Nungambakkam,2026-08-13 18:00:00,27.181265348369898,999.5571321087887,99.162703962818,possible_weather_event,possible_weather_event,1,meteorological
AWS-003,Chennai Nungambakkam,2026-08-13 18:10:00,26.33982503945741,996.268944231642,99.89575916805867,possible_weather_event,possible_weather_event,1,meteorological
AWS-003,Chennai Nungambakkam,2026-08-13 18:20:00,26.044413903965967,996.9055125868277,94.70385536535997,possible_weather_event,possible_weather_event,1,meteorological
AWS-003,Chennai Nungambakkam,2026-08-13 18:30:00,25.751137870246403,1000.0668552578762,95.24567070880863,possible_weather_event,possible_weather_event,1,meteorological
AWS-003,Chennai Nungambakkam,2026-08-13 18:40:00,24.847786156866665,995.6162078015526,100.0,possible_weather_event,possible_weather_event,1,meteorological
AWS-003,Chennai Nungambakkam,2026-08-13 18:50:00,26.138465577066572,1000.5739673159617,100.0,possible_weather_event,possible_weather_event,1,meteorological
AWS-003,Chennai Nungambakkam,2026-08-13 19:00:00,25.469618765651,1000.1177705909314,100.0,possible_weather_event,possible_weather_event,1,meteorological
AWS-003,Chennai Nungambakkam,2026-08-13 19:10:00,26.884028697211953,994.9140775875273,99.16413976080023,possible_weather_event,possible_weather_event,1,meteorological
AWS-003,Chennai Nungambakkam,2026-08-13 19:20:00,30.52,1008.41,74.1,normal,none,0,none
AWS-003,Chennai Nungambakkam,2026-08-13 19:30:00,30.26,1008.78,72.7,normal,none,0,none
AWS-003,Chennai Nungambakkam,2026-08-13 19:40:00,30.37,1008.49,76.1,normal,none,0,none
AWS-003,Chennai Nungambakkam,2026-08-13 19:50:00,30.42,1008.78,73.0,normal,none,0,none
AWS-003,Chennai Nungambakkam,2026-08-13 20:00:00,30.16,1007.85,78.1,normal,none,0,none
AWS-003,Chennai Nungambakkam,2026-08-13 20:10:00,30.01,1008.27,76.6,normal,none,0,none
AWS-003,Chennai Nungambakkam,2026-08-13 20:20:00,29.17,1008.69,78.0,normal,none,0,none
AWS-003,Chennai Nungambakkam,2026-08-13 20:30:00,28.86,1008.57,77.9,normal,none,0,none
AWS-003,Chennai Nungambakkam,2026-08-13 20:40:00,28.83,1008.39,78.7,normal,none,0,none
AWS-003,Chennai Nungambakkam,2026-08-13 20:50:00,28.3,1008.51,79.7,normal,none,0,none
AWS-003,Chennai Nungambakkam,2026-08-13 21:00:00,28.72,1008.62,77.6,normal,none,0,none
AWS-003,Chennai Nungambakkam,2026-08-13 21:10:00,28.54,1008.07,79.8,normal,none,0,none
AWS-003,Chennai Nungambakkam,2026-08-13 21:20:00,28.02,1008.34,79.6,normal,none,0,none
AWS-003,Chennai Nungambakkam,2026-08-13 21:30:00,27.43,1007.69,80.9,normal,none,0,none
AWS-003,Chennai Nungambakkam,2026-08-13 21:40:00,27.73,1008.68,79.9,normal,none,0,none
AWS-003,Chennai Nungambakkam,2026-08-13 21:50:00,27.94,1007.86,80.0,normal,none,0,none
AWS-003,Chennai Nungambakkam,2026-08-13 22:00:00,27.54,1008.52,83.7,normal,none,0,none
AWS-003,Chennai Nungambakkam,2026-08-13 22:10:00,26.9,1008.72,81.7,normal,none,0,none
AWS-003,Chennai Nungambakkam,2026-08-13 22:20:00,27.31,1008.55,81.2,normal,none,0,none
AWS-003,Chennai Nungambakkam,2026-08-13 22:30:00,26.25,1008.3,81.3,normal,none,0,none
AWS-003,Chennai Nungambakkam,2026-08-13 22:40:00,25.97,1008.29,80.6,normal,none,0,none
AWS-003,Chennai Nungambakkam,2026-08-13 22:50:00,26.27,1007.83,84.1,normal,none,0,none
AWS-003,Chennai Nungambakkam,2026-08-13 23:00:00,26.33,1008.59,83.3,normal,none,0,none
AWS-003,Chennai Nungambakkam,2026-08-13 23:10:00,25.39,1008.48,82.9,normal,none,0,none
AWS-003,Chennai Nungambakkam,2026-08-13 23:20:00,25.47,1008.08,83.2,normal,none,0,none
AWS-003,Chennai Nungambakkam,2026-08-13 23:30:00,25.52,1008.17,85.3,normal,none,0,none
AWS-003,Chennai Nungambakkam,2026-08-13 23:40:00,24.94,1008.66,84.4,normal,none,0,none
AWS-003,Chennai Nungambakkam,2026-08-13 23:50:00,25.2,1008.74,85.8,normal,none,0,none
AWS-003,Chennai Nungambakkam,2026-08-14 00:00:00,24.77,1008.5,82.4,normal,none,0,none
AWS-003,Chennai Nungambakkam,2026-08-14 00:10:00,24.6,1008.4,84.4,normal,none,0,none
AWS-003,Chennai Nungambakkam,2026-08-14 00:20:00,24.18,1008.4,85.2,normal,none,0,none
AWS-003,Chennai Nungambakkam,2026-08-14 00:30:00,24.44,1008.5,83.6,normal,none,0,none
AWS-003,Chennai Nungambakkam,2026-08-14 00:40:00,23.8,1008.71,84.5,normal,none,0,none
AWS-003,Chennai Nungambakkam,2026-08-14 00:50:00,23.96,1008.82,83.9,normal,none,0,none
AWS-003,Chennai Nungambakkam,2026-08-14 01:00:00,24.64,1008.92,86.2,normal,none,0,none
AWS-003,Chennai Nungambakkam,2026-08-14 01:10:00,23.84,1008.96,87.1,normal,none,0,none
AWS-003,Chennai Nungambakkam,2026-08-14 01:20:00,24.34,1009.2,86.6,normal,none,0,none
AWS-003,Chennai Nungambakkam,2026-08-14 01:30:00,23.76,1008.82,88.2,normal,none,0,none
AWS-003,Chennai Nungambakkam,2026-08-14 01:40:00,23.65,1009.17,87.0,normal,none,0,none
AWS-003,Chennai Nungambakkam,2026-08-14 01:50:00,24.4,1009.62,85.0,normal,none,0,none
AWS-003,Chennai Nungambakkam,2026-08-14 02:00:00,23.95,1008.96,85.7,normal,none,0,none
AWS-003,Chennai Nungambakkam,2026-08-14 02:10:00,23.57,1009.19,87.6,normal,none,0,none
AWS-003,Chennai Nungambakkam,2026-08-14 02:20:00,23.94,1008.9,86.5,normal,none,0,none
AWS-003,Chennai Nungambakkam,2026-08-14 02:30:00,24.4,1009.45,86.9,normal,none,0,none
AWS-003,Chennai Nungambakkam,2026-08-14 02:40:00,23.75,1009.19,87.5,normal,none,0,none
AWS-003,Chennai Nungambakkam,2026-08-14 02:50:00,23.88,1008.76,89.1,normal,none,0,none
AWS-003,Chennai Nungambakkam,2026-08-14 03:00:00,23.27,1008.77,86.1,normal,none,0,none
AWS-003,Chennai Nungambakkam,2026-08-14 03:10:00,23.66,1009.45,86.7,normal,none,0,none
AWS-003,Chennai Nungambakkam,2026-08-14 03:20:00,23.66,1009.66,85.5,normal,none,0,none
AWS-003,Chennai Nungambakkam,2026-08-14 03:30:00,22.89,1009.95,87.7,normal,none,0,none
AWS-003,Chennai Nungambakkam,2026-08-14 03:40:00,23.72,1009.56,86.6,normal,none,0,none
AWS-003,Chennai Nungambakkam,2026-08-14 03:50:00,24.26,1009.72,86.6,normal,none,0,none
AWS-003,Chennai Nungambakkam,2026-08-14 04:00:00,24.31,1009.56,85.6,normal,none,0,none
AWS-003,Chennai Nungambakkam,2026-08-14 04:10:00,24.4,1009.93,87.1,normal,none,0,none
AWS-003,Chennai Nungambakkam,2026-08-14 04:20:00,24.18,1009.47,83.7,normal,none,0,none
AWS-003,Chennai Nungambakkam,2026-08-14 04:30:00,23.59,1009.51,86.6,normal,none,0,none
AWS-003,Chennai Nungambakkam,2026-08-14 04:40:00,23.65,1009.48,85.7,normal,none,0,none
AWS-003,Chennai Nungambakkam,2026-08-14 04:50:00,24.4,1010.01,84.0,normal,none,0,none
AWS-003,Chennai Nungambakkam,2026-08-14 05:00:00,24.48,1009.93,90.0,normal,none,0,none
AWS-003,Chennai Nungambakkam,2026-08-14 05:10:00,24.73,1010.07,84.9,normal,none,0,none
AWS-003,Chennai Nungambakkam,2026-08-14 05:20:00,24.79,1009.66,84.4,normal,none,0,none
AWS-003,Chennai Nungambakkam,2026-08-14 05:30:00,24.49,1010.22,84.3,normal,none,0,none
AWS-003,Chennai Nungambakkam,2026-08-14 05:40:00,25.13,1010.25,84.7,normal,none,0,none
AWS-003,Chennai Nungambakkam,2026-08-14 05:50:00,24.94,1010.3,82.9,normal,none,0,none
AWS-003,Chennai Nungambakkam,2026-08-14 06:00:00,25.41,1010.11,84.9,normal,none,0,none
AWS-003,Chennai Nungambakkam,2026-08-14 06:10:00,25.57,1010.37,82.8,normal,none,0,none
AWS-003,Chennai Nungambakkam,2026-08-14 06:20:00,25.8,1010.08,84.4,normal,none,0,none
AWS-003,Chennai Nungambakkam,2026-08-14 06:30:00,26.72,1010.08,82.2,normal,none,0,none
AWS-003,Chennai Nungambakkam,2026-08-14 06:40:00,26.06,1010.01,81.5,normal,none,0,none
AWS-003,Chennai Nungambakkam,2026-08-14 06:50:00,26.3,1010.24,84.6,normal,none,0,none
AWS-003,Chennai Nungambakkam,2026-08-14 07:00:00,25.79,1010.22,82.6,normal,none,0,none
AWS-003,Chennai Nungambakkam,2026-08-14 07:10:00,26.78,1010.05,81.9,normal,none,0,none
AWS-003,Chennai Nungambakkam,2026-08-14 07:20:00,26.8,1010.34,83.2,normal,none,0,none
AWS-003,Chennai Nungambakkam,2026-08-14 07:30:00,26.88,1010.34,80.9,normal,none,0,none
AWS-003,Chennai Nungambakkam,2026-08-14 07:40:00,26.96,1009.95,80.0,normal,none,0,none
AWS-003,Chennai Nungambakkam,2026-08-14 07:50:00,27.3,1010.49,81.5,normal,none,0,none
AWS-003,Chennai Nungambakkam,2026-08-14 08:00:00,28.03,1010.42,80.6,normal,none,0,none
AWS-003,Chennai Nungambakkam,2026-08-14 08:10:00,28.4,1011.02,77.9,normal,none,0,none
AWS-003,Chennai Nungambakkam,2026-08-14 08:20:00,28.17,1010.3,80.0,normal,none,0,none
AWS-003,Chennai Nungambakkam,2026-08-14 08:30:00,28.42,1010.52,77.4,normal,none,0,none
AWS-003,Chennai Nungambakkam,2026-08-14 08:40:00,28.24,1010.43,77.6,normal,none,0,none
AWS-003,Chennai Nungambakkam,2026-08-14 08:50:00,28.2,1010.3,76.3,normal,none,0,none
AWS-003,Chennai Nungambakkam,2026-08-14 09:00:00,29.05,1010.52,76.8,normal,none,0,none
AWS-003,Chennai Nungambakkam,2026-08-14 09:10:00,28.47,1009.86,75.6,normal,none,0,none
AWS-003,Chennai Nungambakkam,2026-08-14 09:20:00,29.0,1010.69,75.9,normal,none,0,none
AWS-003,Chennai Nungambakkam,2026-08-14 09:30:00,29.87,1010.03,77.3,normal,none,0,none
AWS-003,Chennai Nungambakkam,2026-08-14 09:40:00,29.95,1010.21,77.7,normal,none,0,none
AWS-003,Chennai Nungambakkam,2026-08-14 09:50:00,29.5,1010.31,77.0,normal,none,0,none
AWS-003,Chennai Nungambakkam,2026-08-14 10:00:00,30.12,1010.06,75.8,normal,none,0,none
AWS-003,Chennai Nungambakkam,2026-08-14 10:10:00,30.98,1010.14,75.5,normal,none,0,none
AWS-003,Chennai Nungambakkam,2026-08-14 10:20:00,30.27,1009.23,74.6,normal,none,0,none
AWS-003,Chennai Nungambakkam,2026-08-14 10:30:00,30.91,1009.96,73.0,normal,none,0,none
AWS-003,Chennai Nungambakkam,2026-08-14 10:40:00,31.14,1010.01,72.5,normal,none,0,none
AWS-003,Chennai Nungambakkam,2026-08-14 10:50:00,30.67,1009.55,73.6,normal,none,0,none
AWS-003,Chennai Nungambakkam,2026-08-14 11:00:00,31.33,1010.02,73.7,normal,none,0,none
AWS-003,Chennai Nungambakkam,2026-08-14 11:10:00,31.67,1009.65,71.1,normal,none,0,none
AWS-003,Chennai Nungambakkam,2026-08-14 11:20:00,31.44,1010.24,73.2,normal,none,0,none
AWS-003,Chennai Nungambakkam,2026-08-14 11:30:00,31.07,1009.43,70.0,normal,none,0,none
AWS-003,Chennai Nungambakkam,2026-08-14 11:40:00,31.22,1009.38,70.8,normal,none,0,none
AWS-003,Chennai Nungambakkam,2026-08-14 11:50:00,31.78,1009.35,71.6,normal,none,0,none
AWS-003,Chennai Nungambakkam,2026-08-14 12:00:00,31.94,1009.34,73.0,normal,none,0,none
AWS-003,Chennai Nungambakkam,2026-08-14 12:10:00,32.38,1009.41,70.8,normal,none,0,none
AWS-003,Chennai Nungambakkam,2026-08-14 12:20:00,32.22,1009.38,73.9,normal,none,0,none
AWS-003,Chennai Nungambakkam,2026-08-14 12:30:00,31.96,1008.61,71.7,normal,none,0,none
AWS-003,Chennai Nungambakkam,2026-08-14 12:40:00,32.9,1009.07,71.8,normal,none,0,none
AWS-003,Chennai Nungambakkam,2026-08-14 12:50:00,32.59,1008.64,70.5,normal,none,0,none
AWS-003,Chennai Nungambakkam,2026-08-14 13:00:00,32.68,1008.66,71.2,normal,none,0,none
AWS-003,Chennai Nungambakkam,2026-08-14 13:10:00,32.54,1008.81,70.0,normal,none,0,none
AWS-003,Chennai Nungambakkam,2026-08-14 13:20:00,32.28,1008.43,70.9,normal,none,0,none
AWS-003,Chennai Nungambakkam,2026-08-14 13:30:00,33.21,1008.62,69.0,normal,none,0,none
AWS-003,Chennai Nungambakkam,2026-08-14 13:40:00,32.94,1008.96,71.6,normal,none,0,none
AWS-003,Chennai Nungambakkam,2026-08-14 13:50:00,32.9,1008.47,70.3,normal,none,0,none
AWS-003,Chennai Nungambakkam,2026-08-14 14:00:00,33.27,1008.88,71.3,normal,none,0,none
AWS-003,Chennai Nungambakkam,2026-08-14 14:10:00,32.73,1007.72,70.3,normal,none,0,none
AWS-003,Chennai Nungambakkam,2026-08-14 14:20:00,33.05,1007.55,71.2,normal,none,0,none
AWS-003,Chennai Nungambakkam,2026-08-14 14:30:00,33.53,1007.74,71.8,normal,none,0,none
AWS-003,Chennai Nungambakkam,2026-08-14 14:40:00,33.55,1007.56,69.5,normal,none,0,none
AWS-003,Chennai Nungambakkam,2026-08-14 14:50:00,32.64,1007.99,68.3,normal,none,0,none
AWS-003,Chennai Nungambakkam,2026-08-14 15:00:00,32.55,1007.68,67.7,normal,none,0,none
AWS-003,Chennai Nungambakkam,2026-08-14 15:10:00,33.11,1007.33,69.5,normal,none,0,none
AWS-003,Chennai Nungambakkam,2026-08-14 15:20:00,33.33,1007.36,69.0,normal,none,0,none
AWS-003,Chennai Nungambakkam,2026-08-14 15:30:00,32.9,1007.03,72.8,normal,none,0,none
AWS-003,Chennai Nungambakkam,2026-08-14 15:40:00,32.94,1007.31,69.8,normal,none,0,none
AWS-003,Chennai Nungambakkam,2026-08-14 15:50:00,32.44,1007.48,71.4,normal,none,0,none
AWS-003,Chennai Nungambakkam,2026-08-14 16:00:00,31.94,1006.63,70.9,normal,none,0,none
AWS-003,Chennai Nungambakkam,2026-08-14 16:10:00,31.61,1007.0,71.0,normal,none,0,none
AWS-003,Chennai Nungambakkam,2026-08-14 16:20:00,32.94,1006.8,71.9,normal,none,0,none
AWS-003,Chennai Nungambakkam,2026-08-14 16:30:00,32.24,1006.34,70.9,normal,none,0,none
AWS-003,Chennai Nungambakkam,2026-08-14 16:40:00,32.83,1006.78,71.2,normal,none,0,none
AWS-003,Chennai Nungambakkam,2026-08-14 16:50:00,32.29,1006.42,71.2,normal,none,0,none
AWS-003,Chennai Nungambakkam,2026-08-14 17:00:00,32.04,1006.42,71.6,normal,none,0,none
AWS-003,Chennai Nungambakkam,2026-08-14 17:10:00,32.11,1005.53,74.0,normal,none,0,none
AWS-003,Chennai Nungambakkam,2026-08-14 17:20:00,31.89,1006.31,72.8,normal,none,0,none
AWS-003,Chennai Nungambakkam,2026-08-14 17:30:00,31.5,1005.97,72.9,normal,none,0,none
AWS-003,Chennai Nungambakkam,2026-08-14 17:40:00,31.37,1006.27,74.4,normal,none,0,none
AWS-003,Chennai Nungambakkam,2026-08-14 17:50:00,31.0,1005.69,70.5,normal,none,0,none
AWS-003,Chennai Nungambakkam,2026-08-14 18:00:00,30.68,1006.04,75.2,normal,none,0,none
AWS-003,Chennai Nungambakkam,2026-08-14 18:10:00,30.46,1006.04,74.3,normal,none,0,none
AWS-003,Chennai Nungambakkam,2026-08-14 18:20:00,31.25,1005.73,76.3,normal,none,0,none
AWS-003,Chennai Nungambakkam,2026-08-14 18:30:00,30.39,1005.91,73.7,normal,none,0,none
AWS-003,Chennai Nungambakkam,2026-08-14 18:40:00,30.76,1005.44,74.7,normal,none,0,none
AWS-003,Chennai Nungambakkam,2026-08-14 18:50:00,30.95,1005.41,75.1,normal,none,0,none
AWS-003,Chennai Nungambakkam,2026-08-14 19:00:00,29.62,1005.41,75.9,normal,none,0,none
AWS-003,Chennai Nungambakkam,2026-08-14 19:10:00,29.72,1004.89,76.7,normal,none,0,none
AWS-003,Chennai Nungambakkam,2026-08-14 19:20:00,30.35,1005.23,75.0,normal,none,0,none
AWS-003,Chennai Nungambakkam,2026-08-14 19:30:00,29.44,1005.29,75.5,normal,none,0,none
AWS-003,Chennai Nungambakkam,2026-08-14 19:40:00,29.31,1005.04,77.5,normal,none,0,none
AWS-003,Chennai Nungambakkam,2026-08-14 19:50:00,28.72,1005.04,79.7,normal,none,0,none
AWS-003,Chennai Nungambakkam,2026-08-14 20:00:00,28.88,1004.89,78.2,normal,none,0,none
AWS-003,Chennai Nungambakkam,2026-08-14 20:10:00,28.64,1004.86,77.7,normal,none,0,none
AWS-003,Chennai Nungambakkam,2026-08-14 20:20:00,28.33,1004.96,80.7,normal,none,0,none
AWS-003,Chennai Nungambakkam,2026-08-14 20:30:00,28.16,1005.11,81.0,normal,none,0,none
AWS-003,Chennai Nungambakkam,2026-08-14 20:40:00,27.65,1005.43,80.1,normal,none,0,none
AWS-003,Chennai Nungambakkam,2026-08-14 20:50:00,27.78,1004.46,77.7,normal,none,0,none
AWS-003,Chennai Nungambakkam,2026-08-14 21:00:00,27.56,1005.36,80.8,normal,none,0,none
AWS-003,Chennai Nungambakkam,2026-08-14 21:10:00,26.91,1004.36,80.1,normal,none,0,none
AWS-003,Chennai Nungambakkam,2026-08-14 21:20:00,26.35,1004.61,80.5,normal,none,0,none
AWS-003,Chennai Nungambakkam,2026-08-14 21:30:00,26.71,1004.52,81.7,normal,none,0,none
AWS-003,Chennai Nungambakkam,2026-08-14 21:40:00,26.86,1004.68,79.6,normal,none,0,none
AWS-003,Chennai Nungambakkam,2026-08-14 21:50:00,26.66,1004.82,79.5,normal,none,0,none
AWS-003,Chennai Nungambakkam,2026-08-14 22:00:00,25.69,1004.23,81.8,normal,none,0,none
AWS-003,Chennai Nungambakkam,2026-08-14 22:10:00,25.39,1004.75,82.1,normal,none,0,none
AWS-003,Chennai Nungambakkam,2026-08-14 22:20:00,25.38,1004.62,80.4,normal,none,0,none
AWS-003,Chennai Nungambakkam,2026-08-14 22:30:00,25.91,1004.96,82.8,normal,none,0,none
AWS-003,Chennai Nungambakkam,2026-08-14 22:40:00,25.71,1004.44,85.5,normal,none,0,none
AWS-003,Chennai Nungambakkam,2026-08-14 22:50:00,25.38,1004.72,83.3,normal,none,0,none
AWS-003,Chennai Nungambakkam,2026-08-14 23:00:00,25.31,1004.66,85.2,normal,none,0,none
AWS-003,Chennai Nungambakkam,2026-08-14 23:10:00,24.88,1005.12,83.0,normal,none,0,none
AWS-003,Chennai Nungambakkam,2026-08-14 23:20:00,23.95,1005.11,85.6,normal,none,0,none
AWS-003,Chennai Nungambakkam,2026-08-14 23:30:00,24.65,1004.59,87.6,normal,none,0,none
AWS-003,Chennai Nungambakkam,2026-08-14 23:40:00,24.31,1004.81,86.1,normal,none,0,none
AWS-003,Chennai Nungambakkam,2026-08-14 23:50:00,24.09,1005.16,85.4,normal,none,0,none
AWS-003,Chennai Nungambakkam,2026-08-15 00:00:00,24.23,1004.78,85.5,normal,none,0,none
AWS-003,Chennai Nungambakkam,2026-08-15 00:10:00,23.94,1005.4,85.4,normal,none,0,none
AWS-003,Chennai Nungambakkam,2026-08-15 00:20:00,23.85,1005.09,86.4,normal,none,0,none
AWS-003,Chennai Nungambakkam,2026-08-15 00:30:00,23.89,1005.6,89.0,normal,none,0,none
AWS-003,Chennai Nungambakkam,2026-08-15 00:40:00,23.62,1005.49,88.7,normal,none,0,none
AWS-003,Chennai Nungambakkam,2026-08-15 00:50:00,23.73,1005.03,86.9,normal,none,0,none
AWS-003,Chennai Nungambakkam,2026-08-15 01:00:00,23.13,1005.21,87.0,normal,none,0,none
AWS-003,Chennai Nungambakkam,2026-08-15 01:10:00,23.88,1005.27,85.6,normal,none,0,none
AWS-003,Chennai Nungambakkam,2026-08-15 01:20:00,23.27,1005.0,88.5,normal,none,0,none
AWS-003,Chennai Nungambakkam,2026-08-15 01:30:00,23.12,1005.36,87.3,normal,none,0,none
AWS-003,Chennai Nungambakkam,2026-08-15 01:40:00,23.01,1005.57,86.8,normal,none,0,none
AWS-003,Chennai Nungambakkam,2026-08-15 01:50:00,23.97,1005.31,87.2,normal,none,0,none
AWS-003,Chennai Nungambakkam,2026-08-15 02:00:00,23.27,1005.64,87.6,normal,none,0,none
AWS-003,Chennai Nungambakkam,2026-08-15 02:10:00,22.54,1005.42,87.4,normal,none,0,none
AWS-003,Chennai Nungambakkam,2026-08-15 02:20:00,23.28,1005.52,86.5,normal,none,0,none
AWS-003,Chennai Nungambakkam,2026-08-15 02:30:00,23.36,1005.71,87.5,normal,none,0,none
AWS-003,Chennai Nungambakkam,2026-08-15 02:40:00,23.13,1005.49,86.8,normal,none,0,none
AWS-003,Chennai Nungambakkam,2026-08-15 02:50:00,23.91,1006.15,85.9,normal,none,0,none
AWS-003,Chennai Nungambakkam,2026-08-15 03:00:00,23.56,1005.92,88.2,normal,none,0,none
AWS-003,Chennai Nungambakkam,2026-08-15 03:10:00,23.22,1005.92,88.7,normal,none,0,none
AWS-003,Chennai Nungambakkam,2026-08-15 03:20:00,23.76,1005.31,87.0,normal,none,0,none
AWS-003,Chennai Nungambakkam,2026-08-15 03:30:00,23.74,1005.61,85.7,normal,none,0,none
AWS-003,Chennai Nungambakkam,2026-08-15 03:40:00,23.1,1006.03,86.2,normal,none,0,none
AWS-003,Chennai Nungambakkam,2026-08-15 03:50:00,23.31,1006.09,88.1,normal,none,0,none
AWS-003,Chennai Nungambakkam,2026-08-15 04:00:00,23.39,1005.94,84.8,normal,none,0,none
AWS-003,Chennai Nungambakkam,2026-08-15 04:10:00,23.91,1006.19,87.7,normal,none,0,none
AWS-003,Chennai Nungambakkam,2026-08-15 04:20:00,23.84,1006.27,86.6,normal,none,0,none
AWS-003,Chennai Nungambakkam,2026-08-15 04:30:00,23.86,1006.77,86.8,normal,none,0,none
AWS-003,Chennai Nungambakkam,2026-08-15 04:40:00,24.18,1006.17,86.6,normal,none,0,none
AWS-003,Chennai Nungambakkam,2026-08-15 04:50:00,23.26,1005.94,84.3,normal,none,0,none
AWS-003,Chennai Nungambakkam,2026-08-15 05:00:00,24.71,1006.41,86.8,normal,none,0,none
AWS-003,Chennai Nungambakkam,2026-08-15 05:10:00,24.88,1006.86,86.3,normal,none,0,none
AWS-003,Chennai Nungambakkam,2026-08-15 05:20:00,24.81,1006.8,83.1,normal,none,0,none
AWS-003,Chennai Nungambakkam,2026-08-15 05:30:00,24.51,1006.3,86.2,normal,none,0,none
AWS-003,Chennai Nungambakkam,2026-08-15 05:40:00,25.72,1007.18,83.3,normal,none,0,none
AWS-003,Chennai Nungambakkam,2026-08-15 05:50:00,25.02,1006.51,85.1,normal,none,0,none
AWS-003,Chennai Nungambakkam,2026-08-15 06:00:00,24.82,1006.76,83.6,normal,none,0,none
AWS-003,Chennai Nungambakkam,2026-08-15 06:10:00,25.59,1006.43,85.5,normal,none,0,none
AWS-003,Chennai Nungambakkam,2026-08-15 06:20:00,25.91,1007.3,83.3,normal,none,0,none
AWS-003,Chennai Nungambakkam,2026-08-15 06:30:00,25.59,1007.39,81.6,normal,none,0,none
AWS-003,Chennai Nungambakkam,2026-08-15 06:40:00,25.62,1006.41,82.6,normal,none,0,none
AWS-003,Chennai Nungambakkam,2026-08-15 06:50:00,26.77,1006.96,82.0,normal,none,0,none
AWS-003,Chennai Nungambakkam,2026-08-15 07:00:00,26.36,1007.08,82.8,normal,none,0,none
AWS-003,Chennai Nungambakkam,2026-08-15 07:10:00,27.27,1006.82,80.4,normal,none,0,none
AWS-003,Chennai Nungambakkam,2026-08-15 07:20:00,27.06,1007.41,83.0,normal,none,0,none
AWS-003,Chennai Nungambakkam,2026-08-15 07:30:00,27.1,1006.49,80.6,normal,none,0,none
AWS-003,Chennai Nungambakkam,2026-08-15 07:40:00,27.72,1006.51,79.0,normal,none,0,none
AWS-003,Chennai Nungambakkam,2026-08-15 07:50:00,28.07,1007.05,82.3,normal,none,0,none
AWS-003,Chennai Nungambakkam,2026-08-15 08:00:00,27.75,1006.97,80.6,normal,none,0,none
AWS-003,Chennai Nungambakkam,2026-08-15 08:10:00,28.58,1006.59,79.4,normal,none,0,none
AWS-003,Chennai Nungambakkam,2026-08-15 08:20:00,28.66,1007.15,77.7,normal,none,0,none
AWS-003,Chennai Nungambakkam,2026-08-15 08:30:00,29.72,1007.03,78.2,normal,none,0,none
AWS-003,Chennai Nungambakkam,2026-08-15 08:40:00,29.13,1007.31,77.9,normal,none,0,none
AWS-003,Chennai Nungambakkam,2026-08-15 08:50:00,28.61,1007.02,78.5,normal,none,0,none
AWS-003,Chennai Nungambakkam,2026-08-15 09:00:00,29.38,1007.03,78.1,normal,none,0,none
AWS-003,Chennai Nungambakkam,2026-08-15 09:10:00,29.63,1007.32,74.1,normal,none,0,none
AWS-003,Chennai Nungambakkam,2026-08-15 09:20:00,30.13,1007.03,75.8,normal,none,0,none
AWS-003,Chennai Nungambakkam,2026-08-15 09:30:00,30.03,1007.23,73.5,normal,none,0,none
AWS-003,Chennai Nungambakkam,2026-08-15 09:40:00,30.36,1006.9,75.6,normal,none,0,none
AWS-003,Chennai Nungambakkam,2026-08-15 09:50:00,30.57,1006.71,76.7,normal,none,0,none
AWS-003,Chennai Nungambakkam,2026-08-15 10:00:00,31.16,1006.95,77.3,normal,none,0,none
AWS-003,Chennai Nungambakkam,2026-08-15 10:10:00,30.53,1007.02,76.0,normal,none,0,none
AWS-003,Chennai Nungambakkam,2026-08-15 10:20:00,30.79,1006.96,74.1,normal,none,0,none
AWS-003,Chennai Nungambakkam,2026-08-15 10:30:00,31.37,1007.06,74.7,normal,none,0,none
AWS-003,Chennai Nungambakkam,2026-08-15 10:40:00,31.06,1006.83,73.5,normal,none,0,none
AWS-003,Chennai Nungambakkam,2026-08-15 10:50:00,32.11,1006.68,70.8,normal,none,0,none
AWS-003,Chennai Nungambakkam,2026-08-15 11:00:00,31.79,1006.79,72.2,normal,none,0,none
AWS-003,Chennai Nungambakkam,2026-08-15 11:10:00,32.17,1006.66,72.3,normal,none,0,none
AWS-003,Chennai Nungambakkam,2026-08-15 11:20:00,32.78,1005.94,70.8,normal,none,0,none
AWS-003,Chennai Nungambakkam,2026-08-15 11:30:00,31.55,1006.05,71.5,normal,none,0,none
AWS-003,Chennai Nungambakkam,2026-08-15 11:40:00,32.19,1006.05,72.1,normal,none,0,none
AWS-003,Chennai Nungambakkam,2026-08-15 11:50:00,33.08,1006.28,72.6,normal,none,0,none
AWS-003,Chennai Nungambakkam,2026-08-15 12:00:00,32.8,1006.19,69.3,normal,none,0,none
AWS-003,Chennai Nungambakkam,2026-08-15 12:10:00,32.98,1005.9,70.7,normal,none,0,none
AWS-003,Chennai Nungambakkam,2026-08-15 12:20:00,33.17,1005.84,68.7,normal,none,0,none
AWS-003,Chennai Nungambakkam,2026-08-15 12:30:00,33.66,1005.82,69.1,normal,none,0,none
AWS-003,Chennai Nungambakkam,2026-08-15 12:40:00,32.98,1006.0,69.3,normal,none,0,none
AWS-003,Chennai Nungambakkam,2026-08-15 12:50:00,32.91,1005.49,67.3,normal,none,0,none
AWS-003,Chennai Nungambakkam,2026-08-15 13:00:00,33.27,1006.15,69.5,normal,none,0,none
AWS-003,Chennai Nungambakkam,2026-08-15 13:10:00,34.38,1005.63,69.1,normal,none,0,none
AWS-003,Chennai Nungambakkam,2026-08-15 13:20:00,34.18,1005.83,66.8,normal,none,0,none
AWS-003,Chennai Nungambakkam,2026-08-15 13:30:00,33.64,1005.4,70.1,normal,none,0,none
AWS-003,Chennai Nungambakkam,2026-08-15 13:40:00,34.0,1005.39,68.7,normal,none,0,none
AWS-003,Chennai Nungambakkam,2026-08-15 13:50:00,33.78,1005.33,68.7,normal,none,0,none
AWS-003,Chennai Nungambakkam,2026-08-15 14:00:00,33.62,1005.27,69.6,normal,none,0,none
AWS-003,Chennai Nungambakkam,2026-08-15 14:10:00,33.9,1005.0,67.3,normal,none,0,none
AWS-003,Chennai Nungambakkam,2026-08-15 14:20:00,33.96,1005.37,67.6,normal,none,0,none
AWS-003,Chennai Nungambakkam,2026-08-15 14:30:00,34.45,1005.33,68.3,normal,none,0,none
AWS-003,Chennai Nungambakkam,2026-08-15 14:40:00,33.73,1004.9,67.8,normal,none,0,none
AWS-003,Chennai Nungambakkam,2026-08-15 14:50:00,33.92,1005.02,67.1,normal,none,0,none
AWS-003,Chennai Nungambakkam,2026-08-15 15:00:00,33.76,1004.9,68.0,normal,none,0,none
AWS-003,Chennai Nungambakkam,2026-08-15 15:10:00,34.45,1004.87,69.5,normal,none,0,none
AWS-003,Chennai Nungambakkam,2026-08-15 15:20:00,33.8,1004.84,68.4,normal,none,0,none
AWS-003,Chennai Nungambakkam,2026-08-15 15:30:00,33.82,1004.25,67.9,normal,none,0,none
AWS-003,Chennai Nungambakkam,2026-08-15 15:40:00,33.94,1004.51,68.2,normal,none,0,none
AWS-003,Chennai Nungambakkam,2026-08-15 15:50:00,34.1,1004.52,70.9,normal,none,0,none
AWS-003,Chennai Nungambakkam,2026-08-15 16:00:00,34.14,1004.04,66.1,normal,none,0,none
AWS-003,Chennai Nungambakkam,2026-08-15 16:10:00,33.63,1004.44,67.9,normal,none,0,none
AWS-003,Chennai Nungambakkam,2026-08-15 16:20:00,33.85,1004.2,66.9,normal,none,0,none
AWS-003,Chennai Nungambakkam,2026-08-15 16:30:00,33.52,1004.22,70.5,normal,none,0,none
AWS-003,Chennai Nungambakkam,2026-08-15 16:40:00,33.96,1004.22,70.9,normal,none,0,none
AWS-003,Chennai Nungambakkam,2026-08-15 16:50:00,33.37,1003.83,70.6,normal,none,0,none
AWS-003,Chennai Nungambakkam,2026-08-15 17:00:00,33.79,1003.74,69.9,normal,none,0,none
AWS-003,Chennai Nungambakkam,2026-08-15 17:10:00,32.81,1003.39,70.4,normal,none,0,none
AWS-003,Chennai Nungambakkam,2026-08-15 17:20:00,32.31,1003.6,70.3,normal,none,0,none
AWS-003,Chennai Nungambakkam,2026-08-15 17:30:00,32.9,1003.52,68.8,normal,none,0,none
AWS-003,Chennai Nungambakkam,2026-08-15 17:40:00,32.65,1003.05,69.6,normal,none,0,none
AWS-003,Chennai Nungambakkam,2026-08-15 17:50:00,32.29,1003.55,68.9,normal,none,0,none
AWS-003,Chennai Nungambakkam,2026-08-15 18:00:00,32.88,1003.5,69.7,normal,none,0,none
AWS-003,Chennai Nungambakkam,2026-08-15 18:10:00,32.4,1003.21,71.7,normal,none,0,none
AWS-003,Chennai Nungambakkam,2026-08-15 18:20:00,32.69,1003.38,70.6,normal,none,0,none
AWS-003,Chennai Nungambakkam,2026-08-15 18:30:00,31.96,1003.05,71.7,normal,none,0,none
AWS-003,Chennai Nungambakkam,2026-08-15 18:40:00,32.23,1002.96,73.2,normal,none,0,none
AWS-003,Chennai Nungambakkam,2026-08-15 18:50:00,30.92,1003.42,72.3,normal,none,0,none
AWS-003,Chennai Nungambakkam,2026-08-15 19:00:00,31.46,1002.94,71.7,normal,none,0,none
AWS-003,Chennai Nungambakkam,2026-08-15 19:10:00,31.24,1003.14,73.0,normal,none,0,none
AWS-003,Chennai Nungambakkam,2026-08-15 19:20:00,31.64,1002.91,75.5,normal,none,0,none
AWS-003,Chennai Nungambakkam,2026-08-15 19:30:00,30.05,1002.94,74.3,normal,none,0,none
AWS-003,Chennai Nungambakkam,2026-08-15 19:40:00,30.39,1003.06,73.3,normal,none,0,none
AWS-003,Chennai Nungambakkam,2026-08-15 19:50:00,30.62,1002.63,76.4,normal,none,0,none
AWS-003,Chennai Nungambakkam,2026-08-15 20:00:00,30.4,1002.83,75.2,normal,none,0,none
AWS-003,Chennai Nungambakkam,2026-08-15 20:10:00,29.88,1002.73,74.9,normal,none,0,none
AWS-003,Chennai Nungambakkam,2026-08-15 20:20:00,30.02,1002.55,75.6,normal,none,0,none
AWS-003,Chennai Nungambakkam,2026-08-15 20:30:00,29.36,1002.34,77.6,normal,none,0,none
AWS-003,Chennai Nungambakkam,2026-08-15 20:40:00,28.88,1002.85,78.6,normal,none,0,none
AWS-003,Chennai Nungambakkam,2026-08-15 20:50:00,28.76,1002.61,78.2,normal,none,0,none
AWS-003,Chennai Nungambakkam,2026-08-15 21:00:00,29.38,1002.64,76.8,normal,none,0,none
AWS-003,Chennai Nungambakkam,2026-08-15 21:10:00,28.84,1002.83,79.5,normal,none,0,none
AWS-003,Chennai Nungambakkam,2026-08-15 21:20:00,28.3,1002.45,78.7,normal,none,0,none
AWS-003,Chennai Nungambakkam,2026-08-15 21:30:00,28.27,1002.55,77.6,normal,none,0,none
AWS-003,Chennai Nungambakkam,2026-08-15 21:40:00,28.45,1002.8,78.7,normal,none,0,none
AWS-003,Chennai Nungambakkam,2026-08-15 21:50:00,28.3,1002.91,77.4,normal,none,0,none
AWS-003,Chennai Nungambakkam,2026-08-15 22:00:00,27.61,1003.29,77.3,normal,none,0,none
AWS-003,Chennai Nungambakkam,2026-08-15 22:10:00,27.12,1002.6,79.5,normal,none,0,none
AWS-003,Chennai Nungambakkam,2026-08-15 22:20:00,27.5,1003.4,79.5,normal,none,0,none
AWS-003,Chennai Nungambakkam,2026-08-15 22:30:00,27.92,1003.02,80.0,normal,none,0,none
AWS-003,Chennai Nungambakkam,2026-08-15 22:40:00,27.5,1002.4,81.3,normal,none,0,none
AWS-003,Chennai Nungambakkam,2026-08-15 22:50:00,26.62,1003.02,82.1,normal,none,0,none
AWS-003,Chennai Nungambakkam,2026-08-15 23:00:00,27.03,1002.83,79.5,normal,none,0,none
AWS-003,Chennai Nungambakkam,2026-08-15 23:10:00,26.83,1003.28,84.2,normal,none,0,none
AWS-003,Chennai Nungambakkam,2026-08-15 23:20:00,26.73,1002.74,83.0,normal,none,0,none
AWS-003,Chennai Nungambakkam,2026-08-15 23:30:00,26.74,1003.46,82.9,normal,none,0,none
AWS-003,Chennai Nungambakkam,2026-08-15 23:40:00,26.01,1002.92,82.8,normal,none,0,none
AWS-003,Chennai Nungambakkam,2026-08-15 23:50:00,26.62,1003.07,84.2,normal,none,0,none
