station_id,station_name,timestamp,temperature,pressure,humidity,label,fault_type,ground_truth_is_anomaly,ground_truth_sensor
AWS-005,Bengaluru HAL,2026-08-01 00:00:00,17.35,917.0,69.9,normal,none,0,none
AWS-005,Bengaluru HAL,2026-08-01 00:10:00,17.06,917.58,73.4,normal,none,0,none
AWS-005,Bengaluru HAL,2026-08-01 00:20:00,17.29,917.18,71.6,normal,none,0,none
AWS-005,Bengaluru HAL,2026-08-01 00:30:00,16.77,917.52,70.4,normal,none,0,none
AWS-005,Bengaluru HAL,2026-08-01 00:40:00,17.26,917.38,73.8,normal,none,0,none
AWS-005,Bengaluru HAL,2026-08-01 00:50:00,16.05,917.55,71.8,normal,none,0,none
AWS-005,Bengaluru HAL,2026-08-01 01:00:00,16.22,917.84,74.4,normal,none,0,none
AWS-005,Bengaluru HAL,2026-08-01 01:10:00,16.0,917.51,74.3,normal,none,0,none
AWS-005,Bengaluru HAL,2026-08-01 01:20:00,16.31,917.51,73.3,normal,none,0,none
AWS-005,Bengaluru HAL,2026-08-01 01:30:00,16.44,917.42,74.3,normal,none,0,none
AWS-005,Bengaluru HAL,2026-08-01 01:40:00,15.76,918.21,71.9,normal,none,0,none
AWS-005,Bengaluru HAL,2026-08-01 01:50:00,16.32,918.11,75.0,normal,none,0,none
AWS-005,Bengaluru HAL,2026-08-01 02:00:00,15.67,918.01,72.3,normal,none,0,none
AWS-005,Bengaluru HAL,2026-08-01 02:10:00,15.38,917.76,74.0,normal,none,0,none
AWS-005,Bengaluru HAL,2026-08-01 02:20:00,15.84,918.49,75.1,normal,none,0,none
AWS-005,Bengaluru HAL,2026-08-01 02:30:00,15.76,917.99,74.3,normal,none,0,none
AWS-005,Bengaluru HAL,2026-08-01 02:40:00,14.85,918.5,73.7,normal,none,0,none
AWS-005,Bengaluru HAL,2026-08-01 02:50:00,15.2,918.74,73.5,normal,none,0,none
AWS-005,Bengaluru HAL,2026-08-01 03:00:00,15.36,918.68,73.7,normal,none,0,none
AWS-005,Bengaluru HAL,2026-08-01 03:10:00,15.73,918.88,73.8,normal,none,0,none
AWS-005,Bengaluru HAL,2026-08-01 03:20:00,16.18,918.59,72.8,normal,none,0,none
AWS-005,Bengaluru HAL,2026-08-01 03:30:00,16.65,918.6,74.0,normal,none,0,none
AWS-005,Bengaluru HAL,2026-08-01 03:40:00,16.13,918.85,73.6,normal,none,0,none
AWS-005,Bengaluru HAL,2026-08-01 03:50:00,16.71,919.08,72.6,normal,none,0,none
AWS-005,Bengaluru HAL,2026-08-01 04:00:00,16.36,919.06,73.6,normal,none,0,none
AWS-005,Bengaluru HAL,2026-08-01 04:10:00,16.43,919.03,73.0,normal,none,0,none
AWS-005,Bengaluru HAL,2026-08-01 04:20:00,17.69,919.18,71.6,normal,none,0,none
AWS-005,Bengaluru HAL,2026-08-01 04:30:00,17.08,919.26,70.7,normal,none,0,none
AWS-005,Bengaluru HAL,2026-08-01 04:40:00,17.18,919.62,70.8,normal,none,0,none
AWS-005,Bengaluru HAL,2026-08-01 04:50:00,17.19,919.63,71.3,normal,none,0,none
AWS-005,Bengaluru HAL,2026-08-01 05:00:00,17.8,919.22,68.6,normal,none,0,none
AWS-005,Bengaluru HAL,2026-08-01 05:10:00,17.56,919.53,68.4,normal,none,0,none
AWS-005,Bengaluru HAL,2026-08-01 05:20:00,17.77,919.48,69.1,normal,none,0,none
AWS-005,Bengaluru HAL,2026-08-01 05:30:00,18.99,919.68,68.9,normal,none,0,none
AWS-005,Bengaluru HAL,2026-08-01 05:40:00,19.15,919.82,67.7,normal,none,0,none
AWS-005,Bengaluru HAL,2026-08-01 05:50:00,19.52,919.65,68.4,normal,none,0,none
AWS-005,Bengaluru HAL,2026-08-01 06:00:00,19.6,919.79,68.3,normal,none,0,none
AWS-005,Bengaluru HAL,2026-08-01 06:10:00,20.57,919.37,63.7,normal,none,0,none
AWS-005,Bengaluru HAL,2026-08-01 06:20:00,20.63,919.67,65.4,normal,none,0,none
AWS-005,Bengaluru HAL,2026-08-01 06:30:00,20.43,919.45,63.2,normal,none,0,none
AWS-005,Bengaluru HAL,2026-08-01 06:40:00,20.92,919.8,67.4,normal,none,0,none
AWS-005,Bengaluru HAL,2026-08-01 06:50:00,21.02,920.01,62.6,normal,none,0,none
AWS-005,Bengaluru HAL,2026-08-01 07:00:00,21.77,920.24,62.4,normal,none,0,none
AWS-005,Bengaluru HAL,2026-08-01 07:10:00,22.52,919.98,63.0,normal,none,0,none
AWS-005,Bengaluru HAL,2026-08-01 07:20:00,23.0,919.96,63.1,normal,none,0,none
AWS-005,Bengaluru HAL,2026-08-01 07:30:00,23.14,920.13,62.7,normal,none,0,none
AWS-005,Bengaluru HAL,2026-08-01 07:40:00,23.67,919.65,57.8,normal,none,0,none
AWS-005,Bengaluru HAL,2026-08-01 07:50:00,24.58,920.09,58.8,normal,none,0,none
AWS-005,Bengaluru HAL,2026-08-01 08:00:00,24.46,919.81,60.0,normal,none,0,none
AWS-005,Bengaluru HAL,2026-08-01 08:10:00,24.55,920.01,58.8,normal,none,0,none
AWS-005,Bengaluru HAL,2026-08-01 08:20:00,25.02,920.38,58.6,normal,none,0,none
AWS-005,Bengaluru HAL,2026-08-01 08:30:00,25.3,920.18,55.6,normal,none,0,none
AWS-005,Bengaluru HAL,2026-08-01 08:40:00,26.27,920.43,55.5,normal,none,0,none
AWS-005,Bengaluru HAL,2026-08-01 08:50:00,26.36,920.11,54.3,normal,none,0,none
AWS-005,Bengaluru HAL,2026-08-01 09:00:00,26.81,920.18,54.2,normal,none,0,none
AWS-005,Bengaluru HAL,2026-08-01 09:10:00,27.31,919.96,54.4,normal,none,0,none
AWS-005,Bengaluru HAL,2026-08-01 09:20:00,27.2,920.17,54.2,normal,none,0,none
AWS-005,Bengaluru HAL,2026-08-01 09:30:00,27.35,920.28,51.6,normal,none,0,none
AWS-005,Bengaluru HAL,2026-08-01 09:40:00,28.07,919.96,53.9,normal,none,0,none
AWS-005,Bengaluru HAL,2026-08-01 09:50:00,27.87,920.05,50.1,normal,none,0,none
AWS-005,Bengaluru HAL,2026-08-01 10:00:00,28.42,919.94,50.2,normal,none,0,none
AWS-005,Bengaluru HAL,2026-08-01 10:10:00,29.38,919.82,48.3,normal,none,0,none
AWS-005,Bengaluru HAL,2026-08-01 10:20:00,29.38,919.63,49.3,normal,none,0,none
AWS-005,Bengaluru HAL,2026-08-01 10:30:00,29.65,919.0,49.1,normal,none,0,none
AWS-005,Bengaluru HAL,2026-08-01 10:40:00,30.99,920.05,49.2,normal,none,0,none
AWS-005,Bengaluru HAL,2026-08-01 10:50:00,29.89,919.73,44.3,normal,none,0,none
AWS-005,Bengaluru HAL,2026-08-01 11:00:00,31.13,919.8,48.0,normal,none,0,none
AWS-005,Bengaluru HAL,2026-08-01 11:10:00,31.67,919.6,46.0,normal,none,0,none
AWS-005,Bengaluru HAL,2026-08-01 11:20:00,32.1,919.75,45.0,normal,none,0,none
AWS-005,Bengaluru HAL,2026-08-01 11:30:00,32.65,919.65,43.4,normal,none,0,none
AWS-005,Bengaluru HAL,2026-08-01 11:40:00,31.55,919.21,43.3,normal,none,0,none
AWS-005,Bengaluru HAL,2026-08-01 11:50:00,32.96,919.79,45.1,normal,none,0,none
AWS-005,Bengaluru HAL,2026-08-01 12:00:00,32.68,919.43,43.8,normal,none,0,none
AWS-005,Bengaluru HAL,2026-08-01 12:10:00,33.37,919.26,42.1,normal,none,0,none
AWS-005,Bengaluru HAL,2026-08-01 12:20:00,33.34,919.24,42.3,normal,none,0,none
AWS-005,Bengaluru HAL,2026-08-01 12:30:00,33.43,919.44,40.9,normal,none,0,none
AWS-005,Bengaluru HAL,2026-08-01 12:40:00,33.28,918.9,40.9,normal,none,0,none
AWS-005,Bengaluru HAL,2026-08-01 12:50:00,33.58,919.08,40.2,normal,none,0,none
AWS-005,Bengaluru HAL,2026-08-01 13:00:00,33.75,919.1,42.0,normal,none,0,none
AWS-005,Bengaluru HAL,2026-08-01 13:10:00,33.89,918.75,38.8,normal,none,0,none
AWS-005,Bengaluru HAL,2026-08-01 13:20:00,34.03,918.59,41.1,normal,none,0,none
AWS-005,Bengaluru HAL,2026-08-01 13:30:00,34.4,918.36,41.1,normal,none,0,none
AWS-005,Bengaluru HAL,2026-08-01 13:40:00,34.74,918.45,39.2,normal,none,0,none
AWS-005,Bengaluru HAL,2026-08-01 13:50:00,34.48,918.5,38.9,normal,none,0,none
AWS-005,Bengaluru HAL,2026-08-01 14:00:00,34.34,918.3,39.4,normal,none,0,none
AWS-005,Bengaluru HAL,2026-08-01 14:10:00,35.32,918.41,41.6,normal,none,0,none
AWS-005,Bengaluru HAL,2026-08-01 14:20:00,34.82,918.34,38.7,normal,none,0,none
AWS-005,Bengaluru HAL,2026-08-01 14:30:00,34.84,918.02,41.6,normal,none,0,none
AWS-005,Bengaluru HAL,2026-08-01 14:40:00,34.36,917.88,40.6,normal,none,0,none
AWS-005,Bengaluru HAL,2026-08-01 14:50:00,35.1,918.14,38.8,normal,none,0,none
AWS-005,Bengaluru HAL,2026-08-01 15:00:00,34.33,917.58,41.2,normal,none,0,none
AWS-005,Bengaluru HAL,2026-08-01 15:10:00,34.84,917.4,39.2,normal,none,0,none
AWS-005,Bengaluru HAL,2026-08-01 15:20:00,35.33,917.87,39.7,normal,none,0,none
AWS-005,Bengaluru HAL,2026-08-01 15:30:00,34.38,917.69,39.6,normal,none,0,none
AWS-005,Bengaluru HAL,2026-08-01 15:40:00,34.09,917.62,38.9,normal,none,0,none
AWS-005,Bengaluru HAL,2026-08-01 15:50:00,33.73,917.36,40.5,normal,none,0,none
AWS-005,Bengaluru HAL,2026-08-01 16:00:00,34.83,917.42,39.2,normal,none,0,none
AWS-005,Bengaluru HAL,2026-08-01 16:10:00,33.64,917.06,40.8,normal,none,0,none
AWS-005,Bengaluru HAL,2026-08-01 16:20:00,33.75,917.48,44.9,normal,none,0,none
AWS-005,Bengaluru HAL,2026-08-01 16:30:00,33.46,917.26,39.3,normal,none,0,none
AWS-005,Bengaluru HAL,2026-08-01 16:40:00,34.18,916.57,41.3,normal,none,0,none
AWS-005,Bengaluru HAL,2026-08-01 16:50:00,33.44,916.51,40.5,normal,none,0,none
AWS-005,Bengaluru HAL,2026-08-01 17:00:00,32.78,916.76,41.5,normal,none,0,none
AWS-005,Bengaluru HAL,2026-08-01 17:10:00,32.95,916.89,42.1,normal,none,0,none
AWS-005,Bengaluru HAL,2026-08-01 17:20:00,32.77,916.58,42.3,normal,none,0,none
AWS-005,Bengaluru HAL,2026-08-01 17:30:00,32.13,916.49,46.9,normal,none,0,none
AWS-005,Bengaluru HAL,2026-08-01 17:40:00,31.43,916.17,45.0,normal,none,0,none
AWS-005,Bengaluru HAL,2026-08-01 17:50:00,31.86,916.64,44.6,normal,none,0,none
AWS-005,Bengaluru HAL,2026-08-01 18:00:00,31.74,916.51,45.3,normal,none,0,none
AWS-005,Bengaluru HAL,2026-08-01 18:10:00,31.13,916.22,46.8,normal,none,0,none
AWS-005,Bengaluru HAL,2026-08-01 18:20:00,31.14,916.13,45.6,normal,none,0,none
AWS-005,Bengaluru HAL,2026-08-01 18:30:00,30.85,916.11,46.0,normal,none,0,none
AWS-005,Bengaluru HAL,2026-08-01 18:40:00,30.42,916.29,48.8,normal,none,0,none
AWS-005,Bengaluru HAL,2026-08-01 18:50:00,30.49,916.05,48.2,normal,none,0,none
AWS-005,Bengaluru HAL,2026-08-01 19:00:00,29.77,915.32,46.4,normal,none,0,none
AWS-005,Bengaluru HAL,2026-08-01 19:10:00,29.19,915.7,51.1,normal,none,0,none
AWS-005,Bengaluru HAL,2026-08-01 19:20:00,28.48,915.48,50.2,normal,none,0,none
AWS-005,Bengaluru HAL,2026-08-01 19:30:00,28.03,915.48,50.0,normal,none,0,none
AWS-005,Bengaluru HAL,2026-08-01 19:40:00,27.99,916.04,52.7,normal,none,0,none
AWS-005,Bengaluru HAL,2026-08-01 19:50:00,28.26,915.41,53.6,normal,none,0,none
AWS-005,Bengaluru HAL,2026-08-01 20:00:00,27.47,915.26,54.2,normal,none,0,none
AWS-005,Bengaluru HAL,2026-08-01 20:10:00,26.98,915.56,52.2,normal,none,0,none
AWS-005,Bengaluru HAL,2026-08-01 20:20:00,26.65,915.96,51.8,normal,none,0,none
AWS-005,Bengaluru HAL,2026-08-01 20:30:00,26.05,915.18,55.1,normal,none,0,none
AWS-005,Bengaluru HAL,2026-08-01 20:40:00,25.53,915.77,55.2,normal,none,0,none
AWS-005,Bengaluru HAL,2026-08-01 20:50:00,25.1,915.26,55.1,normal,none,0,none
AWS-005,Bengaluru HAL,2026-08-01 21:00:00,25.09,914.96,55.7,normal,none,0,none
AWS-005,Bengaluru HAL,2026-08-01 21:10:00,24.89,914.95,59.7,normal,none,0,none
AWS-005,Bengaluru HAL,2026-08-01 21:20:00,23.91,915.31,58.5,normal,none,0,none
AWS-005,Bengaluru HAL,2026-08-01 21:30:00,24.09,915.62,60.1,normal,none,0,none
AWS-005,Bengaluru HAL,2026-08-01 21:40:00,23.26,914.98,60.1,normal,none,0,none
AWS-005,Bengaluru HAL,2026-08-01 21:50:00,23.58,915.17,60.9,normal,none,0,none
AWS-005,Bengaluru HAL,2026-08-01 22:00:00,22.48,915.05,62.5,normal,none,0,none
AWS-005,Bengaluru HAL,2026-08-01 22:10:00,22.7,915.2,62.3,normal,none,0,none
AWS-005,Bengaluru HAL,2026-08-01 22:20:00,22.39,915.81,61.7,normal,none,0,none
AWS-005,Bengaluru HAL,2026-08-01 22:30:00,22.06,915.5,63.9,normal,none,0,none
AWS-005,Bengaluru HAL,2026-08-01 22:40:00,21.62,915.32,63.8,normal,none,0,none
AWS-005,Bengaluru HAL,2026-08-01 22:50:00,21.26,914.82,63.7,normal,none,0,none
AWS-005,Bengaluru HAL,2026-08-01 23:00:00,21.57,915.31,65.0,normal,none,0,none
AWS-005,Bengaluru HAL,2026-08-01 23:10:00,20.83,915.32,65.8,normal,none,0,none
AWS-005,Bengaluru HAL,2026-08-01 23:20:00,20.32,915.64,64.6,normal,none,0,none
AWS-005,Bengaluru HAL,2026-08-01 23:30:00,19.6,914.59,66.9,normal,none,0,none
AWS-005,Bengaluru HAL,2026-08-01 23:40:00,19.63,915.82,66.7,normal,none,0,none
AWS-005,Bengaluru HAL,2026-08-01 23:50:00,19.68,915.24,66.9,normal,none,0,none
AWS-005,Bengaluru HAL,2026-08-02 00:00:00,19.07,915.79,67.5,normal,none,0,none
AWS-005,Bengaluru HAL,2026-08-02 00:10:00,19.46,915.51,67.1,normal,none,0,none
AWS-005,Bengaluru HAL,2026-08-02 00:20:00,19.08,915.43,67.5,normal,none,0,none
AWS-005,Bengaluru HAL,2026-08-02 00:30:00,18.99,915.57,69.6,normal,none,0,none
AWS-005,Bengaluru HAL,2026-08-02 00:40:00,18.65,915.84,70.4,normal,none,0,none
AWS-005,Bengaluru HAL,2026-08-02 00:50:00,17.67,915.44,69.9,normal,none,0,none
AWS-005,Bengaluru HAL,2026-08-02 01:00:00,18.67,915.84,69.4,normal,none,0,none
AWS-005,Bengaluru HAL,2026-08-02 01:10:00,17.75,915.53,68.8,normal,none,0,none
AWS-005,Bengaluru HAL,2026-08-02 01:20:00,17.66,916.01,69.6,normal,none,0,none
AWS-005,Bengaluru HAL,2026-08-02 01:30:00,17.8,915.98,70.6,normal,none,0,none
AWS-005,Bengaluru HAL,2026-08-02 01:40:00,17.77,915.77,69.3,normal,none,0,none
AWS-005,Bengaluru HAL,2026-08-02 01:50:00,17.49,915.8,73.2,normal,none,0,none
AWS-005,Bengaluru HAL,2026-08-02 02:00:00,17.74,916.4,73.0,normal,none,0,none
AWS-005,Bengaluru HAL,2026-08-02 02:10:00,17.43,916.05,70.1,normal,none,0,none
AWS-005,Bengaluru HAL,2026-08-02 02:20:00,17.5,916.18,72.6,normal,none,0,none
AWS-005,Bengaluru HAL,2026-08-02 02:30:00,18.19,916.19,70.5,normal,none,0,none
AWS-005,Bengaluru HAL,2026-08-02 02:40:00,17.36,916.45,69.5,normal,none,0,none
AWS-005,Bengaluru HAL,2026-08-02 02:50:00,17.45,916.36,70.3,normal,none,0,none
AWS-005,Bengaluru HAL,2026-08-02 03:00:00,17.33,916.28,71.5,normal,none,0,none
AWS-005,Bengaluru HAL,2026-08-02 03:10:00,17.77,916.53,70.3,normal,none,0,none
AWS-005,Bengaluru HAL,2026-08-02 03:20:00,17.71,916.06,70.9,normal,none,0,none
AWS-005,Bengaluru HAL,2026-08-02 03:30:00,18.06,916.61,71.1,normal,none,0,none
AWS-005,Bengaluru HAL,2026-08-02 03:40:00,17.74,915.95,71.2,normal,none,0,none
AWS-005,Bengaluru HAL,2026-08-02 03:50:00,18.17,916.53,69.1,normal,none,0,none
AWS-005,Bengaluru HAL,2026-08-02 04:00:00,17.94,916.81,70.2,normal,none,0,none
AWS-005,Bengaluru HAL,2026-08-02 04:10:00,17.54,917.38,69.2,normal,none,0,none
AWS-005,Bengaluru HAL,2026-08-02 04:20:00,18.9,917.02,69.8,normal,none,0,none
AWS-005,Bengaluru HAL,2026-08-02 04:30:00,18.53,916.67,70.0,normal,none,0,none
AWS-005,Bengaluru HAL,2026-08-02 04:40:00,19.01,916.29,70.2,normal,none,0,none
AWS-005,Bengaluru HAL,2026-08-02 04:50:00,18.46,917.12,67.6,normal,none,0,none
AWS-005,Bengaluru HAL,2026-08-02 05:00:00,19.15,917.06,67.5,normal,none,0,none
AWS-005,Bengaluru HAL,2026-08-02 05:10:00,19.56,917.2,67.0,normal,none,0,none
AWS-005,Bengaluru HAL,2026-08-02 05:20:00,19.67,917.31,68.9,normal,none,0,none
AWS-005,Bengaluru HAL,2026-08-02 05:30:00,20.1,916.69,67.0,normal,none,0,none
AWS-005,Bengaluru HAL,2026-08-02 05:40:00,20.39,917.19,66.3,normal,none,0,none
AWS-005,Bengaluru HAL,2026-08-02 05:50:00,20.83,917.53,65.5,normal,none,0,none
AWS-005,Bengaluru HAL,2026-08-02 06:00:00,20.97,917.01,65.8,normal,none,0,none
AWS-005,Bengaluru HAL,2026-08-02 06:10:00,21.63,917.04,65.3,normal,none,0,none
AWS-005,Bengaluru HAL,2026-08-02 06:20:00,21.44,917.13,64.8,normal,none,0,none
AWS-005,Bengaluru HAL,2026-08-02 06:30:00,21.76,917.32,64.5,normal,none,0,none
AWS-005,Bengaluru HAL,2026-08-02 06:40:00,22.51,917.48,65.0,normal,none,0,none
AWS-005,Bengaluru HAL,2026-08-02 06:50:00,22.9,917.07,63.7,normal,none,0,none
AWS-005,Bengaluru HAL,2026-08-02 07:00:00,23.84,917.42,61.1,normal,none,0,none
AWS-005,Bengaluru HAL,2026-08-02 07:10:00,23.15,917.65,60.6,normal,none,0,none
AWS-005,Bengaluru HAL,2026-08-02 07:20:00,23.57,917.23,62.0,normal,none,0,none
AWS-005,Bengaluru HAL,2026-08-02 07:30:00,24.3,917.73,60.1,normal,none,0,none
AWS-005,Bengaluru HAL,2026-08-02 07:40:00,24.43,917.4,57.6,normal,none,0,none
AWS-005,Bengaluru HAL,2026-08-02 07:50:00,24.51,917.17,56.3,normal,none,0,none
AWS-005,Bengaluru HAL,2026-08-02 08:00:00,24.92,917.36,56.7,normal,none,0,none
AWS-005,Bengaluru HAL,2026-08-02 08:10:00,26.0,917.23,56.0,normal,none,0,none
AWS-005,Bengaluru HAL,2026-08-02 08:20:00,27.01,917.44,55.6,normal,none,0,none
AWS-005,Bengaluru HAL,2026-08-02 08:30:00,26.3,917.1,58.2,normal,none,0,none
AWS-005,Bengaluru HAL,2026-08-02 08:40:00,26.63,917.39,55.6,normal,none,0,none
AWS-005,Bengaluru HAL,2026-08-02 08:50:00,27.3,917.39,56.9,normal,none,0,none
AWS-005,Bengaluru HAL,2026-08-02 09:00:00,27.79,917.52,52.1,normal,none,0,none
AWS-005,Bengaluru HAL,2026-08-02 09:10:00,28.25,917.17,52.1,normal,none,0,none
AWS-005,Bengaluru HAL,2026-08-02 09:20:00,28.44,917.05,53.2,normal,none,0,none
AWS-005,Bengaluru HAL,2026-08-02 09:30:00,29.39,917.61,52.4,normal,none,0,none
AWS-005,Bengaluru HAL,2026-08-02 09:40:00,29.02,917.24,50.5,normal,none,0,none
AWS-005,Bengaluru HAL,2026-08-02 09:50:00,30.1,916.64,48.4,normal,none,0,none
AWS-005,Bengaluru HAL,2026-08-02 10:00:00,30.17,916.69,50.2,normal,none,0,none
AWS-005,Bengaluru HAL,2026-08-02 10:10:00,30.0,917.13,48.4,normal,none,0,none
AWS-005,Bengaluru HAL,2026-08-02 10:20:00,30.97,916.89,49.1,normal,none,0,none
AWS-005,Bengaluru HAL,2026-08-02 10:30:00,30.44,917.0,47.6,normal,none,0,none
AWS-005,Bengaluru HAL,2026-08-02 10:40:00,31.45,917.34,47.9,normal,none,0,none
AWS-005,Bengaluru HAL,2026-08-02 10:50:00,31.08,916.7,46.0,normal,none,0,none
AWS-005,Bengaluru HAL,2026-08-02 11:00:00,32.0,916.73,45.6,normal,none,0,none
AWS-005,Bengaluru HAL,2026-08-02 11:10:00,32.17,917.2,45.0,normal,none,0,none
AWS-005,Bengaluru HAL,2026-08-02 11:20:00,31.89,916.47,43.9,normal,none,0,none
AWS-005,Bengaluru HAL,2026-08-02 11:30:00,33.17,916.22,44.3,normal,none,0,none
AWS-005,Bengaluru HAL,2026-08-02 11:40:00,33.24,916.52,40.7,normal,none,0,none
AWS-005,Bengaluru HAL,2026-08-02 11:50:00,33.19,916.78,41.8,normal,none,0,none
AWS-005,Bengaluru HAL,2026-08-02 12:00:00,33.44,916.37,40.0,normal,none,0,none
AWS-005,Bengaluru HAL,2026-08-02 12:10:00,33.55,916.17,44.4,normal,none,0,none
AWS-005,Bengaluru HAL,2026-08-02 12:20:00,34.2,915.78,41.9,normal,none,0,none
AWS-005,Bengaluru HAL,2026-08-02 12:30:00,34.54,916.26,39.8,normal,none,0,none
AWS-005,Bengaluru HAL,2026-08-02 12:40:00,34.26,915.94,40.9,normal,none,0,none
AWS-005,Bengaluru HAL,2026-08-02 12:50:00,35.07,915.97,39.6,normal,none,0,none
AWS-005,Bengaluru HAL,2026-08-02 13:00:00,34.64,915.74,40.5,normal,none,0,none
AWS-005,Bengaluru HAL,2026-08-02 13:10:00,35.38,916.1,40.0,normal,none,0,none
AWS-005,Bengaluru HAL,2026-08-02 13:20:00,33.91,915.25,41.5,normal,none,0,none
AWS-005,Bengaluru HAL,2026-08-02 13:30:00,35.02,915.6,41.5,normal,none,0,none
AWS-005,Bengaluru HAL,2026-08-02 13:40:00,35.21,915.44,42.0,normal,none,0,none
AWS-005,Bengaluru HAL,2026-08-02 13:50:00,35.06,915.34,38.7,normal,none,0,none
AWS-005,Bengaluru HAL,2026-08-02 14:00:00,35.66,915.19,38.6,normal,none,0,none
AWS-005,Bengaluru HAL,2026-08-02 14:10:00,35.76,914.98,40.3,normal,none,0,none
AWS-005,Bengaluru HAL,2026-08-02 14:20:00,35.2,915.01,38.4,normal,none,0,none
AWS-005,Bengaluru HAL,2026-08-02 14:30:00,35.77,915.08,40.4,normal,none,0,none
AWS-005,Bengaluru HAL,2026-08-02 14:40:00,35.57,915.29,40.4,normal,none,0,none
AWS-005,Bengaluru HAL,2026-08-02 14:50:00,35.39,914.68,39.0,normal,none,0,none
AWS-005,Bengaluru HAL,2026-08-02 15:00:00,35.53,914.5,38.9,normal,none,0,none
AWS-005,Bengaluru HAL,2026-08-02 15:10:00,34.89,914.44,39.9,normal,none,0,none
AWS-005,Bengaluru HAL,2026-08-02 15:20:00,34.71,914.46,38.9,normal,none,0,none
AWS-005,Bengaluru HAL,2026-08-02 15:30:00,34.46,914.21,38.3,normal,none,0,none
AWS-005,Bengaluru HAL,2026-08-02 15:40:00,34.61,914.16,40.7,normal,none,0,none
AWS-005,Bengaluru HAL,2026-08-02 15:50:00,34.27,913.5,42.6,normal,none,0,none
AWS-005,Bengaluru HAL,2026-08-02 16:00:00,34.52,914.25,41.2,normal,none,0,none
AWS-005,Bengaluru HAL,2026-08-02 16:10:00,33.89,914.32,40.0,normal,none,0,none
AWS-005,Bengaluru HAL,2026-08-02 16:20:00,34.23,914.05,39.0,normal,none,0,none
AWS-005,Bengaluru HAL,2026-08-02 16:30:00,34.12,913.97,41.3,normal,none,0,none
AWS-005,Bengaluru HAL,2026-08-02 16:40:00,33.17,913.13,42.6,normal,none,0,none
AWS-005,Bengaluru HAL,2026-08-02 16:50:00,33.78,913.44,43.1,normal,none,0,none
AWS-005,Bengaluru HAL,2026-08-02 17:00:00,33.33,913.41,41.6,normal,none,0,none
AWS-005,Bengaluru HAL,2026-08-02 17:10:00,32.48,913.0,41.1,normal,none,0,none
AWS-005,Bengaluru HAL,2026-08-02 17:20:00,33.02,913.25,42.1,normal,none,0,none
AWS-005,Bengaluru HAL,2026-08-02 17:30:00,32.94,913.05,45.4,normal,none,0,none
AWS-005,Bengaluru HAL,2026-08-02 17:40:00,32.36,912.68,43.9,normal,none,0,none
AWS-005,Bengaluru HAL,2026-08-02 17:50:00,31.74,912.69,44.4,normal,none,0,none
AWS-005,Bengaluru HAL,2026-08-02 18:00:00,31.55,912.94,46.2,normal,none,0,none
AWS-005,Bengaluru HAL,2026-08-02 18:10:00,31.33,912.84,47.5,normal,none,0,none
AWS-005,Bengaluru HAL,2026-08-02 18:20:00,31.2,912.58,48.0,normal,none,0,none
AWS-005,Bengaluru HAL,2026-08-02 18:30:00,30.12,912.83,46.3,normal,none,0,none
AWS-005,Bengaluru HAL,2026-08-02 18:40:00,29.6,911.96,48.4,normal,none,0,none
AWS-005,Bengaluru HAL,2026-08-02 18:50:00,29.88,912.47,50.0,normal,none,0,none
AWS-005,Bengaluru HAL,2026-08-02 19:00:00,29.71,912.68,47.9,normal,none,0,none
AWS-005,Bengaluru HAL,2026-08-02 19:10:00,53.42718202040516,912.57,49.0,spike,temperature_spike,1,temperature
AWS-005,Bengaluru HAL,2026-08-02 19:20:00,28.59,912.28,51.1,normal,none,0,none
AWS-005,Bengaluru HAL,2026-08-02 19:30:00,28.6,912.33,48.8,normal,none,0,none
AWS-005,Bengaluru HAL,2026-08-02 19:40:00,27.74,912.27,51.5,normal,none,0,none
AWS-005,Bengaluru HAL,2026-08-02 19:50:00,27.83,911.99,51.9,normal,none,0,none
AWS-005,Bengaluru HAL,2026-08-02 20:00:00,26.47,912.1,55.6,normal,none,0,none
AWS-005,Bengaluru HAL,2026-08-02 20:10:00,27.14,911.99,53.9,normal,none,0,none
AWS-005,Bengaluru HAL,2026-08-02 20:20:00,26.08,911.6,57.0,normal,none,0,none
AWS-005,Bengaluru HAL,2026-08-02 20:30:00,26.12,911.75,57.5,normal,none,0,none
AWS-005,Bengaluru HAL,2026-08-02 20:40:00,25.46,911.94,56.4,normal,none,0,none
AWS-005,Bengaluru HAL,2026-08-02 20:50:00,25.1,911.7,56.3,normal,none,0,none
AWS-005,Bengaluru HAL,2026-08-02 21:00:00,24.79,912.08,58.0,normal,none,0,none
AWS-005,Bengaluru HAL,2026-08-02 21:10:00,23.84,911.26,58.7,normal,none,0,none
AWS-005,Bengaluru HAL,2026-08-02 21:20:00,23.75,911.77,58.6,normal,none,0,none
AWS-005,Bengaluru HAL,2026-08-02 21:30:00,23.21,912.06,59.8,normal,none,0,none
AWS-005,Bengaluru HAL,2026-08-02 21:40:00,22.74,911.95,57.9,normal,none,0,none
AWS-005,Bengaluru HAL,2026-08-02 21:50:00,22.58,911.46,61.4,normal,none,0,none
AWS-005,Bengaluru HAL,2026-08-02 22:00:00,22.62,911.67,61.3,normal,none,0,none
AWS-005,Bengaluru HAL,2026-08-02 22:10:00,21.96,911.54,63.2,normal,none,0,none
AWS-005,Bengaluru HAL,2026-08-02 22:20:00,21.87,912.05,62.6,normal,none,0,none
AWS-005,Bengaluru HAL,2026-08-02 22:30:00,21.5,911.81,63.4,normal,none,0,none
AWS-005,Bengaluru HAL,2026-08-02 22:40:00,19.97,911.81,65.7,normal,none,0,none
AWS-005,Bengaluru HAL,2026-08-02 22:50:00,20.37,911.65,65.1,normal,none,0,none
AWS-005,Bengaluru HAL,2026-08-02 23:00:00,20.28,911.52,66.0,normal,none,0,none
AWS-005,Bengaluru HAL,2026-08-02 23:10:00,20.07,911.86,64.5,normal,none,0,none
AWS-005,Bengaluru HAL,2026-08-02 23:20:00,19.98,912.51,68.0,normal,none,0,none
AWS-005,Bengaluru HAL,2026-08-02 23:30:00,18.97,911.98,67.0,normal,none,0,none
AWS-005,Bengaluru HAL,2026-08-02 23:40:00,18.69,912.08,67.5,normal,none,0,none
AWS-005,Bengaluru HAL,2026-08-02 23:50:00,18.5,911.58,68.1,normal,none,0,none
AWS-005,Bengaluru HAL,2026-08-03 00:00:00,18.97,912.21,68.2,normal,none,0,none
AWS-005,Bengaluru HAL,2026-08-03 00:10:00,19.09,912.4,69.6,normal,none,0,none
AWS-005,Bengaluru HAL,2026-08-03 00:20:00,18.2,912.01,69.8,normal,none,0,none
AWS-005,Bengaluru HAL,2026-08-03 00:30:00,17.38,912.5,70.3,normal,none,0,none
AWS-005,Bengaluru HAL,2026-08-03 00:40:00,17.52,912.73,70.8,normal,none,0,none
AWS-005,Bengaluru HAL,2026-08-03 00:50:00,17.95,912.59,70.3,normal,none,0,none
AWS-005,Bengaluru HAL,2026-08-03 01:00:00,17.62,912.57,71.6,normal,none,0,none
AWS-005,Bengaluru HAL,2026-08-03 01:10:00,17.37,912.18,70.5,normal,none,0,none
AWS-005,Bengaluru HAL,2026-08-03 01:20:00,17.47,912.37,72.6,normal,none,0,none
AWS-005,Bengaluru HAL,2026-08-03 01:30:00,16.87,912.51,70.6,normal,none,0,none
AWS-005,Bengaluru HAL,2026-08-03 01:40:00,16.09,912.43,70.9,normal,none,0,none
AWS-005,Bengaluru HAL,2026-08-03 01:50:00,16.48,911.85,71.9,normal,none,0,none
AWS-005,Bengaluru HAL,2026-08-03 02:00:00,16.66,912.72,69.9,normal,none,0,none
AWS-005,Bengaluru HAL,2026-08-03 02:10:00,16.19,912.48,72.0,normal,none,0,none
AWS-005,Bengaluru HAL,2026-08-03 02:20:00,16.05,912.54,72.4,normal,none,0,none
AWS-005,Bengaluru HAL,2026-08-03 02:30:00,16.58,913.05,73.1,normal,none,0,none
AWS-005,Bengaluru HAL,2026-08-03 02:40:00,16.62,912.44,71.8,normal,none,0,none
AWS-005,Bengaluru HAL,2026-08-03 02:50:00,16.45,912.84,72.1,normal,none,0,none
AWS-005,Bengaluru HAL,2026-08-03 03:00:00,16.6,912.76,71.9,normal,none,0,none
AWS-005,Bengaluru HAL,2026-08-03 03:10:00,16.74,912.95,71.5,normal,none,0,none
AWS-005,Bengaluru HAL,2026-08-03 03:20:00,16.66,913.3,72.2,normal,none,0,none
AWS-005,Bengaluru HAL,2026-08-03 03:30:00,16.76,913.22,70.4,normal,none,0,none
AWS-005,Bengaluru HAL,2026-08-03 03:40:00,16.51,913.23,70.8,normal,none,0,none
AWS-005,Bengaluru HAL,2026-08-03 03:50:00,16.83,913.03,72.7,normal,none,0,none
AWS-005,Bengaluru HAL,2026-08-03 04:00:00,16.67,913.18,72.8,normal,none,0,none
AWS-005,Bengaluru HAL,2026-08-03 04:10:00,17.5,913.41,71.1,normal,none,0,none
AWS-005,Bengaluru HAL,2026-08-03 04:20:00,16.78,913.3,72.0,normal,none,0,none
AWS-005,Bengaluru HAL,2026-08-03 04:30:00,16.84,913.59,72.6,normal,none,0,none
AWS-005,Bengaluru HAL,2026-08-03 04:40:00,17.72,913.34,72.4,normal,none,0,none
AWS-005,Bengaluru HAL,2026-08-03 04:50:00,18.51,913.3,70.6,normal,none,0,none
AWS-005,Bengaluru HAL,2026-08-03 05:00:00,18.29,913.54,70.4,normal,none,0,none
AWS-005,Bengaluru HAL,2026-08-03 05:10:00,18.58,913.61,69.6,normal,none,0,none
AWS-005,Bengaluru HAL,2026-08-03 05:20:00,18.66,913.53,68.9,normal,none,0,none
AWS-005,Bengaluru HAL,2026-08-03 05:30:00,19.0,913.73,68.1,normal,none,0,none
AWS-005,Bengaluru HAL,2026-08-03 05:40:00,19.52,913.43,66.7,normal,none,0,none
AWS-005,Bengaluru HAL,2026-08-03 05:50:00,19.63,913.57,68.1,normal,none,0,none
AWS-005,Bengaluru HAL,2026-08-03 06:00:00,19.58,913.59,67.2,normal,none,0,none
AWS-005,Bengaluru HAL,2026-08-03 06:10:00,20.0,913.9,69.5,normal,none,0,none
AWS-005,Bengaluru HAL,2026-08-03 06:20:00,20.15,913.58,66.5,normal,none,0,none
AWS-005,Bengaluru HAL,2026-08-03 06:30:00,20.94,914.14,68.4,normal,none,0,none
AWS-005,Bengaluru HAL,2026-08-03 06:40:00,20.72,913.49,62.9,normal,none,0,none
AWS-005,Bengaluru HAL,2026-08-03 06:50:00,21.33,914.11,63.8,normal,none,0,none
AWS-005,Bengaluru HAL,2026-08-03 07:00:00,21.18,913.78,64.8,normal,none,0,none
AWS-005,Bengaluru HAL,2026-08-03 07:10:00,21.76,913.53,62.9,normal,none,0,none
AWS-005,Bengaluru HAL,2026-08-03 07:20:00,22.05,913.89,61.1,normal,none,0,none
AWS-005,Bengaluru HAL,2026-08-03 07:30:00,22.91,913.99,62.2,normal,none,0,none
AWS-005,Bengaluru HAL,2026-08-03 07:40:00,22.6,914.12,60.4,normal,none,0,none
AWS-005,Bengaluru HAL,2026-08-03 07:50:00,23.45,914.2,60.1,normal,none,0,none
AWS-005,Bengaluru HAL,2026-08-03 08:00:00,23.38,914.2,61.7,normal,none,0,none
AWS-005,Bengaluru HAL,2026-08-03 08:10:00,24.12,914.41,59.0,normal,none,0,none
AWS-005,Bengaluru HAL,2026-08-03 08:20:00,24.54,913.52,59.9,normal,none,0,none
AWS-005,Bengaluru HAL,2026-08-03 08:30:00,24.75,914.1,57.2,normal,none,0,none
AWS-005,Bengaluru HAL,2026-08-03 08:40:00,24.52,914.08,57.7,normal,none,0,none
AWS-005,Bengaluru HAL,2026-08-03 08:50:00,26.16,913.9,56.5,normal,none,0,none
AWS-005,Bengaluru HAL,2026-08-03 09:00:00,26.01,913.9,52.9,normal,none,0,none
AWS-005,Bengaluru HAL,2026-08-03 09:10:00,26.34,914.08,54.6,normal,none,0,none
AWS-005,Bengaluru HAL,2026-08-03 09:20:00,27.11,914.01,53.0,normal,none,0,none
AWS-005,Bengaluru HAL,2026-08-03 09:30:00,27.2,914.1,54.7,normal,none,0,none
AWS-005,Bengaluru HAL,2026-08-03 09:40:00,27.6,914.15,53.4,normal,none,0,none
AWS-005,Bengaluru HAL,2026-08-03 09:50:00,27.71,913.91,53.2,normal,none,0,none
AWS-005,Bengaluru HAL,2026-08-03 10:00:00,27.94,913.63,50.6,normal,none,0,none
AWS-005,Bengaluru HAL,2026-08-03 10:10:00,28.51,913.57,52.2,normal,none,0,none
AWS-005,Bengaluru HAL,2026-08-03 10:20:00,28.82,913.9,50.1,normal,none,0,none
AWS-005,Bengaluru HAL,2026-08-03 10:30:00,28.98,913.9,51.7,normal,none,0,none
AWS-005,Bengaluru HAL,2026-08-03 10:40:00,29.8,913.73,48.8,normal,none,0,none
AWS-005,Bengaluru HAL,2026-08-03 10:50:00,30.15,914.03,49.8,normal,none,0,none
AWS-005,Bengaluru HAL,2026-08-03 11:00:00,30.37,913.77,47.5,normal,none,0,none
AWS-005,Bengaluru HAL,2026-08-03 11:10:00,30.39,913.62,46.7,normal,none,0,none
AWS-005,Bengaluru HAL,2026-08-03 11:20:00,30.8,913.56,47.3,normal,none,0,none
AWS-005,Bengaluru HAL,2026-08-03 11:30:00,30.21,913.53,46.8,normal,none,0,none
AWS-005,Bengaluru HAL,2026-08-03 11:40:00,30.66,912.75,43.8,normal,none,0,none
AWS-005,Bengaluru HAL,2026-08-03 11:50:00,32.37,913.03,45.5,normal,none,0,none
AWS-005,Bengaluru HAL,2026-08-03 12:00:00,32.0,913.13,44.3,normal,none,0,none
AWS-005,Bengaluru HAL,2026-08-03 12:10:00,31.21,913.34,46.1,normal,none,0,none
AWS-005,Bengaluru HAL,2026-08-03 12:20:00,31.55,913.16,44.9,normal,none,0,none
AWS-005,Bengaluru HAL,2026-08-03 12:30:00,32.74,913.1,44.0,normal,none,0,none
AWS-005,Bengaluru HAL,2026-08-03 12:40:00,31.95,913.45,42.5,normal,none,0,none
AWS-005,Bengaluru HAL,2026-08-03 12:50:00,32.78,912.81,43.1,normal,none,0,none
AWS-005,Bengaluru HAL,2026-08-03 13:00:00,32.14,913.24,42.0,normal,none,0,none
AWS-005,Bengaluru HAL,2026-08-03 13:10:00,32.89,912.49,43.1,normal,none,0,none
AWS-005,Bengaluru HAL,2026-08-03 13:20:00,33.02,912.61,43.7,normal,none,0,none
AWS-005,Bengaluru HAL,2026-08-03 13:30:00,32.81,912.73,43.7,normal,none,0,none
AWS-005,Bengaluru HAL,2026-08-03 13:40:00,33.51,912.35,41.7,normal,none,0,none
AWS-005,Bengaluru HAL,2026-08-03 13:50:00,33.45,912.55,40.4,normal,none,0,none
AWS-005,Bengaluru HAL,2026-08-03 14:00:00,33.07,912.53,41.5,normal,none,0,none
AWS-005,Bengaluru HAL,2026-08-03 14:10:00,33.46,912.32,43.6,normal,none,0,none
AWS-005,Bengaluru HAL,2026-08-03 14:20:00,33.34,912.24,42.2,normal,none,0,none
AWS-005,Bengaluru HAL,2026-08-03 14:30:00,32.74,911.52,43.6,normal,none,0,none
AWS-005,Bengaluru HAL,2026-08-03 14:40:00,33.44,911.95,41.8,normal,none,0,none
AWS-005,Bengaluru HAL,2026-08-03 14:50:00,32.94,912.01,41.4,normal,none,0,none
AWS-005,Bengaluru HAL,2026-08-03 15:00:00,33.11,911.9,42.5,normal,none,0,none
AWS-005,Bengaluru HAL,2026-08-03 15:10:00,33.35,911.99,42.4,normal,none,0,none
AWS-005,Bengaluru HAL,2026-08-03 15:20:00,32.77,911.18,43.0,normal,none,0,none
AWS-005,Bengaluru HAL,2026-08-03 15:30:00,32.91,911.04,44.8,normal,none,0,none
AWS-005,Bengaluru HAL,2026-08-03 15:40:00,32.56,911.6,42.4,normal,none,0,none
AWS-005,Bengaluru HAL,2026-08-03 15:50:00,32.73,911.3,44.5,normal,none,0,none
AWS-005,Bengaluru HAL,2026-08-03 16:00:00,32.72,910.78,43.7,normal,none,0,none
AWS-005,Bengaluru HAL,2026-08-03 16:10:00,32.38,911.13,44.9,normal,none,0,none
AWS-005,Bengaluru HAL,2026-08-03 16:20:00,32.02,910.67,44.1,normal,none,0,none
AWS-005,Bengaluru HAL,2026-08-03 16:30:00,32.06,911.27,47.2,normal,none,0,none
AWS-005,Bengaluru HAL,2026-08-03 16:40:00,31.37,910.9,45.1,normal,none,0,none
AWS-005,Bengaluru HAL,2026-08-03 16:50:00,30.77,910.78,45.5,normal,none,0,none
AWS-005,Bengaluru HAL,2026-08-03 17:00:00,32.22,910.81,46.8,normal,none,0,none
AWS-005,Bengaluru HAL,2026-08-03 17:10:00,30.98,910.41,47.5,normal,none,0,none
AWS-005,Bengaluru HAL,2026-08-03 17:20:00,30.42,910.76,46.2,normal,none,0,none
AWS-005,Bengaluru HAL,2026-08-03 17:30:00,30.56,910.37,46.7,normal,none,0,none
AWS-005,Bengaluru HAL,2026-08-03 17:40:00,30.48,910.64,49.9,normal,none,0,none
AWS-005,Bengaluru HAL,2026-08-03 17:50:00,29.51,910.3,50.8,normal,none,0,none
AWS-005,Bengaluru HAL,2026-08-03 18:00:00,29.46,909.95,50.3,normal,none,0,none
AWS-005,Bengaluru HAL,2026-08-03 18:10:00,28.14,910.28,50.0,normal,none,0,none
AWS-005,Bengaluru HAL,2026-08-03 18:20:00,29.49,910.79,50.3,normal,none,0,none
AWS-005,Bengaluru HAL,2026-08-03 18:30:00,27.99,910.38,50.4,normal,none,0,none
AWS-005,Bengaluru HAL,2026-08-03 18:40:00,27.67,909.97,51.1,normal,none,0,none
AWS-005,Bengaluru HAL,2026-08-03 18:50:00,27.9,909.95,53.3,normal,none,0,none
AWS-005,Bengaluru HAL,2026-08-03 19:00:00,27.17,910.11,52.6,normal,none,0,none
AWS-005,Bengaluru HAL,2026-08-03 19:10:00,27.32,910.41,54.0,normal,none,0,none
AWS-005,Bengaluru HAL,2026-08-03 19:20:00,26.39,909.92,54.4,normal,none,0,none
AWS-005,Bengaluru HAL,2026-08-03 19:30:00,26.41,909.78,56.3,normal,none,0,none
AWS-005,Bengaluru HAL,2026-08-03 19:40:00,25.36,910.17,54.8,normal,none,0,none
AWS-005,Bengaluru HAL,2026-08-03 19:50:00,25.02,910.11,55.3,normal,none,0,none
AWS-005,Bengaluru HAL,2026-08-03 20:00:00,24.88,910.07,57.6,normal,none,0,none
AWS-005,Bengaluru HAL,2026-08-03 20:10:00,23.92,910.2,57.6,normal,none,0,none
AWS-005,Bengaluru HAL,2026-08-03 20:20:00,23.44,910.13,60.3,normal,none,0,none
AWS-005,Bengaluru HAL,2026-08-03 20:30:00,23.61,909.72,60.0,normal,none,0,none
AWS-005,Bengaluru HAL,2026-08-03 20:40:00,23.62,910.04,58.7,normal,none,0,none
AWS-005,Bengaluru HAL,2026-08-03 20:50:00,22.64,909.25,60.0,normal,none,0,none
AWS-005,Bengaluru HAL,2026-08-03 21:00:00,22.54,909.64,60.3,normal,none,0,none
AWS-005,Bengaluru HAL,2026-08-03 21:10:00,21.96,909.6,63.4,normal,none,0,none
AWS-005,Bengaluru HAL,2026-08-03 21:20:00,21.81,909.85,62.8,normal,none,0,none
AWS-005,Bengaluru HAL,2026-08-03 21:30:00,21.26,909.57,64.0,normal,none,0,none
AWS-005,Bengaluru HAL,2026-08-03 21:40:00,20.91,909.4,64.6,normal,none,0,none
AWS-005,Bengaluru HAL,2026-08-03 21:50:00,20.53,909.84,61.9,normal,none,0,none
AWS-005,Bengaluru HAL,2026-08-03 22:00:00,20.21,909.39,65.6,normal,none,0,none
AWS-005,Bengaluru HAL,2026-08-03 22:10:00,19.67,909.71,67.6,normal,none,0,none
AWS-005,Bengaluru HAL,2026-08-03 22:20:00,20.11,909.66,67.3,normal,none,0,none
AWS-005,Bengaluru HAL,2026-08-03 22:30:00,18.61,909.52,66.6,normal,none,0,none
AWS-005,Bengaluru HAL,2026-08-03 22:40:00,18.34,910.09,69.7,normal,none,0,none
AWS-005,Bengaluru HAL,2026-08-03 22:50:00,18.5,910.09,69.2,normal,none,0,none
AWS-005,Bengaluru HAL,2026-08-03 23:00:00,17.75,909.68,70.1,normal,none,0,none
AWS-005,Bengaluru HAL,2026-08-03 23:10:00,17.52,910.23,68.6,normal,none,0,none
AWS-005,Bengaluru HAL,2026-08-03 23:20:00,17.74,910.0,71.7,normal,none,0,none
AWS-005,Bengaluru HAL,2026-08-03 23:30:00,17.06,910.2,69.7,normal,none,0,none
AWS-005,Bengaluru HAL,2026-08-03 23:40:00,16.53,910.25,71.0,normal,none,0,none
AWS-005,Bengaluru HAL,2026-08-03 23:50:00,16.13,910.22,71.9,normal,none,0,none
AWS-005,Bengaluru HAL,2026-08-04 00:00:00,16.05,910.85,72.0,normal,none,0,none
AWS-005,Bengaluru HAL,2026-08-04 00:10:00,15.83,910.06,71.8,normal,none,0,none
AWS-005,Bengaluru HAL,2026-08-04 00:20:00,15.56,910.27,74.7,normal,none,0,none
AWS-005,Bengaluru HAL,2026-08-04 00:30:00,15.6,910.15,74.2,normal,none,0,none
AWS-005,Bengaluru HAL,2026-08-04 00:40:00,15.66,910.43,74.8,normal,none,0,none
AWS-005,Bengaluru HAL,2026-08-04 00:50:00,14.8,910.95,72.6,normal,none,0,none
AWS-005,Bengaluru HAL,2026-08-04 01:00:00,14.98,910.43,75.8,normal,none,0,none
AWS-005,Bengaluru HAL,2026-08-04 01:10:00,14.89,910.33,75.0,normal,none,0,none
AWS-005,Bengaluru HAL,2026-08-04 01:20:00,13.99,910.85,76.1,normal,none,0,none
AWS-005,Bengaluru HAL,2026-08-04 01:30:00,14.14,910.64,76.9,normal,none,0,none
AWS-005,Bengaluru HAL,2026-08-04 01:40:00,14.36,911.12,75.0,normal,none,0,none
AWS-005,Bengaluru HAL,2026-08-04 01:50:00,14.29,911.38,75.9,normal,none,0,none
AWS-005,Bengaluru HAL,2026-08-04 02:00:00,14.74,911.01,75.6,normal,none,0,none
AWS-005,Bengaluru HAL,2026-08-04 02:10:00,13.94,911.4,74.4,normal,none,0,none
AWS-005,Bengaluru HAL,2026-08-04 02:20:00,14.23,911.15,75.1,normal,none,0,none
AWS-005,Bengaluru HAL,2026-08-04 02:30:00,14.16,911.32,78.7,normal,none,0,none
AWS-005,Bengaluru HAL,2026-08-04 02:40:00,14.14,911.67,75.0,normal,none,0,none
AWS-005,Bengaluru HAL,2026-08-04 02:50:00,13.94,911.56,76.9,normal,none,0,none
AWS-005,Bengaluru HAL,2026-08-04 03:00:00,14.37,911.61,77.2,normal,none,0,none
AWS-005,Bengaluru HAL,2026-08-04 03:10:00,13.76,911.59,76.0,normal,none,0,none
AWS-005,Bengaluru HAL,2026-08-04 03:20:00,13.87,911.43,75.5,normal,none,0,none
AWS-005,Bengaluru HAL,2026-08-04 03:30:00,14.07,911.54,75.0,normal,none,0,none
AWS-005,Bengaluru HAL,2026-08-04 03:40:00,14.5,911.76,75.8,normal,none,0,none
AWS-005,Bengaluru HAL,2026-08-04 03:50:00,14.5,911.74,75.0,normal,none,0,none
AWS-005,Bengaluru HAL,2026-08-04 04:00:00,14.57,911.83,74.4,normal,none,0,none
AWS-005,Bengaluru HAL,2026-08-04 04:10:00,14.94,911.98,74.3,normal,none,0,none
AWS-005,Bengaluru HAL,2026-08-04 04:20:00,15.08,912.0,74.2,normal,none,0,none
AWS-005,Bengaluru HAL,2026-08-04 04:30:00,15.06,912.12,73.7,normal,none,0,none
AWS-005,Bengaluru HAL,2026-08-04 04:40:00,14.8,912.46,74.0,normal,none,0,none
AWS-005,Bengaluru HAL,2026-08-04 04:50:00,15.22,912.89,73.4,normal,none,0,none
AWS-005,Bengaluru HAL,2026-08-04 05:00:00,15.81,912.7,72.2,normal,none,0,none
AWS-005,Bengaluru HAL,2026-08-04 05:10:00,15.93,912.85,71.8,normal,none,0,none
AWS-005,Bengaluru HAL,2026-08-04 05:20:00,16.65,912.67,70.1,normal,none,0,none
AWS-005,Bengaluru HAL,2026-08-04 05:30:00,16.1,912.82,72.4,normal,none,0,none
AWS-005,Bengaluru HAL,2026-08-04 05:40:00,17.24,912.92,72.8,normal,none,0,none
AWS-005,Bengaluru HAL,2026-08-04 05:50:00,17.48,913.19,70.8,normal,none,0,none
AWS-005,Bengaluru HAL,2026-08-04 06:00:00,17.41,912.99,70.4,normal,none,0,none
AWS-005,Bengaluru HAL,2026-08-04 06:10:00,18.1,913.21,70.5,normal,none,0,none
AWS-005,Bengaluru HAL,2026-08-04 06:20:00,17.72,912.9,67.5,normal,none,0,none
AWS-005,Bengaluru HAL,2026-08-04 06:30:00,18.4,913.23,68.6,normal,none,0,none
AWS-005,Bengaluru HAL,2026-08-04 06:40:00,17.79,913.03,68.3,normal,none,0,none
AWS-005,Bengaluru HAL,2026-08-04 06:50:00,19.17,912.85,65.1,normal,none,0,none
AWS-005,Bengaluru HAL,2026-08-04 07:00:00,19.41,913.49,65.5,normal,none,0,none
AWS-005,Bengaluru HAL,2026-08-04 07:10:00,20.13,913.02,64.7,normal,none,0,none
AWS-005,Bengaluru HAL,2026-08-04 07:20:00,20.65,913.57,65.8,normal,none,0,none
AWS-005,Bengaluru HAL,2026-08-04 07:30:00,20.13,913.21,62.2,normal,none,0,none
AWS-005,Bengaluru HAL,2026-08-04 07:40:00,20.61,913.62,63.8,normal,none,0,none
AWS-005,Bengaluru HAL,2026-08-04 07:50:00,21.49,913.43,62.4,normal,none,0,none
AWS-005,Bengaluru HAL,2026-08-04 08:00:00,21.03,913.12,61.8,normal,none,0,none
AWS-005,Bengaluru HAL,2026-08-04 08:10:00,21.68,913.42,61.5,normal,none,0,none
AWS-005,Bengaluru HAL,2026-08-04 08:20:00,22.04,913.43,61.7,normal,none,0,none
AWS-005,Bengaluru HAL,2026-08-04 08:30:00,22.46,913.49,59.8,normal,none,0,none
AWS-005,Bengaluru HAL,2026-08-04 08:40:00,23.51,913.72,59.5,normal,none,0,none
AWS-005,Bengaluru HAL,2026-08-04 08:50:00,24.07,913.62,61.7,normal,none,0,none
AWS-005,Bengaluru HAL,2026-08-04 09:00:00,23.88,913.37,58.2,normal,none,0,none
AWS-005,Bengaluru HAL,2026-08-04 09:10:00,24.2,913.41,57.3,normal,none,0,none
AWS-005,Bengaluru HAL,2026-08-04 09:20:00,24.28,913.76,59.2,normal,none,0,none
AWS-005,Bengaluru HAL,2026-08-04 09:30:00,25.15,913.75,57.9,normal,none,0,none
AWS-005,Bengaluru HAL,2026-08-04 09:40:00,24.72,913.75,56.2,normal,none,0,none
AWS-005,Bengaluru HAL,2026-08-04 09:50:00,25.57,913.59,57.9,normal,none,0,none
AWS-005,Bengaluru HAL,2026-08-04 10:00:00,25.65,913.48,54.1,normal,none,0,none
AWS-005,Bengaluru HAL,2026-08-04 10:10:00,26.47,913.22,52.5,normal,none,0,none
AWS-005,Bengaluru HAL,2026-08-04 10:20:00,26.63,913.29,54.2,normal,none,0,none
AWS-005,Bengaluru HAL,2026-08-04 10:30:00,27.06,913.72,50.3,normal,none,0,none
AWS-005,Bengaluru HAL,2026-08-04 10:40:00,27.14,913.22,51.0,normal,none,0,none
AWS-005,Bengaluru HAL,2026-08-04 10:50:00,28.24,913.83,53.1,normal,none,0,none
AWS-005,Bengaluru HAL,2026-08-04 11:00:00,27.96,913.18,52.3,normal,none,0,none
AWS-005,Bengaluru HAL,2026-08-04 11:10:00,28.52,912.88,49.9,normal,none,0,none
AWS-005,Bengaluru HAL,2026-08-04 11:20:00,28.88,913.47,49.1,normal,none,0,none
AWS-005,Bengaluru HAL,2026-08-04 11:30:00,29.09,913.5,49.2,normal,none,0,none
AWS-005,Bengaluru HAL,2026-08-04 11:40:00,28.68,913.31,47.3,normal,none,0,none
AWS-005,Bengaluru HAL,2026-08-04 11:50:00,29.53,913.62,48.2,normal,none,0,none
AWS-005,Bengaluru HAL,2026-08-04 12:00:00,29.85,913.42,47.8,normal,none,0,none
AWS-005,Bengaluru HAL,2026-08-04 12:10:00,29.73,913.49,46.9,normal,none,0,none
AWS-005,Bengaluru HAL,2026-08-04 12:20:00,30.5,913.27,47.6,normal,none,0,none
AWS-005,Bengaluru HAL,2026-08-04 12:30:00,29.88,913.17,46.5,normal,none,0,none
AWS-005,Bengaluru HAL,2026-08-04 12:40:00,30.5,913.07,47.7,normal,none,0,none
AWS-005,Bengaluru HAL,2026-08-04 12:50:00,30.68,913.02,46.6,normal,none,0,none
AWS-005,Bengaluru HAL,2026-08-04 13:00:00,31.09,912.66,46.6,normal,none,0,none
AWS-005,Bengaluru HAL,2026-08-04 13:10:00,30.51,912.41,44.5,normal,none,0,none
AWS-005,Bengaluru HAL,2026-08-04 13:20:00,31.13,912.71,43.2,normal,none,0,none
AWS-005,Bengaluru HAL,2026-08-04 13:30:00,31.33,913.01,44.0,normal,none,0,none
AWS-005,Bengaluru HAL,2026-08-04 13:40:00,31.79,912.74,44.8,normal,none,0,none
AWS-005,Bengaluru HAL,2026-08-04 13:50:00,31.68,912.87,45.3,normal,none,0,none
AWS-005,Bengaluru HAL,2026-08-04 14:00:00,31.19,912.16,44.5,normal,none,0,none
AWS-005,Bengaluru HAL,2026-08-04 14:10:00,31.79,912.7,43.4,normal,none,0,none
AWS-005,Bengaluru HAL,2026-08-04 14:20:00,32.08,912.42,45.2,normal,none,0,none
AWS-005,Bengaluru HAL,2026-08-04 14:30:00,31.88,912.27,42.2,normal,none,0,none
AWS-005,Bengaluru HAL,2026-08-04 14:40:00,30.75,912.59,44.9,normal,none,0,none
AWS-005,Bengaluru HAL,2026-08-04 14:50:00,31.8,912.71,45.5,normal,none,0,none
AWS-005,Bengaluru HAL,2026-08-04 15:00:00,31.16,912.82,44.9,normal,none,0,none
AWS-005,Bengaluru HAL,2026-08-04 15:10:00,30.97,911.99,45.3,normal,none,0,none
AWS-005,Bengaluru HAL,2026-08-04 15:20:00,30.95,911.43,46.1,normal,none,0,none
AWS-005,Bengaluru HAL,2026-08-04 15:30:00,32.15,912.08,45.3,normal,none,0,none
AWS-005,Bengaluru HAL,2026-08-04 15:40:00,31.3,911.55,44.2,normal,none,0,none
AWS-005,Bengaluru HAL,2026-08-04 15:50:00,30.5,911.91,45.5,normal,none,0,none
AWS-005,Bengaluru HAL,2026-08-04 16:00:00,30.72,911.67,46.2,normal,none,0,none
AWS-005,Bengaluru HAL,2026-08-04 16:10:00,30.55,911.44,46.1,normal,none,0,none
AWS-005,Bengaluru HAL,2026-08-04 16:20:00,30.15,911.74,48.0,normal,none,0,none
AWS-005,Bengaluru HAL,2026-08-04 16:30:00,30.27,911.42,45.3,normal,none,0,none
AWS-005,Bengaluru HAL,2026-08-04 16:40:00,30.2,911.89,46.3,normal,none,0,none
AWS-005,Bengaluru HAL,2026-08-04 16:50:00,30.37,911.41,47.7,normal,none,0,none
AWS-005,Bengaluru HAL,2026-08-04 17:00:00,29.77,911.55,48.1,normal,none,0,none
AWS-005,Bengaluru HAL,2026-08-04 17:10:00,28.91,911.14,47.3,normal,none,0,none
AWS-005,Bengaluru HAL,2026-08-04 17:20:00,28.19,911.68,51.7,normal,none,0,none
AWS-005,Bengaluru HAL,2026-08-04 17:30:00,28.85,911.46,50.3,normal,none,0,none
AWS-005,Bengaluru HAL,2026-08-04 17:40:00,28.81,911.5,49.7,normal,none,0,none
AWS-005,Bengaluru HAL,2026-08-04 17:50:00,28.27,911.47,52.7,normal,none,0,none
AWS-005,Bengaluru HAL,2026-08-04 18:00:00,28.26,911.12,53.0,normal,none,0,none
AWS-005,Bengaluru HAL,2026-08-04 18:10:00,27.92,911.2,53.1,normal,none,0,none
AWS-005,Bengaluru HAL,2026-08-04 18:20:00,27.08,911.14,51.2,normal,none,0,none
AWS-005,Bengaluru HAL,2026-08-04 18:30:00,26.51,911.52,51.2,normal,none,0,none
AWS-005,Bengaluru HAL,2026-08-04 18:40:00,26.62,910.79,53.2,normal,none,0,none
AWS-005,Bengaluru HAL,2026-08-04 18:50:00,27.14,911.0,55.0,normal,none,0,none
AWS-005,Bengaluru HAL,2026-08-04 19:00:00,26.16,911.41,53.4,normal,none,0,none
AWS-005,Bengaluru HAL,2026-08-04 19:10:00,25.63,910.82,56.7,normal,none,0,none
AWS-005,Bengaluru HAL,2026-08-04 19:20:00,25.28,911.31,56.8,normal,none,0,none
AWS-005,Bengaluru HAL,2026-08-04 19:30:00,25.4,910.93,55.1,normal,none,0,none
AWS-005,Bengaluru HAL,2026-08-04 19:40:00,24.7,911.14,58.1,normal,none,0,none
AWS-005,Bengaluru HAL,2026-08-04 19:50:00,23.86,910.96,58.2,normal,none,0,none
AWS-005,Bengaluru HAL,2026-08-04 20:00:00,23.49,910.98,57.9,normal,none,0,none
AWS-005,Bengaluru HAL,2026-08-04 20:10:00,23.17,911.11,58.9,normal,none,0,none
AWS-005,Bengaluru HAL,2026-08-04 20:20:00,23.94,911.17,59.3,normal,none,0,none
AWS-005,Bengaluru HAL,2026-08-04 20:30:00,21.88,910.83,60.8,normal,none,0,none
AWS-005,Bengaluru HAL,2026-08-04 20:40:00,22.02,911.06,60.7,normal,none,0,none
AWS-005,Bengaluru HAL,2026-08-04 20:50:00,21.7,911.07,60.9,normal,none,0,none
AWS-005,Bengaluru HAL,2026-08-04 21:00:00,21.12,911.2,62.8,normal,none,0,none
AWS-005,Bengaluru HAL,2026-08-04 21:10:00,20.98,910.91,62.8,normal,none,0,none
AWS-005,Bengaluru HAL,2026-08-04 21:20:00,20.71,910.92,66.7,normal,none,0,none
AWS-005,Bengaluru HAL,2026-08-04 21:30:00,20.01,910.65,66.7,normal,none,0,none
AWS-005,Bengaluru HAL,2026-08-04 21:40:00,20.84,911.63,66.3,normal,none,0,none
AWS-005,Bengaluru HAL,2026-08-04 21:50:00,19.34,911.11,68.0,normal,none,0,none
AWS-005,Bengaluru HAL,2026-08-04 22:00:00,19.43,911.3,67.9,normal,none,0,none
AWS-005,Bengaluru HAL,2026-08-04 22:10:00,18.8,911.3,67.4,normal,none,0,none
AWS-005,Bengaluru HAL,2026-08-04 22:20:00,17.79,911.45,67.6,normal,none,0,none
AWS-005,Bengaluru HAL,2026-08-04 22:30:00,17.93,911.0,68.2,normal,none,0,none
AWS-005,Bengaluru HAL,2026-08-04 22:40:00,17.68,911.71,69.4,normal,none,0,none
AWS-005,Bengaluru HAL,2026-08-04 22:50:00,16.83,911.56,69.7,normal,none,0,none
AWS-005,Bengaluru HAL,2026-08-04 23:00:00,16.55,911.85,70.0,normal,none,0,none
AWS-005,Bengaluru HAL,2026-08-04 23:10:00,17.31,911.32,68.7,normal,none,0,none
AWS-005,Bengaluru HAL,2026-08-04 23:20:00,16.49,911.49,73.9,normal,none,0,none
AWS-005,Bengaluru HAL,2026-08-04 23:30:00,15.89,912.02,73.4,normal,none,0,none
AWS-005,Bengaluru HAL,2026-08-04 23:40:00,15.89,912.17,73.7,normal,none,0,none
AWS-005,Bengaluru HAL,2026-08-04 23:50:00,15.44,911.68,73.0,normal,none,0,none
AWS-005,Bengaluru HAL,2026-08-05 00:00:00,15.72,912.07,72.4,normal,none,0,none
AWS-005,Bengaluru HAL,2026-08-05 00:10:00,15.03,912.0,74.2,normal,none,0,none
AWS-005,Bengaluru HAL,2026-08-05 00:20:00,15.14,911.77,75.5,normal,none,0,none
AWS-005,Bengaluru HAL,2026-08-05 00:30:00,14.47,911.98,77.8,normal,none,0,none
AWS-005,Bengaluru HAL,2026-08-05 00:40:00,15.6,912.31,75.6,normal,none,0,none
AWS-005,Bengaluru HAL,2026-08-05 00:50:00,15.0,912.41,73.4,normal,none,0,none
AWS-005,Bengaluru HAL,2026-08-05 01:00:00,14.33,912.45,75.1,normal,none,0,none
AWS-005,Bengaluru HAL,2026-08-05 01:10:00,13.81,912.34,75.9,normal,none,0,none
AWS-005,Bengaluru HAL,2026-08-05 01:20:00,13.77,912.66,78.3,normal,none,0,none
AWS-005,Bengaluru HAL,2026-08-05 01:30:00,14.06,913.31,76.8,normal,none,0,none
AWS-005,Bengaluru HAL,2026-08-05 01:40:00,13.47,912.88,78.1,normal,none,0,none
AWS-005,Bengaluru HAL,2026-08-05 01:50:00,13.66,912.95,74.3,normal,none,0,none
AWS-005,Bengaluru HAL,2026-08-05 02:00:00,14.14,913.02,76.0,normal,none,0,none
AWS-005,Bengaluru HAL,2026-08-05 02:10:00,13.71,913.2,76.5,normal,none,0,none
AWS-005,Bengaluru HAL,2026-08-05 02:20:00,13.14,913.3,77.6,normal,none,0,none
AWS-005,Bengaluru HAL,2026-08-05 02:30:00,13.7,913.41,75.3,normal,none,0,none
AWS-005,Bengaluru HAL,2026-08-05 02:40:00,13.96,913.58,79.7,normal,none,0,none
AWS-005,Bengaluru HAL,2026-08-05 02:50:00,13.64,913.04,74.8,normal,none,0,none
AWS-005,Bengaluru HAL,2026-08-05 03:00:00,13.76,913.76,77.7,normal,none,0,none
AWS-005,Bengaluru HAL,2026-08-05 03:10:00,13.23,914.17,77.1,normal,none,0,none
AWS-005,Bengaluru HAL,2026-08-05 03:20:00,13.63,914.32,75.2,normal,none,0,none
AWS-005,Bengaluru HAL,2026-08-05 03:30:00,14.63,914.13,74.1,normal,none,0,none
AWS-005,Bengaluru HAL,2026-08-05 03:40:00,13.38,913.99,76.0,normal,none,0,none
AWS-005,Bengaluru HAL,2026-08-05 03:50:00,14.59,914.25,75.3,normal,none,0,none
AWS-005,Bengaluru HAL,2026-08-05 04:00:00,14.57,914.44,79.0,normal,none,0,none
AWS-005,Bengaluru HAL,2026-08-05 04:10:00,14.46,913.9,76.0,normal,none,0,none
AWS-005,Bengaluru HAL,2026-08-05 04:20:00,15.46,914.97,73.8,normal,none,0,none
AWS-005,Bengaluru HAL,2026-08-05 04:30:00,14.83,914.23,70.6,normal,none,0,none
AWS-005,Bengaluru HAL,2026-08-05 04:40:00,15.17,952.0531696839407,72.6,spike,pressure_spike,1,pressure
AWS-005,Bengaluru HAL,2026-08-05 04:50:00,15.89,914.64,72.6,normal,none,0,none
AWS-005,Bengaluru HAL,2026-08-05 05:00:00,15.4,914.69,72.9,normal,none,0,none
AWS-005,Bengaluru HAL,2026-08-05 05:10:00,15.88,915.41,72.7,normal,none,0,none
AWS-005,Bengaluru HAL,2026-08-05 05:20:00,16.52,914.88,73.6,normal,none,0,none
AWS-005,Bengaluru HAL,2026-08-05 05:30:00,16.66,915.3,71.7,normal,none,0,none
AWS-005,Bengaluru HAL,2026-08-05 05:40:00,16.88,915.22,70.9,normal,none,0,none
AWS-005,Bengaluru HAL,2026-08-05 05:50:00,17.06,915.25,71.2,normal,none,0,none
AWS-005,Bengaluru HAL,2026-08-05 06:00:00,17.23,915.39,70.4,normal,none,0,none
AWS-005,Bengaluru HAL,2026-08-05 06:10:00,18.19,915.73,69.8,normal,none,0,none
AWS-005,Bengaluru HAL,2026-08-05 06:20:00,17.88,915.29,68.6,normal,none,0,none
AWS-005,Bengaluru HAL,2026-08-05 06:30:00,18.14,915.78,68.5,normal,none,0,none
AWS-005,Bengaluru HAL,2026-08-05 06:40:00,18.71,915.59,67.1,normal,none,0,none
AWS-005,Bengaluru HAL,2026-08-05 06:50:00,18.8,915.48,67.8,normal,none,0,none
AWS-005,Bengaluru HAL,2026-08-05 07:00:00,19.06,916.03,66.8,normal,none,0,none
AWS-005,Bengaluru HAL,2026-08-05 07:10:00,20.09,915.99,65.9,normal,none,0,none
AWS-005,Bengaluru HAL,2026-08-05 07:20:00,19.99,915.96,65.5,normal,none,0,none
AWS-005,Bengaluru HAL,2026-08-05 07:30:00,20.03,915.96,63.0,normal,none,0,none
AWS-005,Bengaluru HAL,2026-08-05 07:40:00,21.97,916.44,62.3,normal,none,0,none
AWS-005,Bengaluru HAL,2026-08-05 07:50:00,21.34,915.93,63.2,normal,none,0,none
AWS-005,Bengaluru HAL,2026-08-05 08:00:00,22.33,916.42,62.8,normal,none,0,none
AWS-005,Bengaluru HAL,2026-08-05 08:10:00,21.76,916.0,64.4,normal,none,0,none
AWS-005,Bengaluru HAL,2026-08-05 08:20:00,22.35,916.33,64.9,normal,none,0,none
AWS-005,Bengaluru HAL,2026-08-05 08:30:00,23.46,916.5,59.8,normal,none,0,none
AWS-005,Bengaluru HAL,2026-08-05 08:40:00,23.55,916.39,58.5,normal,none,0,none
AWS-005,Bengaluru HAL,2026-08-05 08:50:00,23.51,916.23,58.0,normal,none,0,none
AWS-005,Bengaluru HAL,2026-08-05 09:00:00,24.59,916.28,56.4,normal,none,0,none
AWS-005,Bengaluru HAL,2026-08-05 09:10:00,24.2,916.54,57.6,normal,none,0,none
AWS-005,Bengaluru HAL,2026-08-05 09:20:00,25.08,916.23,55.3,normal,none,0,none
AWS-005,Bengaluru HAL,2026-08-05 09:30:00,25.81,916.25,54.0,normal,none,0,none
AWS-005,Bengaluru HAL,2026-08-05 09:40:00,26.11,916.8,53.6,normal,none,0,none
AWS-005,Bengaluru HAL,2026-08-05 09:50:00,26.42,916.24,54.6,normal,none,0,none
AWS-005,Bengaluru HAL,2026-08-05 10:00:00,26.22,916.06,52.4,normal,none,0,none
AWS-005,Bengaluru HAL,2026-08-05 10:10:00,26.6,916.71,53.1,normal,none,0,none
AWS-005,Bengaluru HAL,2026-08-05 10:20:00,27.3,916.44,53.4,normal,none,0,none
AWS-005,Bengaluru HAL,2026-08-05 10:30:00,28.21,916.75,52.7,normal,none,0,none
AWS-005,Bengaluru HAL,2026-08-05 10:40:00,28.08,916.27,51.9,normal,none,0,none
AWS-005,Bengaluru HAL,2026-08-05 10:50:00,28.65,916.17,51.2,normal,none,0,none
AWS-005,Bengaluru HAL,2026-08-05 11:00:00,28.44,916.84,49.7,normal,none,0,none
AWS-005,Bengaluru HAL,2026-08-05 11:10:00,28.78,916.36,49.6,normal,none,0,none
AWS-005,Bengaluru HAL,2026-08-05 11:20:00,29.12,916.51,50.6,normal,none,0,none
AWS-005,Bengaluru HAL,2026-08-05 11:30:00,29.16,916.63,48.4,normal,none,0,none
AWS-005,Bengaluru HAL,2026-08-05 11:40:00,29.26,916.56,51.3,normal,none,0,none
AWS-005,Bengaluru HAL,2026-08-05 11:50:00,30.46,916.58,47.7,normal,none,0,none
AWS-005,Bengaluru HAL,2026-08-05 12:00:00,30.36,916.36,46.9,normal,none,0,none
AWS-005,Bengaluru HAL,2026-08-05 12:10:00,29.81,916.12,48.5,normal,none,0,none
AWS-005,Bengaluru HAL,2026-08-05 12:20:00,30.62,916.05,46.9,normal,none,0,none
AWS-005,Bengaluru HAL,2026-08-05 12:30:00,31.5,916.29,46.2,normal,none,0,none
AWS-005,Bengaluru HAL,2026-08-05 12:40:00,31.0,915.89,46.1,normal,none,0,none
AWS-005,Bengaluru HAL,2026-08-05 12:50:00,31.61,916.11,47.5,normal,none,0,none
AWS-005,Bengaluru HAL,2026-08-05 13:00:00,31.55,916.15,44.2,normal,none,0,none
AWS-005,Bengaluru HAL,2026-08-05 13:10:00,31.88,916.03,43.0,normal,none,0,none
AWS-005,Bengaluru HAL,2026-08-05 13:20:00,31.55,915.5,45.3,normal,none,0,none
AWS-005,Bengaluru HAL,2026-08-05 13:30:00,32.48,916.22,46.8,normal,none,0,none
AWS-005,Bengaluru HAL,2026-08-05 13:40:00,32.41,915.75,42.3,normal,none,0,none
AWS-005,Bengaluru HAL,2026-08-05 13:50:00,32.8,916.12,43.9,normal,none,0,none
AWS-005,Bengaluru HAL,2026-08-05 14:00:00,31.17,916.31,44.3,normal,none,0,none
AWS-005,Bengaluru HAL,2026-08-05 14:10:00,32.48,915.78,43.1,normal,none,0,none
AWS-005,Bengaluru HAL,2026-08-05 14:20:00,32.68,915.9,45.1,normal,none,0,none
AWS-005,Bengaluru HAL,2026-08-05 14:30:00,32.32,915.51,43.8,normal,none,0,none
AWS-005,Bengaluru HAL,2026-08-05 14:40:00,31.92,915.83,42.7,normal,none,0,none
AWS-005,Bengaluru HAL,2026-08-05 14:50:00,32.57,915.48,43.3,normal,none,0,none
AWS-005,Bengaluru HAL,2026-08-05 15:00:00,32.11,915.37,43.1,normal,none,0,none
AWS-005,Bengaluru HAL,2026-08-05 15:10:00,32.41,915.51,42.6,normal,none,0,none
AWS-005,Bengaluru HAL,2026-08-05 15:20:00,32.83,915.41,42.7,normal,none,0,none
AWS-005,Bengaluru HAL,2026-08-05 15:30:00,31.81,914.99,45.4,normal,none,0,none
AWS-005,Bengaluru HAL,2026-08-05 15:40:00,32.7,915.83,43.0,normal,none,0,none
AWS-005,Bengaluru HAL,2026-08-05 15:50:00,32.51,915.33,42.5,normal,none,0,none
AWS-005,Bengaluru HAL,2026-08-05 16:00:00,32.42,915.31,43.6,normal,none,0,none
AWS-005,Bengaluru HAL,2026-08-05 16:10:00,31.15,915.09,46.6,normal,none,0,none
AWS-005,Bengaluru HAL,2026-08-05 16:20:00,31.76,914.96,43.2,normal,none,0,none
AWS-005,Bengaluru HAL,2026-08-05 16:30:00,31.25,915.04,46.1,normal,none,0,none
AWS-005,Bengaluru HAL,2026-08-05 16:40:00,31.43,914.71,45.5,normal,none,0,none
AWS-005,Bengaluru HAL,2026-08-05 16:50:00,30.61,914.6,46.0,normal,none,0,none
AWS-005,Bengaluru HAL,2026-08-05 17:00:00,31.98,914.81,46.6,normal,none,0,none
AWS-005,Bengaluru HAL,2026-08-05 17:10:00,30.27,914.62,48.1,normal,none,0,none
AWS-005,Bengaluru HAL,2026-08-05 17:20:00,30.39,914.84,45.4,normal,none,0,none
AWS-005,Bengaluru HAL,2026-08-05 17:30:00,29.98,914.78,49.1,normal,none,0,none
AWS-005,Bengaluru HAL,2026-08-05 17:40:00,29.64,914.45,47.5,normal,none,0,none
AWS-005,Bengaluru HAL,2026-08-05 17:50:00,29.33,914.91,48.2,normal,none,0,none
AWS-005,Bengaluru HAL,2026-08-05 18:00:00,29.4,914.63,51.5,normal,none,0,none
AWS-005,Bengaluru HAL,2026-08-05 18:10:00,29.2,914.63,49.1,normal,none,0,none
AWS-005,Bengaluru HAL,2026-08-05 18:20:00,28.74,914.02,49.5,normal,none,0,none
AWS-005,Bengaluru HAL,2026-08-05 18:30:00,29.15,914.38,47.8,normal,none,0,none
AWS-005,Bengaluru HAL,2026-08-05 18:40:00,27.88,914.37,51.8,normal,none,0,none
AWS-005,Bengaluru HAL,2026-08-05 18:50:00,27.61,914.59,51.6,normal,none,0,none
AWS-005,Bengaluru HAL,2026-08-05 19:00:00,27.67,914.58,51.4,normal,none,0,none
AWS-005,Bengaluru HAL,2026-08-05 19:10:00,26.93,914.79,52.7,normal,none,0,none
AWS-005,Bengaluru HAL,2026-08-05 19:20:00,26.98,915.01,53.4,normal,none,0,none
AWS-005,Bengaluru HAL,2026-08-05 19:30:00,26.4,914.45,53.6,normal,none,0,none
AWS-005,Bengaluru HAL,2026-08-05 19:40:00,25.96,914.67,56.1,normal,none,0,none
AWS-005,Bengaluru HAL,2026-08-05 19:50:00,25.37,914.4,54.9,normal,none,0,none
AWS-005,Bengaluru HAL,2026-08-05 20:00:00,25.41,914.3,58.1,normal,none,0,none
AWS-005,Bengaluru HAL,2026-08-05 20:10:00,24.61,914.33,57.6,normal,none,0,none
AWS-005,Bengaluru HAL,2026-08-05 20:20:00,24.47,914.72,59.3,normal,none,0,none
AWS-005,Bengaluru HAL,2026-08-05 20:30:00,23.91,914.2,59.0,normal,none,0,none
AWS-005,Bengaluru HAL,2026-08-05 20:40:00,24.21,914.49,61.9,normal,none,0,none
AWS-005,Bengaluru HAL,2026-08-05 20:50:00,23.31,914.36,60.5,normal,none,0,none
AWS-005,Bengaluru HAL,2026-08-05 21:00:00,22.96,914.29,59.5,normal,none,0,none
AWS-005,Bengaluru HAL,2026-08-05 21:10:00,22.84,914.21,62.7,normal,none,0,none
AWS-005,Bengaluru HAL,2026-08-05 21:20:00,22.03,914.51,62.0,normal,none,0,none
AWS-005,Bengaluru HAL,2026-08-05 21:30:00,22.57,914.8,61.7,normal,none,0,none
AWS-005,Bengaluru HAL,2026-08-05 21:40:00,21.64,914.25,64.1,normal,none,0,none
AWS-005,Bengaluru HAL,2026-08-05 21:50:00,21.35,914.92,63.1,normal,none,0,none
AWS-005,Bengaluru HAL,2026-08-05 22:00:00,20.79,914.96,62.6,normal,none,0,none
AWS-005,Bengaluru HAL,2026-08-05 22:10:00,20.85,915.22,63.6,normal,none,0,none
AWS-005,Bengaluru HAL,2026-08-05 22:20:00,20.36,914.96,63.9,normal,none,0,none
AWS-005,Bengaluru HAL,2026-08-05 22:30:00,19.87,914.6,66.0,normal,none,0,none
AWS-005,Bengaluru HAL,2026-08-05 22:40:00,19.41,914.81,67.8,normal,none,0,none
AWS-005,Bengaluru HAL,2026-08-05 22:50:00,18.91,914.85,66.4,normal,none,0,none
AWS-005,Bengaluru HAL,2026-08-05 23:00:00,18.64,915.6,70.8,normal,none,0,none
AWS-005,Bengaluru HAL,2026-08-05 23:10:00,19.03,915.2,67.9,normal,none,0,none
AWS-005,Bengaluru HAL,2026-08-05 23:20:00,18.09,915.45,69.1,normal,none,0,none
AWS-005,Bengaluru HAL,2026-08-05 23:30:00,18.3,915.55,69.9,normal,none,0,none
AWS-005,Bengaluru HAL,2026-08-05 23:40:00,17.51,915.27,67.8,normal,none,0,none
AWS-005,Bengaluru HAL,2026-08-05 23:50:00,17.69,914.94,71.1,normal,none,0,none
AWS-005,Bengaluru HAL,2026-08-06 00:00:00,17.27,915.7,69.8,normal,none,0,none
AWS-005,Bengaluru HAL,2026-08-06 00:10:00,18.01,915.62,72.5,normal,none,0,none
AWS-005,Bengaluru HAL,2026-08-06 00:20:00,17.09,915.74,73.7,normal,none,0,none
AWS-005,Bengaluru HAL,2026-08-06 00:30:00,16.41,915.21,71.9,normal,none,0,none
AWS-005,Bengaluru HAL,2026-08-06 00:40:00,16.86,915.35,70.5,normal,none,0,none
AWS-005,Bengaluru HAL,2026-08-06 00:50:00,16.45,916.18,72.3,normal,none,0,none
AWS-005,Bengaluru HAL,2026-08-06 01:00:00,16.57,916.09,72.5,normal,none,0,none
AWS-005,Bengaluru HAL,2026-08-06 01:10:00,16.29,916.31,74.1,normal,none,0,none
AWS-005,Bengaluru HAL,2026-08-06 01:20:00,16.01,916.54,72.0,normal,none,0,none
AWS-005,Bengaluru HAL,2026-08-06 01:30:00,16.37,916.03,73.7,normal,none,0,none
AWS-005,Bengaluru HAL,2026-08-06 01:40:00,16.02,916.47,73.7,normal,none,0,none
AWS-005,Bengaluru HAL,2026-08-06 01:50:00,15.84,916.54,70.8,normal,none,0,none
AWS-005,Bengaluru HAL,2026-08-06 02:00:00,15.98,916.68,75.4,normal,none,0,none
AWS-005,Bengaluru HAL,2026-08-06 02:10:00,15.51,916.81,74.3,normal,none,0,none
AWS-005,Bengaluru HAL,2026-08-06 02:20:00,15.47,916.62,73.7,normal,none,0,none
AWS-005,Bengaluru HAL,2026-08-06 02:30:00,16.21,916.71,73.8,normal,none,0,none
AWS-005,Bengaluru HAL,2026-08-06 02:40:00,15.69,916.96,73.1,normal,none,0,none
AWS-005,Bengaluru HAL,2026-08-06 02:50:00,16.36,917.13,72.0,normal,none,0,none
AWS-005,Bengaluru HAL,2026-08-06 03:00:00,16.14,917.01,72.8,normal,none,0,none
AWS-005,Bengaluru HAL,2026-08-06 03:10:00,16.62,917.55,72.7,normal,none,0,none
AWS-005,Bengaluru HAL,2026-08-06 03:20:00,15.47,917.13,72.8,normal,none,0,none
AWS-005,Bengaluru HAL,2026-08-06 03:30:00,15.46,917.19,73.2,normal,none,0,none
AWS-005,Bengaluru HAL,2026-08-06 03:40:00,16.22,917.29,72.0,normal,none,0,none
AWS-005,Bengaluru HAL,2026-08-06 03:50:00,16.01,918.08,70.6,normal,none,0,none
AWS-005,Bengaluru HAL,2026-08-06 04:00:00,17.48,917.44,72.9,normal,none,0,none
AWS-005,Bengaluru HAL,2026-08-06 04:10:00,16.54,917.84,73.7,normal,none,0,none
AWS-005,Bengaluru HAL,2026-08-06 04:20:00,16.97,917.78,71.7,normal,none,0,none
AWS-005,Bengaluru HAL,2026-08-06 04:30:00,17.34,918.05,72.2,normal,none,0,none
AWS-005,Bengaluru HAL,2026-08-06 04:40:00,18.04,918.39,73.0,normal,none,0,none
AWS-005,Bengaluru HAL,2026-08-06 04:50:00,17.5,918.24,72.9,normal,none,0,none
AWS-005,Bengaluru HAL,2026-08-06 05:00:00,17.48,918.28,68.8,normal,none,0,none
AWS-005,Bengaluru HAL,2026-08-06 05:10:00,18.74,918.1,69.5,normal,none,0,none
AWS-005,Bengaluru HAL,2026-08-06 05:20:00,18.34,917.77,68.7,normal,none,0,none
AWS-005,Bengaluru HAL,2026-08-06 05:30:00,18.69,918.76,70.0,normal,none,0,none
AWS-005,Bengaluru HAL,2026-08-06 05:40:00,19.05,919.02,68.9,normal,none,0,none
AWS-005,Bengaluru HAL,2026-08-06 05:50:00,19.46,918.83,68.6,normal,none,0,none
AWS-005,Bengaluru HAL,2026-08-06 06:00:00,18.73,918.6,68.801395206461,frozen_sensor,frozen_sensor,1,humidity
AWS-005,Bengaluru HAL,2026-08-06 06:10:00,20.72,919.06,68.80505257642403,frozen_sensor,frozen_sensor,1,humidity
AWS-005,Bengaluru HAL,2026-08-06 06:20:00,20.52,918.95,68.79709560932989,frozen_sensor,frozen_sensor,1,humidity
AWS-005,Bengaluru HAL,2026-08-06 06:30:00,21.45,918.86,68.7973741509641,frozen_sensor,frozen_sensor,1,humidity
AWS-005,Bengaluru HAL,2026-08-06 06:40:00,21.18,918.9,68.79714309917122,frozen_sensor,frozen_sensor,1,humidity
AWS-005,Bengaluru HAL,2026-08-06 06:50:00,21.15,918.75,68.79537958581126,frozen_sensor,frozen_sensor,1,humidity
AWS-005,Bengaluru HAL,2026-08-06 07:00:00,21.84,919.35,68.78693725493653,frozen_sensor,frozen_sensor,1,humidity
AWS-005,Bengaluru HAL,2026-08-06 07:10:00,22.25,919.5,68.80475184841198,frozen_sensor,frozen_sensor,1,humidity
AWS-005,Bengaluru HAL,2026-08-06 07:20:00,22.55,918.87,68.80408222540476,frozen_sensor,frozen_sensor,1,humidity
AWS-005,Bengaluru HAL,2026-08-06 07:30:00,22.7,919.46,68.79238062001191,frozen_sensor,frozen_sensor,1,humidity
AWS-005,Bengaluru HAL,2026-08-06 07:40:00,23.67,919.54,60.5,normal,none,0,none
AWS-005,Bengaluru HAL,2026-08-06 07:50:00,23.66,919.53,59.5,normal,none,0,none
AWS-005,Bengaluru HAL,2026-08-06 08:00:00,23.85,919.35,58.9,normal,none,0,none
AWS-005,Bengaluru HAL,2026-08-06 08:10:00,24.72,919.9,59.7,normal,none,0,none
AWS-005,Bengaluru HAL,2026-08-06 08:20:00,24.96,919.18,59.8,normal,none,0,none
AWS-005,Bengaluru HAL,2026-08-06 08:30:00,25.45,919.38,57.3,normal,none,0,none
AWS-005,Bengaluru HAL,2026-08-06 08:40:00,25.5,919.68,56.7,normal,none,0,none
AWS-005,Bengaluru HAL,2026-08-06 08:50:00,25.55,919.52,55.0,normal,none,0,none
AWS-005,Bengaluru HAL,2026-08-06 09:00:00,26.72,919.03,53.9,normal,none,0,none
AWS-005,Bengaluru HAL,2026-08-06 09:10:00,26.22,919.81,50.9,normal,none,0,none
AWS-005,Bengaluru HAL,2026-08-06 09:20:00,27.27,919.52,52.5,normal,none,0,none
AWS-005,Bengaluru HAL,2026-08-06 09:30:00,27.36,919.77,52.5,normal,none,0,none
AWS-005,Bengaluru HAL,2026-08-06 09:40:00,27.76,919.74,52.4,normal,none,0,none
AWS-005,Bengaluru HAL,2026-08-06 09:50:00,28.59,919.7,49.9,normal,none,0,none
AWS-005,Bengaluru HAL,2026-08-06 10:00:00,28.93,919.46,50.3,normal,none,0,none
AWS-005,Bengaluru HAL,2026-08-06 10:10:00,29.23,920.0,48.7,normal,none,0,none
AWS-005,Bengaluru HAL,2026-08-06 10:20:00,29.25,919.5,49.1,normal,none,0,none
AWS-005,Bengaluru HAL,2026-08-06 10:30:00,30.28,919.21,46.4,normal,none,0,none
AWS-005,Bengaluru HAL,2026-08-06 10:40:00,29.78,919.25,47.7,normal,none,0,none
AWS-005,Bengaluru HAL,2026-08-06 10:50:00,31.08,919.66,46.9,normal,none,0,none
AWS-005,Bengaluru HAL,2026-08-06 11:00:00,31.07,919.52,45.5,normal,none,0,none
AWS-005,Bengaluru HAL,2026-08-06 11:10:00,31.28,919.45,46.2,normal,none,0,none
AWS-005,Bengaluru HAL,2026-08-06 11:20:00,31.78,919.58,44.1,normal,none,0,none
AWS-005,Bengaluru HAL,2026-08-06 11:30:00,32.63,919.78,42.1,normal,none,0,none
AWS-005,Bengaluru HAL,2026-08-06 11:40:00,31.83,919.71,46.3,normal,none,0,none
AWS-005,Bengaluru HAL,2026-08-06 11:50:00,33.04,919.46,45.5,normal,none,0,none
AWS-005,Bengaluru HAL,2026-08-06 12:00:00,33.08,919.05,42.8,normal,none,0,none
AWS-005,Bengaluru HAL,2026-08-06 12:10:00,32.75,919.19,42.1,normal,none,0,none
AWS-005,Bengaluru HAL,2026-08-06 12:20:00,33.42,919.07,41.3,normal,none,0,none
AWS-005,Bengaluru HAL,2026-08-06 12:30:00,33.84,919.27,42.9,normal,none,0,none
AWS-005,Bengaluru HAL,2026-08-06 12:40:00,33.56,918.79,41.3,normal,none,0,none
AWS-005,Bengaluru HAL,2026-08-06 12:50:00,34.57,919.31,42.6,normal,none,0,none
AWS-005,Bengaluru HAL,2026-08-06 13:00:00,34.43,918.78,40.7,normal,none,0,none
AWS-005,Bengaluru HAL,2026-08-06 13:10:00,34.17,919.22,40.5,normal,none,0,none
AWS-005,Bengaluru HAL,2026-08-06 13:20:00,34.25,918.75,40.1,normal,none,0,none
AWS-005,Bengaluru HAL,2026-08-06 13:30:00,34.25,918.89,40.3,normal,none,0,none
AWS-005,Bengaluru HAL,2026-08-06 13:40:00,34.62,918.63,39.2,normal,none,0,none
AWS-005,Bengaluru HAL,2026-08-06 13:50:00,35.28,918.26,40.2,normal,none,0,none
AWS-005,Bengaluru HAL,2026-08-06 14:00:00,34.53,918.82,39.3,normal,none,0,none
AWS-005,Bengaluru HAL,2026-08-06 14:10:00,34.86,918.9,40.4,normal,none,0,none
AWS-005,Bengaluru HAL,2026-08-06 14:20:00,34.66,918.57,39.6,normal,none,0,none
AWS-005,Bengaluru HAL,2026-08-06 14:30:00,35.81,917.99,39.9,normal,none,0,none
AWS-005,Bengaluru HAL,2026-08-06 14:40:00,34.86,918.29,39.5,normal,none,0,none
AWS-005,Bengaluru HAL,2026-08-06 14:50:00,34.7,917.84,39.7,normal,none,0,none
AWS-005,Bengaluru HAL,2026-08-06 15:00:00,35.28,918.46,40.9,normal,none,0,none
AWS-005,Bengaluru HAL,2026-08-06 15:10:00,34.55,918.14,38.6,normal,none,0,none
AWS-005,Bengaluru HAL,2026-08-06 15:20:00,34.42,917.88,40.7,normal,none,0,none
AWS-005,Bengaluru HAL,2026-08-06 15:30:00,34.66,917.97,41.4,normal,none,0,none
AWS-005,Bengaluru HAL,2026-08-06 15:40:00,34.01,917.82,42.0,normal,none,0,none
AWS-005,Bengaluru HAL,2026-08-06 15:50:00,34.71,918.51,40.5,normal,none,0,none
AWS-005,Bengaluru HAL,2026-08-06 16:00:00,33.96,918.27,42.1,normal,none,0,none
AWS-005,Bengaluru HAL,2026-08-06 16:10:00,34.2,917.85,41.7,normal,none,0,none
AWS-005,Bengaluru HAL,2026-08-06 16:20:00,33.74,917.98,41.8,normal,none,0,none
AWS-005,Bengaluru HAL,2026-08-06 16:30:00,33.64,917.73,42.0,normal,none,0,none
AWS-005,Bengaluru HAL,2026-08-06 16:40:00,33.86,917.44,42.9,normal,none,0,none
AWS-005,Bengaluru HAL,2026-08-06 16:50:00,33.36,917.29,44.4,normal,none,0,none
AWS-005,Bengaluru HAL,2026-08-06 17:00:00,32.56,917.47,44.7,normal,none,0,none
AWS-005,Bengaluru HAL,2026-08-06 17:10:00,32.83,917.11,41.2,normal,none,0,none
AWS-005,Bengaluru HAL,2026-08-06 17:20:00,32.82,917.45,43.8,normal,none,0,none
AWS-005,Bengaluru HAL,2026-08-06 17:30:00,32.25,917.57,44.4,normal,none,0,none
AWS-005,Bengaluru HAL,2026-08-06 17:40:00,31.74,917.43,46.0,normal,none,0,none
AWS-005,Bengaluru HAL,2026-08-06 17:50:00,32.52,917.42,43.5,normal,none,0,none
AWS-005,Bengaluru HAL,2026-08-06 18:00:00,31.32,916.78,45.6,normal,none,0,none
AWS-005,Bengaluru HAL,2026-08-06 18:10:00,30.88,916.86,45.4,normal,none,0,none
AWS-005,Bengaluru HAL,2026-08-06 18:20:00,31.13,917.0,48.7,normal,none,0,none
AWS-005,Bengaluru HAL,2026-08-06 18:30:00,30.86,916.7,48.5,normal,none,0,none
AWS-005,Bengaluru HAL,2026-08-06 18:40:00,30.36,916.74,48.2,normal,none,0,none
AWS-005,Bengaluru HAL,2026-08-06 18:50:00,29.94,916.97,48.9,normal,none,0,none
AWS-005,Bengaluru HAL,2026-08-06 19:00:00,30.06,917.07,48.9,normal,none,0,none
AWS-005,Bengaluru HAL,2026-08-06 19:10:00,29.4,916.51,49.8,normal,none,0,none
AWS-005,Bengaluru HAL,2026-08-06 19:20:00,29.05,916.64,50.2,normal,none,0,none
AWS-005,Bengaluru HAL,2026-08-06 19:30:00,28.03,917.08,51.8,normal,none,0,none
AWS-005,Bengaluru HAL,2026-08-06 19:40:00,28.26,916.56,52.9,normal,none,0,none
AWS-005,Bengaluru HAL,2026-08-06 19:50:00,27.87,916.89,51.4,normal,none,0,none
AWS-005,Bengaluru HAL,2026-08-06 20:00:00,27.44,916.56,52.3,normal,none,0,none
AWS-005,Bengaluru HAL,2026-08-06 20:10:00,27.05,916.85,57.0,normal,none,0,none
AWS-005,Bengaluru HAL,2026-08-06 20:20:00,26.7,917.18,53.8,normal,none,0,none
AWS-005,Bengaluru HAL,2026-08-06 20:30:00,26.75,916.02,55.4,normal,none,0,none
AWS-005,Bengaluru HAL,2026-08-06 20:40:00,26.26,916.6,55.0,normal,none,0,none
AWS-005,Bengaluru HAL,2026-08-06 20:50:00,25.38,916.76,54.6,normal,none,0,none
AWS-005,Bengaluru HAL,2026-08-06 21:00:00,25.47,916.42,55.9,normal,none,0,none
AWS-005,Bengaluru HAL,2026-08-06 21:10:00,24.56,916.59,57.3,normal,none,0,none
AWS-005,Bengaluru HAL,2026-08-06 21:20:00,24.85,916.59,58.2,normal,none,0,none
AWS-005,Bengaluru HAL,2026-08-06 21:30:00,24.66,916.54,58.9,normal,none,0,none
AWS-005,Bengaluru HAL,2026-08-06 21:40:00,24.01,916.41,59.0,normal,none,0,none
AWS-005,Bengaluru HAL,2026-08-06 21:50:00,22.84,916.17,58.1,normal,none,0,none
AWS-005,Bengaluru HAL,2026-08-06 22:00:00,22.41,916.51,61.5,normal,none,0,none
AWS-005,Bengaluru HAL,2026-08-06 22:10:00,22.53,917.16,62.4,normal,none,0,none
AWS-005,Bengaluru HAL,2026-08-06 22:20:00,21.94,916.82,62.9,normal,none,0,none
AWS-005,Bengaluru HAL,2026-08-06 22:30:00,21.69,916.63,64.3,normal,none,0,none
AWS-005,Bengaluru HAL,2026-08-06 22:40:00,21.53,917.02,64.2,normal,none,0,none
AWS-005,Bengaluru HAL,2026-08-06 22:50:00,20.74,916.58,62.6,normal,none,0,none
AWS-005,Bengaluru HAL,2026-08-06 23:00:00,21.55,916.75,64.8,normal,none,0,none
AWS-005,Bengaluru HAL,2026-08-06 23:10:00,20.8,917.02,67.4,normal,none,0,none
AWS-005,Bengaluru HAL,2026-08-06 23:20:00,20.16,917.42,64.6,normal,none,0,none
AWS-005,Bengaluru HAL,2026-08-06 23:30:00,20.05,917.23,67.8,normal,none,0,none
AWS-005,Bengaluru HAL,2026-08-06 23:40:00,19.88,917.13,67.8,normal,none,0,none
AWS-005,Bengaluru HAL,2026-08-06 23:50:00,20.24,916.96,65.2,normal,none,0,none
AWS-005,Bengaluru HAL,2026-08-07 00:00:00,18.65,917.16,69.3,normal,none,0,none
AWS-005,Bengaluru HAL,2026-08-07 00:10:00,19.03,917.6,65.9,normal,none,0,none
AWS-005,Bengaluru HAL,2026-08-07 00:20:00,17.96,917.2,69.0,normal,none,0,none
AWS-005,Bengaluru HAL,2026-08-07 00:30:00,18.44,917.34,68.5,normal,none,0,none
AWS-005,Bengaluru HAL,2026-08-07 00:40:00,18.8,917.33,70.1,normal,none,0,none
AWS-005,Bengaluru HAL,2026-08-07 00:50:00,18.41,917.9,72.6,normal,none,0,none
AWS-005,Bengaluru HAL,2026-08-07 01:00:00,18.14,917.99,70.9,normal,none,0,none
AWS-005,Bengaluru HAL,2026-08-07 01:10:00,17.66,917.64,69.2,normal,none,0,none
AWS-005,Bengaluru HAL,2026-08-07 01:20:00,18.01,917.68,72.8,normal,none,0,none
AWS-005,Bengaluru HAL,2026-08-07 01:30:00,17.92,917.81,68.7,normal,none,0,none
AWS-005,Bengaluru HAL,2026-08-07 01:40:00,18.35,917.57,70.4,normal,none,0,none
AWS-005,Bengaluru HAL,2026-08-07 01:50:00,18.24,917.94,71.2,normal,none,0,none
AWS-005,Bengaluru HAL,2026-08-07 02:00:00,17.58,918.13,69.9,normal,none,0,none
AWS-005,Bengaluru HAL,2026-08-07 02:10:00,17.61,918.0,69.8,normal,none,0,none
AWS-005,Bengaluru HAL,2026-08-07 02:20:00,17.43,918.37,68.8,normal,none,0,none
AWS-005,Bengaluru HAL,2026-08-07 02:30:00,17.94,918.06,69.5,normal,none,0,none
AWS-005,Bengaluru HAL,2026-08-07 02:40:00,17.55,918.66,69.3,normal,none,0,none
AWS-005,Bengaluru HAL,2026-08-07 02:50:00,17.41,918.32,71.6,normal,none,0,none
AWS-005,Bengaluru HAL,2026-08-07 03:00:00,17.39,918.26,72.3,normal,none,0,none
AWS-005,Bengaluru HAL,2026-08-07 03:10:00,17.11,918.46,69.8,normal,none,0,none
AWS-005,Bengaluru HAL,2026-08-07 03:20:00,16.98,918.41,70.3,normal,none,0,none
AWS-005,Bengaluru HAL,2026-08-07 03:30:00,17.51,918.3,70.2,normal,none,0,none
AWS-005,Bengaluru HAL,2026-08-07 03:40:00,17.55,918.96,71.1,normal,none,0,none
AWS-005,Bengaluru HAL,2026-08-07 03:50:00,18.06,918.4,72.8,normal,none,0,none
AWS-005,Bengaluru HAL,2026-08-07 04:00:00,17.75,918.65,70.8,normal,none,0,none
AWS-005,Bengaluru HAL,2026-08-07 04:10:00,18.06,919.02,69.0,normal,none,0,none
AWS-005,Bengaluru HAL,2026-08-07 04:20:00,17.86,919.17,68.8,normal,none,0,none
AWS-005,Bengaluru HAL,2026-08-07 04:30:00,18.4,918.66,69.3,normal,none,0,none
AWS-005,Bengaluru HAL,2026-08-07 04:40:00,18.71,918.95,68.1,normal,none,0,none
AWS-005,Bengaluru HAL,2026-08-07 04:50:00,19.3,918.91,67.7,normal,none,0,none
AWS-005,Bengaluru HAL,2026-08-07 05:00:00,19.5,919.28,66.9,normal,none,0,none
AWS-005,Bengaluru HAL,2026-08-07 05:10:00,19.67,918.95,68.5,normal,none,0,none
AWS-005,Bengaluru HAL,2026-08-07 05:20:00,20.02,919.58,67.1,normal,none,0,none
AWS-005,Bengaluru HAL,2026-08-07 05:30:00,19.75,919.2,66.8,normal,none,0,none
AWS-005,Bengaluru HAL,2026-08-07 05:40:00,19.95,919.69,67.0,normal,none,0,none
AWS-005,Bengaluru HAL,2026-08-07 05:50:00,20.54,919.57,66.5,normal,none,0,none
AWS-005,Bengaluru HAL,2026-08-07 06:00:00,21.04,920.11,65.3,normal,none,0,none
AWS-005,Bengaluru HAL,2026-08-07 06:10:00,21.79,919.58,65.0,normal,none,0,none
AWS-005,Bengaluru HAL,2026-08-07 06:20:00,21.91,920.29,64.4,normal,none,0,none
AWS-005,Bengaluru HAL,2026-08-07 06:30:00,21.68,919.91,61.9,normal,none,0,none
AWS-005,Bengaluru HAL,2026-08-07 06:40:00,21.95,920.22,64.0,normal,none,0,none
AWS-005,Bengaluru HAL,2026-08-07 06:50:00,22.48,919.8,62.7,normal,none,0,none
AWS-005,Bengaluru HAL,2026-08-07 07:00:00,22.74,919.81,62.4,normal,none,0,none
AWS-005,Bengaluru HAL,2026-08-07 07:10:00,22.46,920.16,61.6,normal,none,0,none
AWS-005,Bengaluru HAL,2026-08-07 07:20:00,23.44,920.38,59.6,normal,none,0,none
AWS-005,Bengaluru HAL,2026-08-07 07:30:00,24.45,920.33,57.0,normal,none,0,none
AWS-005,Bengaluru HAL,2026-08-07 07:40:00,24.63,920.05,59.8,normal,none,0,none
AWS-005,Bengaluru HAL,2026-08-07 07:50:00,25.39,920.13,57.2,normal,none,0,none
AWS-005,Bengaluru HAL,2026-08-07 08:00:00,24.98,920.01,57.0,normal,none,0,none
AWS-005,Bengaluru HAL,2026-08-07 08:10:00,25.81,919.5,56.2,normal,none,0,none
AWS-005,Bengaluru HAL,2026-08-07 08:20:00,26.04,920.48,56.1,normal,none,0,none
AWS-005,Bengaluru HAL,2026-08-07 08:30:00,26.44,919.92,56.4,normal,none,0,none
AWS-005,Bengaluru HAL,2026-08-07 08:40:00,26.54,919.76,55.2,normal,none,0,none
AWS-005,Bengaluru HAL,2026-08-07 08:50:00,27.24,919.68,53.1,normal,none,0,none
AWS-005,Bengaluru HAL,2026-08-07 09:00:00,27.79,920.06,53.6,normal,none,0,none
AWS-005,Bengaluru HAL,2026-08-07 09:10:00,28.38,920.11,53.7,normal,none,0,none
AWS-005,Bengaluru HAL,2026-08-07 09:20:00,27.86,920.27,51.1,normal,none,0,none
AWS-005,Bengaluru HAL,2026-08-07 09:30:00,29.28,919.95,50.5,normal,none,0,none
AWS-005,Bengaluru HAL,2026-08-07 09:40:00,29.61,920.06,49.0,normal,none,0,none
AWS-005,Bengaluru HAL,2026-08-07 09:50:00,28.94,919.69,50.2,normal,none,0,none
AWS-005,Bengaluru HAL,2026-08-07 10:00:00,30.05,919.86,48.5,normal,none,0,none
AWS-005,Bengaluru HAL,2026-08-07 10:10:00,30.11,919.13,45.5,normal,none,0,none
AWS-005,Bengaluru HAL,2026-08-07 10:20:00,30.52,919.54,47.7,normal,none,0,none
AWS-005,Bengaluru HAL,2026-08-07 10:30:00,30.64,919.76,47.6,normal,none,0,none
AWS-005,Bengaluru HAL,2026-08-07 10:40:00,31.86,919.97,46.2,normal,none,0,none
AWS-005,Bengaluru HAL,2026-08-07 10:50:00,31.1,919.5,46.5,normal,none,0,none
AWS-005,Bengaluru HAL,2026-08-07 11:00:00,31.84,919.66,43.3,normal,none,0,none
AWS-005,Bengaluru HAL,2026-08-07 11:10:00,31.83,919.99,43.2,normal,none,0,none
AWS-005,Bengaluru HAL,2026-08-07 11:20:00,32.54,919.75,43.6,normal,none,0,none
AWS-005,Bengaluru HAL,2026-08-07 11:30:00,32.59,919.41,45.1,normal,none,0,none
AWS-005,Bengaluru HAL,2026-08-07 11:40:00,33.42,919.86,42.9,normal,none,0,none
AWS-005,Bengaluru HAL,2026-08-07 11:50:00,33.77,919.34,44.0,normal,none,0,none
AWS-005,Bengaluru HAL,2026-08-07 12:00:00,34.52,919.2,42.8,normal,none,0,none
AWS-005,Bengaluru HAL,2026-08-07 12:10:00,33.53,919.37,40.6,normal,none,0,none
AWS-005,Bengaluru HAL,2026-08-07 12:20:00,33.95,919.01,42.8,normal,none,0,none
AWS-005,Bengaluru HAL,2026-08-07 12:30:00,34.22,919.59,42.0,normal,none,0,none
AWS-005,Bengaluru HAL,2026-08-07 12:40:00,34.95,919.06,39.5,normal,none,0,none
AWS-005,Bengaluru HAL,2026-08-07 12:50:00,34.73,918.81,38.3,normal,none,0,none
AWS-005,Bengaluru HAL,2026-08-07 13:00:00,35.37,918.85,39.9,normal,none,0,none
AWS-005,Bengaluru HAL,2026-08-07 13:10:00,34.68,919.19,40.7,normal,none,0,none
AWS-005,Bengaluru HAL,2026-08-07 13:20:00,34.74,919.02,39.1,normal,none,0,none
AWS-005,Bengaluru HAL,2026-08-07 13:30:00,34.79,918.62,39.7,normal,none,0,none
AWS-005,Bengaluru HAL,2026-08-07 13:40:00,34.94,918.29,39.1,normal,none,0,none
AWS-005,Bengaluru HAL,2026-08-07 13:50:00,34.71,918.2,40.0,normal,none,0,none
AWS-005,Bengaluru HAL,2026-08-07 14:00:00,34.82,918.83,37.1,normal,none,0,none
AWS-005,Bengaluru HAL,2026-08-07 14:10:00,34.49,918.42,39.9,normal,none,0,none
AWS-005,Bengaluru HAL,2026-08-07 14:20:00,35.61,918.32,41.7,normal,none,0,none
AWS-005,Bengaluru HAL,2026-08-07 14:30:00,34.78,917.77,41.0,normal,none,0,none
AWS-005,Bengaluru HAL,2026-08-07 14:40:00,35.06,918.2,39.1,normal,none,0,none
AWS-005,Bengaluru HAL,2026-08-07 14:50:00,35.53,917.83,40.0,normal,none,0,none
AWS-005,Bengaluru HAL,2026-08-07 15:00:00,35.16,917.56,38.7,normal,none,0,none
AWS-005,Bengaluru HAL,2026-08-07 15:10:00,34.71,917.69,38.4,normal,none,0,none
AWS-005,Bengaluru HAL,2026-08-07 15:20:00,34.99,917.09,40.6,normal,none,0,none
AWS-005,Bengaluru HAL,2026-08-07 15:30:00,34.62,917.1,38.4,normal,none,0,none
AWS-005,Bengaluru HAL,2026-08-07 15:40:00,35.04,917.36,41.1,normal,none,0,none
AWS-005,Bengaluru HAL,2026-08-07 15:50:00,35.05,917.63,41.1,normal,none,0,none
AWS-005,Bengaluru HAL,2026-08-07 16:00:00,34.61,917.29,41.2,normal,none,0,none
AWS-005,Bengaluru HAL,2026-08-07 16:10:00,34.17,917.17,40.8,normal,none,0,none
AWS-005,Bengaluru HAL,2026-08-07 16:20:00,34.24,917.2,39.5,normal,none,0,none
AWS-005,Bengaluru HAL,2026-08-07 16:30:00,34.1,917.23,42.9,normal,none,0,none
AWS-005,Bengaluru HAL,2026-08-07 16:40:00,34.14,917.03,43.2,normal,none,0,none
AWS-005,Bengaluru HAL,2026-08-07 16:50:00,32.71,917.15,42.6,normal,none,0,none
AWS-005,Bengaluru HAL,2026-08-07 17:00:00,32.88,916.65,41.5,normal,none,0,none
AWS-005,Bengaluru HAL,2026-08-07 17:10:00,33.29,916.58,43.9,normal,none,0,none
AWS-005,Bengaluru HAL,2026-08-07 17:20:00,32.46,916.51,44.7,normal,none,0,none
AWS-005,Bengaluru HAL,2026-08-07 17:30:00,32.32,916.39,42.8,normal,none,0,none
AWS-005,Bengaluru HAL,2026-08-07 17:40:00,32.29,915.8,43.4,normal,none,0,none
AWS-005,Bengaluru HAL,2026-08-07 17:50:00,31.95,915.97,45.1,normal,none,0,none
AWS-005,Bengaluru HAL,2026-08-07 18:00:00,66.30214320896857,916.35,45.2,spike,temperature_spike,1,temperature
AWS-005,Bengaluru HAL,2026-08-07 18:10:00,31.28,916.46,48.4,normal,none,0,none
AWS-005,Bengaluru HAL,2026-08-07 18:20:00,30.89,916.26,49.3,normal,none,0,none
AWS-005,Bengaluru HAL,2026-08-07 18:30:00,30.35,915.95,46.4,normal,none,0,none
AWS-005,Bengaluru HAL,2026-08-07 18:40:00,30.4,915.68,47.7,normal,none,0,none
AWS-005,Bengaluru HAL,2026-08-07 18:50:00,30.37,916.42,46.3,normal,none,0,none
AWS-005,Bengaluru HAL,2026-08-07 19:00:00,29.94,915.68,48.8,normal,none,0,none
AWS-005,Bengaluru HAL,2026-08-07 19:10:00,29.15,916.14,51.2,normal,none,0,none
AWS-005,Bengaluru HAL,2026-08-07 19:20:00,28.74,915.57,51.6,normal,none,0,none
AWS-005,Bengaluru HAL,2026-08-07 19:30:00,28.23,915.39,52.6,normal,none,0,none
AWS-005,Bengaluru HAL,2026-08-07 19:40:00,28.33,915.46,53.8,normal,none,0,none
AWS-005,Bengaluru HAL,2026-08-07 19:50:00,27.42,915.23,53.7,normal,none,0,none
AWS-005,Bengaluru HAL,2026-08-07 20:00:00,27.48,915.19,55.1,normal,none,0,none
AWS-005,Bengaluru HAL,2026-08-07 20:10:00,26.67,915.65,52.4,normal,none,0,none
AWS-005,Bengaluru HAL,2026-08-07 20:20:00,27.17,915.72,54.5,normal,none,0,none
AWS-005,Bengaluru HAL,2026-08-07 20:30:00,26.25,915.08,55.7,normal,none,0,none
AWS-005,Bengaluru HAL,2026-08-07 20:40:00,25.69,915.03,58.8,normal,none,0,none
AWS-005,Bengaluru HAL,2026-08-07 20:50:00,25.88,915.24,56.3,normal,none,0,none
AWS-005,Bengaluru HAL,2026-08-07 21:00:00,24.45,915.22,58.2,normal,none,0,none
AWS-005,Bengaluru HAL,2026-08-07 21:10:00,24.27,915.6,56.8,normal,none,0,none
AWS-005,Bengaluru HAL,2026-08-07 21:20:00,23.67,915.34,59.5,normal,none,0,none
AWS-005,Bengaluru HAL,2026-08-07 21:30:00,23.62,914.87,59.6,normal,none,0,none
AWS-005,Bengaluru HAL,2026-08-07 21:40:00,23.69,915.92,62.2,normal,none,0,none
AWS-005,Bengaluru HAL,2026-08-07 21:50:00,23.17,915.56,62.1,normal,none,0,none
AWS-005,Bengaluru HAL,2026-08-07 22:00:00,21.96,915.6,63.4,normal,none,0,none
AWS-005,Bengaluru HAL,2026-08-07 22:10:00,21.49,914.97,65.0,normal,none,0,none
AWS-005,Bengaluru HAL,2026-08-07 22:20:00,21.32,915.36,63.7,normal,none,0,none
AWS-005,Bengaluru HAL,2026-08-07 22:30:00,21.22,915.27,63.1,normal,none,0,none
AWS-005,Bengaluru HAL,2026-08-07 22:40:00,20.94,915.5,63.9,normal,none,0,none
AWS-005,Bengaluru HAL,2026-08-07 22:50:00,20.32,915.45,64.3,normal,none,0,none
AWS-005,Bengaluru HAL,2026-08-07 23:00:00,20.39,915.25,65.1,normal,none,0,none
AWS-005,Bengaluru HAL,2026-08-07 23:10:00,20.26,914.99,66.1,normal,none,0,none
AWS-005,Bengaluru HAL,2026-08-07 23:20:00,19.86,915.97,66.9,normal,none,0,none
AWS-005,Bengaluru HAL,2026-08-07 23:30:00,20.0,914.78,68.5,normal,none,0,none
AWS-005,Bengaluru HAL,2026-08-07 23:40:00,18.92,915.3,68.3,normal,none,0,none
AWS-005,Bengaluru HAL,2026-08-07 23:50:00,19.02,915.17,68.4,normal,none,0,none
AWS-005,Bengaluru HAL,2026-08-08 00:00:00,18.6,915.83,68.2,normal,none,0,none
AWS-005,Bengaluru HAL,2026-08-08 00:10:00,17.71,915.15,70.7,normal,none,0,none
AWS-005,Bengaluru HAL,2026-08-08 00:20:00,18.57,915.59,70.5,normal,none,0,none
AWS-005,Bengaluru HAL,2026-08-08 00:30:00,17.01,915.33,69.8,normal,none,0,none
AWS-005,Bengaluru HAL,2026-08-08 00:40:00,17.6,915.46,69.2,normal,none,0,none
AWS-005,Bengaluru HAL,2026-08-08 00:50:00,17.19,916.21,71.6,normal,none,0,none
AWS-005,Bengaluru HAL,2026-08-08 01:00:00,17.54,915.86,69.1,normal,none,0,none
AWS-005,Bengaluru HAL,2026-08-08 01:10:00,17.19,915.61,70.7,normal,none,0,none
AWS-005,Bengaluru HAL,2026-08-08 01:20:00,16.43,915.8,69.0,normal,none,0,none
AWS-005,Bengaluru HAL,2026-08-08 01:30:00,16.92,915.61,72.9,normal,none,0,none
AWS-005,Bengaluru HAL,2026-08-08 01:40:00,17.28,916.18,72.1,normal,none,0,none
AWS-005,Bengaluru HAL,2026-08-08 01:50:00,16.7,915.47,74.2,normal,none,0,none
AWS-005,Bengaluru HAL,2026-08-08 02:00:00,17.37,916.13,71.9,normal,none,0,none
AWS-005,Bengaluru HAL,2026-08-08 02:10:00,16.9,915.79,75.2,normal,none,0,none
AWS-005,Bengaluru HAL,2026-08-08 02:20:00,16.45,916.26,73.9,normal,none,0,none
AWS-005,Bengaluru HAL,2026-08-08 02:30:00,16.17,916.1,71.5,normal,none,0,none
AWS-005,Bengaluru HAL,2026-08-08 02:40:00,16.91,916.77,72.7,normal,none,0,none
AWS-005,Bengaluru HAL,2026-08-08 02:50:00,16.66,916.23,71.2,normal,none,0,none
AWS-005,Bengaluru HAL,2026-08-08 03:00:00,16.34,916.06,73.4,normal,none,0,none
AWS-005,Bengaluru HAL,2026-08-08 03:10:00,16.48,916.54,72.2,normal,none,0,none
AWS-005,Bengaluru HAL,2026-08-08 03:20:00,16.44,916.28,73.5,normal,none,0,none
AWS-005,Bengaluru HAL,2026-08-08 03:30:00,16.71,916.67,73.1,normal,none,0,none
AWS-005,Bengaluru HAL,2026-08-08 03:40:00,16.92,916.25,70.6,normal,none,0,none
AWS-005,Bengaluru HAL,2026-08-08 03:50:00,17.77,916.22,71.6,normal,none,0,none
AWS-005,Bengaluru HAL,2026-08-08 04:00:00,17.17,916.69,69.6,normal,none,0,none
AWS-005,Bengaluru HAL,2026-08-08 04:10:00,16.98,916.55,71.9,normal,none,0,none
AWS-005,Bengaluru HAL,2026-08-08 04:20:00,17.82,916.84,71.4,normal,none,0,none
AWS-005,Bengaluru HAL,2026-08-08 04:30:00,17.69,917.32,70.2,normal,none,0,none
AWS-005,Bengaluru HAL,2026-08-08 04:40:00,17.72,916.87,69.2,normal,none,0,none
AWS-005,Bengaluru HAL,2026-08-08 04:50:00,17.24,917.14,70.4,normal,none,0,none
AWS-005,Bengaluru HAL,2026-08-08 05:00:00,17.88,916.85,70.3,normal,none,0,none
AWS-005,Bengaluru HAL,2026-08-08 05:10:00,18.06,916.92,67.4,normal,none,0,none
AWS-005,Bengaluru HAL,2026-08-08 05:20:00,18.84,916.88,69.1,normal,none,0,none
AWS-005,Bengaluru HAL,2026-08-08 05:30:00,18.44,916.9,69.7,normal,none,0,none
AWS-005,Bengaluru HAL,2026-08-08 05:40:00,18.68,917.03,68.0,normal,none,0,none
AWS-005,Bengaluru HAL,2026-08-08 05:50:00,19.58,917.26,66.7,normal,none,0,none
AWS-005,Bengaluru HAL,2026-08-08 06:00:00,19.47,916.93,65.9,normal,none,0,none
AWS-005,Bengaluru HAL,2026-08-08 06:10:00,19.64,917.75,66.4,normal,none,0,none
AWS-005,Bengaluru HAL,2026-08-08 06:20:00,20.22,917.53,63.9,normal,none,0,none
AWS-005,Bengaluru HAL,2026-08-08 06:30:00,21.29,917.07,66.1,normal,none,0,none
AWS-005,Bengaluru HAL,2026-08-08 06:40:00,20.38,917.21,64.9,normal,none,0,none
AWS-005,Bengaluru HAL,2026-08-08 06:50:00,21.71,917.2,64.5,normal,none,0,none
AWS-005,Bengaluru HAL,2026-08-08 07:00:00,21.9,917.26,65.6,normal,none,0,none
AWS-005,Bengaluru HAL,2026-08-08 07:10:00,21.72,917.45,61.1,normal,none,0,none
AWS-005,Bengaluru HAL,2026-08-08 07:20:00,22.97,916.94,61.3,normal,none,0,none
AWS-005,Bengaluru HAL,2026-08-08 07:30:00,22.7,917.37,63.0,normal,none,0,none
AWS-005,Bengaluru HAL,2026-08-08 07:40:00,23.79,917.27,60.9,normal,none,0,none
AWS-005,Bengaluru HAL,2026-08-08 07:50:00,23.91,917.37,60.8,normal,none,0,none
AWS-005,Bengaluru HAL,2026-08-08 08:00:00,23.11,917.21,59.4,normal,none,0,none
AWS-005,Bengaluru HAL,2026-08-08 08:10:00,24.31,917.26,59.3,normal,none,0,none
AWS-005,Bengaluru HAL,2026-08-08 08:20:00,24.21,917.13,54.8,normal,none,0,none
AWS-005,Bengaluru HAL,2026-08-08 08:30:00,25.33,917.28,56.0,normal,none,0,none
AWS-005,Bengaluru HAL,2026-08-08 08:40:00,25.09,917.57,55.6,normal,none,0,none
AWS-005,Bengaluru HAL,2026-08-08 08:50:00,26.32,916.9,54.0,normal,none,0,none
AWS-005,Bengaluru HAL,2026-08-08 09:00:00,26.7,917.35,55.3,normal,none,0,none
AWS-005,Bengaluru HAL,2026-08-08 09:10:00,26.12,917.17,56.3,normal,none,0,none
AWS-005,Bengaluru HAL,2026-08-08 09:20:00,26.72,917.26,53.1,normal,none,0,none
AWS-005,Bengaluru HAL,2026-08-08 09:30:00,27.5,917.42,54.4,normal,none,0,none
AWS-005,Bengaluru HAL,2026-08-08 09:40:00,27.91,917.08,53.7,normal,none,0,none
AWS-005,Bengaluru HAL,2026-08-08 09:50:00,27.27,916.54,53.5,normal,none,0,none
AWS-005,Bengaluru HAL,2026-08-08 10:00:00,28.18,917.04,51.3,normal,none,0,none
AWS-005,Bengaluru HAL,2026-08-08 10:10:00,28.36,916.74,51.6,normal,none,0,none
AWS-005,Bengaluru HAL,2026-08-08 10:20:00,29.39,917.02,49.3,normal,none,0,none
AWS-005,Bengaluru HAL,2026-08-08 10:30:00,29.06,916.69,48.4,normal,none,0,none
AWS-005,Bengaluru HAL,2026-08-08 10:40:00,29.45,917.04,52.1,normal,none,0,none
AWS-005,Bengaluru HAL,2026-08-08 10:50:00,30.13,916.53,47.3,normal,none,0,none
AWS-005,Bengaluru HAL,2026-08-08 11:00:00,29.73,917.33,44.9,normal,none,0,none
AWS-005,Bengaluru HAL,2026-08-08 11:10:00,30.66,916.83,47.8,normal,none,0,none
AWS-005,Bengaluru HAL,2026-08-08 11:20:00,30.77,916.19,48.1,normal,none,0,none
AWS-005,Bengaluru HAL,2026-08-08 11:30:00,31.53,916.1,47.4,normal,none,0,none
AWS-005,Bengaluru HAL,2026-08-08 11:40:00,31.57,916.79,44.3,normal,none,0,none
AWS-005,Bengaluru HAL,2026-08-08 11:50:00,31.59,915.99,46.4,normal,none,0,none
AWS-005,Bengaluru HAL,2026-08-08 12:00:00,32.0,916.12,46.6,normal,none,0,none
AWS-005,Bengaluru HAL,2026-08-08 12:10:00,31.45,915.98,43.7,normal,none,0,none
AWS-005,Bengaluru HAL,2026-08-08 12:20:00,32.2,916.45,43.7,normal,none,0,none
AWS-005,Bengaluru HAL,2026-08-08 12:30:00,33.04,916.35,43.5,normal,none,0,none
AWS-005,Bengaluru HAL,2026-08-08 12:40:00,32.24,916.11,45.6,normal,none,0,none
AWS-005,Bengaluru HAL,2026-08-08 12:50:00,32.61,916.35,42.8,normal,none,0,none
AWS-005,Bengaluru HAL,2026-08-08 13:00:00,32.38,915.48,41.9,normal,none,0,none
AWS-005,Bengaluru HAL,2026-08-08 13:10:00,32.6,915.94,42.7,normal,none,0,none
AWS-005,Bengaluru HAL,2026-08-08 13:20:00,32.71,915.28,45.0,normal,none,0,none
AWS-005,Bengaluru HAL,2026-08-08 13:30:00,33.29,915.62,40.8,normal,none,0,none
AWS-005,Bengaluru HAL,2026-08-08 13:40:00,33.47,915.47,41.2,normal,none,0,none
AWS-005,Bengaluru HAL,2026-08-08 13:50:00,33.65,915.66,41.1,normal,none,0,none
AWS-005,Bengaluru HAL,2026-08-08 14:00:00,32.64,915.29,41.4,normal,none,0,none
AWS-005,Bengaluru HAL,2026-08-08 14:10:00,33.11,914.95,41.4,normal,none,0,none
AWS-005,Bengaluru HAL,2026-08-08 14:20:00,33.31,914.85,42.8,normal,none,0,none
AWS-005,Bengaluru HAL,2026-08-08 14:30:00,33.72,914.63,41.5,normal,none,0,none
AWS-005,Bengaluru HAL,2026-08-08 14:40:00,33.62,914.93,41.2,normal,none,0,none
AWS-005,Bengaluru HAL,2026-08-08 14:50:00,32.81,915.08,43.6,normal,none,0,none
AWS-005,Bengaluru HAL,2026-08-08 15:00:00,33.68,914.45,42.6,normal,none,0,none
AWS-005,Bengaluru HAL,2026-08-08 15:10:00,33.71,914.58,43.9,normal,none,0,none
AWS-005,Bengaluru HAL,2026-08-08 15:20:00,32.99,914.02,41.9,normal,none,0,none
AWS-005,Bengaluru HAL,2026-08-08 15:30:00,33.5,914.24,42.5,normal,none,0,none
AWS-005,Bengaluru HAL,2026-08-08 15:40:00,32.79,914.14,43.1,normal,none,0,none
AWS-005,Bengaluru HAL,2026-08-08 15:50:00,32.14,914.06,40.4,normal,none,0,none
AWS-005,Bengaluru HAL,2026-08-08 16:00:00,32.7,913.71,41.2,normal,none,0,none
AWS-005,Bengaluru HAL,2026-08-08 16:10:00,31.5,914.17,41.2,normal,none,0,none
AWS-005,Bengaluru HAL,2026-08-08 16:20:00,32.36,913.7,44.1,normal,none,0,none
AWS-005,Bengaluru HAL,2026-08-08 16:30:00,31.49,913.69,43.9,normal,none,0,none
AWS-005,Bengaluru HAL,2026-08-08 16:40:00,31.51,913.44,43.5,normal,none,0,none
AWS-005,Bengaluru HAL,2026-08-08 16:50:00,31.49,913.39,46.1,normal,none,0,none
AWS-005,Bengaluru HAL,2026-08-08 17:00:00,31.16,913.28,45.7,normal,none,0,none
AWS-005,Bengaluru HAL,2026-08-08 17:10:00,31.12,913.22,48.6,normal,none,0,none
AWS-005,Bengaluru HAL,2026-08-08 17:20:00,30.9,913.09,49.2,normal,none,0,none
AWS-005,Bengaluru HAL,2026-08-08 17:30:00,29.86,913.01,47.7,normal,none,0,none
AWS-005,Bengaluru HAL,2026-08-08 17:40:00,30.07,912.84,50.9,normal,none,0,none
AWS-005,Bengaluru HAL,2026-08-08 17:50:00,29.59,912.8,49.0,normal,none,0,none
AWS-005,Bengaluru HAL,2026-08-08 18:00:00,29.39,912.76,49.2,normal,none,0,none
AWS-005,Bengaluru HAL,2026-08-08 18:10:00,28.73,912.72,49.3,normal,none,0,none
AWS-005,Bengaluru HAL,2026-08-08 18:20:00,28.35,913.1,51.1,normal,none,0,none
AWS-005,Bengaluru HAL,2026-08-08 18:30:00,28.19,913.05,49.2,normal,none,0,none
AWS-005,Bengaluru HAL,2026-08-08 18:40:00,27.97,912.85,51.6,normal,none,0,none
AWS-005,Bengaluru HAL,2026-08-08 18:50:00,27.52,911.99,54.5,normal,none,0,none
AWS-005,Bengaluru HAL,2026-08-08 19:00:00,26.11,912.61,52.0,normal,none,0,none
AWS-005,Bengaluru HAL,2026-08-08 19:10:00,27.19,912.41,54.8,drift,drift,1,temperature
AWS-005,Bengaluru HAL,2026-08-08 19:20:00,27.47,911.96,54.1,drift,drift,1,temperature
AWS-005,Bengaluru HAL,2026-08-08 19:30:00,28.01,912.32,56.0,drift,drift,1,temperature
AWS-005,Bengaluru HAL,2026-08-08 19:40:00,27.86,912.36,53.9,drift,drift,1,temperature
AWS-005,Bengaluru HAL,2026-08-08 19:50:00,27.700000000000003,911.69,56.5,drift,drift,1,temperature
AWS-005,Bengaluru HAL,2026-08-08 20:00:00,27.78,912.59,54.2,drift,drift,1,temperature
AWS-005,Bengaluru HAL,2026-08-08 20:10:00,28.53,912.23,60.2,drift,drift,1,temperature
AWS-005,Bengaluru HAL,2026-08-08 20:20:00,28.55,911.97,59.7,drift,drift,1,temperature
AWS-005,Bengaluru HAL,2026-08-08 20:30:00,29.07,911.98,58.3,drift,drift,1,temperature
AWS-005,Bengaluru HAL,2026-08-08 20:40:00,29.46,911.46,59.1,drift,drift,1,temperature
AWS-005,Bengaluru HAL,2026-08-08 20:50:00,29.41,912.24,61.3,drift,drift,1,temperature
AWS-005,Bengaluru HAL,2026-08-08 21:00:00,30.07,912.11,61.2,drift,drift,1,temperature
AWS-005,Bengaluru HAL,2026-08-08 21:10:00,30.14,911.37,63.8,drift,drift,1,temperature
AWS-005,Bengaluru HAL,2026-08-08 21:20:00,29.86,911.56,61.5,drift,drift,1,temperature
AWS-005,Bengaluru HAL,2026-08-08 21:30:00,30.42,911.8,64.6,drift,drift,1,temperature
AWS-005,Bengaluru HAL,2026-08-08 21:40:00,30.23,911.65,65.1,drift,drift,1,temperature
AWS-005,Bengaluru HAL,2026-08-08 21:50:00,30.549999999999997,911.69,64.7,drift,drift,1,temperature
AWS-005,Bengaluru HAL,2026-08-08 22:00:00,30.2,911.51,66.5,drift,drift,1,temperature
AWS-005,Bengaluru HAL,2026-08-08 22:10:00,18.74,911.95,67.4,normal,none,0,none
AWS-005,Bengaluru HAL,2026-08-08 22:20:00,19.25,911.49,66.6,normal,none,0,none
AWS-005,Bengaluru HAL,2026-08-08 22:30:00,18.51,911.99,68.6,normal,none,0,none
AWS-005,Bengaluru HAL,2026-08-08 22:40:00,18.74,912.22,67.2,normal,none,0,none
AWS-005,Bengaluru HAL,2026-08-08 22:50:00,17.76,911.59,69.9,normal,none,0,none
AWS-005,Bengaluru HAL,2026-08-08 23:00:00,18.4,912.05,68.3,normal,none,0,none
AWS-005,Bengaluru HAL,2026-08-08 23:10:00,17.02,911.53,71.3,normal,none,0,none
AWS-005,Bengaluru HAL,2026-08-08 23:20:00,17.86,911.86,70.9,normal,none,0,none
AWS-005,Bengaluru HAL,2026-08-08 23:30:00,16.85,911.48,70.5,normal,none,0,none
AWS-005,Bengaluru HAL,2026-08-08 23:40:00,16.93,912.07,73.8,normal,none,0,none
AWS-005,Bengaluru HAL,2026-08-08 23:50:00,16.09,911.82,71.9,normal,none,0,none
AWS-005,Bengaluru HAL,2026-08-09 00:00:00,15.9,912.56,71.3,normal,none,0,none
AWS-005,Bengaluru HAL,2026-08-09 00:10:00,15.53,911.55,71.9,normal,none,0,none
AWS-005,Bengaluru HAL,2026-08-09 00:20:00,16.06,912.38,73.5,normal,none,0,none
AWS-005,Bengaluru HAL,2026-08-09 00:30:00,15.89,912.04,73.0,normal,none,0,none
AWS-005,Bengaluru HAL,2026-08-09 00:40:00,15.76,912.21,73.4,normal,none,0,none
AWS-005,Bengaluru HAL,2026-08-09 00:50:00,15.24,912.63,73.7,normal,none,0,none
AWS-005,Bengaluru HAL,2026-08-09 01:00:00,14.42,912.32,72.6,normal,none,0,none
AWS-005,Bengaluru HAL,2026-08-09 01:10:00,14.83,911.93,74.9,normal,none,0,none
AWS-005,Bengaluru HAL,2026-08-09 01:20:00,14.24,912.82,75.7,normal,none,0,none
AWS-005,Bengaluru HAL,2026-08-09 01:30:00,14.33,911.97,75.8,normal,none,0,none
AWS-005,Bengaluru HAL,2026-08-09 01:40:00,14.01,912.32,75.5,normal,none,0,none
AWS-005,Bengaluru HAL,2026-08-09 01:50:00,14.12,912.39,74.7,normal,none,0,none
AWS-005,Bengaluru HAL,2026-08-09 02:00:00,14.46,912.5,76.2,normal,none,0,none
AWS-005,Bengaluru HAL,2026-08-09 02:10:00,14.09,912.62,75.7,normal,none,0,none
AWS-005,Bengaluru HAL,2026-08-09 02:20:00,14.61,912.54,77.5,normal,none,0,none
AWS-005,Bengaluru HAL,2026-08-09 02:30:00,14.2,912.89,75.4,normal,none,0,none
AWS-005,Bengaluru HAL,2026-08-09 02:40:00,13.56,912.41,79.2,normal,none,0,none
AWS-005,Bengaluru HAL,2026-08-09 02:50:00,14.48,912.36,75.0,normal,none,0,none
AWS-005,Bengaluru HAL,2026-08-09 03:00:00,14.72,912.95,75.4,normal,none,0,none
AWS-005,Bengaluru HAL,2026-08-09 03:10:00,14.15,913.16,75.8,normal,none,0,none
AWS-005,Bengaluru HAL,2026-08-09 03:20:00,14.76,913.05,75.4,normal,none,0,none
AWS-005,Bengaluru HAL,2026-08-09 03:30:00,14.24,912.36,76.1,normal,none,0,none
AWS-005,Bengaluru HAL,2026-08-09 03:40:00,14.52,912.72,74.3,normal,none,0,none
AWS-005,Bengaluru HAL,2026-08-09 03:50:00,14.48,913.17,75.6,normal,none,0,none
AWS-005,Bengaluru HAL,2026-08-09 04:00:00,14.34,913.0,76.4,normal,none,0,none
AWS-005,Bengaluru HAL,2026-08-09 04:10:00,15.19,913.63,75.1,normal,none,0,none
AWS-005,Bengaluru HAL,2026-08-09 04:20:00,15.68,913.24,74.4,normal,none,0,none
AWS-005,Bengaluru HAL,2026-08-09 04:30:00,14.7,913.28,73.9,normal,none,0,none
AWS-005,Bengaluru HAL,2026-08-09 04:40:00,15.45,913.42,73.8,normal,none,0,none
AWS-005,Bengaluru HAL,2026-08-09 04:50:00,15.45,913.74,72.2,normal,none,0,none
AWS-005,Bengaluru HAL,2026-08-09 05:00:00,15.66,913.57,73.9,normal,none,0,none
AWS-005,Bengaluru HAL,2026-08-09 05:10:00,16.17,913.69,73.6,normal,none,0,none
AWS-005,Bengaluru HAL,2026-08-09 05:20:00,16.55,913.21,72.7,normal,none,0,none
AWS-005,Bengaluru HAL,2026-08-09 05:30:00,15.88,913.52,71.1,normal,none,0,none
AWS-005,Bengaluru HAL,2026-08-09 05:40:00,16.56,913.84,72.2,normal,none,0,none
AWS-005,Bengaluru HAL,2026-08-09 05:50:00,16.55,914.0,70.0,normal,none,0,none
AWS-005,Bengaluru HAL,2026-08-09 06:00:00,17.48,913.4,70.5,normal,none,0,none
AWS-005,Bengaluru HAL,2026-08-09 06:10:00,17.81,913.48,70.8,normal,none,0,none
AWS-005,Bengaluru HAL,2026-08-09 06:20:00,17.86,914.27,69.6,normal,none,0,none
AWS-005,Bengaluru HAL,2026-08-09 06:30:00,18.78,913.99,68.2,normal,none,0,none
AWS-005,Bengaluru HAL,2026-08-09 06:40:00,19.13,913.81,68.8,normal,none,0,none
AWS-005,Bengaluru HAL,2026-08-09 06:50:00,18.99,913.87,67.7,normal,none,0,none
AWS-005,Bengaluru HAL,2026-08-09 07:00:00,19.49,913.84,64.7,normal,none,0,none
AWS-005,Bengaluru HAL,2026-08-09 07:10:00,20.28,914.41,67.4,normal,none,0,none
AWS-005,Bengaluru HAL,2026-08-09 07:20:00,20.24,914.11,65.9,normal,none,0,none
AWS-005,Bengaluru HAL,2026-08-09 07:30:00,20.15,913.71,66.1,normal,none,0,none
AWS-005,Bengaluru HAL,2026-08-09 07:40:00,21.41,913.91,65.3,normal,none,0,none
AWS-005,Bengaluru HAL,2026-08-09 07:50:00,21.78,913.85,65.5,normal,none,0,none
AWS-005,Bengaluru HAL,2026-08-09 08:00:00,22.1,914.4,62.9,normal,none,0,none
AWS-005,Bengaluru HAL,2026-08-09 08:10:00,22.1,914.12,62.1,normal,none,0,none
AWS-005,Bengaluru HAL,2026-08-09 08:20:00,22.26,913.84,62.7,normal,none,0,none
AWS-005,Bengaluru HAL,2026-08-09 08:30:00,23.08,914.44,60.1,normal,none,0,none
AWS-005,Bengaluru HAL,2026-08-09 08:40:00,23.14,914.01,60.2,normal,none,0,none
AWS-005,Bengaluru HAL,2026-08-09 08:50:00,23.53,913.81,59.8,normal,none,0,none
AWS-005,Bengaluru HAL,2026-08-09 09:00:00,23.68,913.63,58.3,normal,none,0,none
AWS-005,Bengaluru HAL,2026-08-09 09:10:00,23.96,913.85,59.1,normal,none,0,none
AWS-005,Bengaluru HAL,2026-08-09 09:20:00,24.96,914.01,56.3,normal,none,0,none
AWS-005,Bengaluru HAL,2026-08-09 09:30:00,25.06,914.03,58.7,normal,none,0,none
AWS-005,Bengaluru HAL,2026-08-09 09:40:00,25.09,913.98,54.2,normal,none,0,none
AWS-005,Bengaluru HAL,2026-08-09 09:50:00,25.04,913.41,54.2,normal,none,0,none
AWS-005,Bengaluru HAL,2026-08-09 10:00:00,26.03,914.43,56.3,normal,none,0,none
AWS-005,Bengaluru HAL,2026-08-09 10:10:00,26.33,913.7,51.9,normal,none,0,none
AWS-005,Bengaluru HAL,2026-08-09 10:20:00,27.12,913.69,53.4,normal,none,0,none
AWS-005,Bengaluru HAL,2026-08-09 10:30:00,27.0,913.93,52.8,normal,none,0,none
AWS-005,Bengaluru HAL,2026-08-09 10:40:00,27.58,913.74,50.8,normal,none,0,none
AWS-005,Bengaluru HAL,2026-08-09 10:50:00,27.8,913.9,51.6,normal,none,0,none
AWS-005,Bengaluru HAL,2026-08-09 11:00:00,27.77,913.42,49.4,normal,none,0,none
AWS-005,Bengaluru HAL,2026-08-09 11:10:00,28.03,913.53,52.7,normal,none,0,none
AWS-005,Bengaluru HAL,2026-08-09 11:20:00,28.6,913.43,49.0,normal,none,0,none
AWS-005,Bengaluru HAL,2026-08-09 11:30:00,29.04,913.43,48.6,normal,none,0,none
AWS-005,Bengaluru HAL,2026-08-09 11:40:00,28.85,913.35,47.6,normal,none,0,none
AWS-005,Bengaluru HAL,2026-08-09 11:50:00,29.23,913.64,47.4,normal,none,0,none
AWS-005,Bengaluru HAL,2026-08-09 12:00:00,29.93,913.38,47.0,normal,none,0,none
AWS-005,Bengaluru HAL,2026-08-09 12:10:00,29.89,913.14,48.3,normal,none,0,none
AWS-005,Bengaluru HAL,2026-08-09 12:20:00,31.08,913.13,47.4,normal,none,0,none
AWS-005,Bengaluru HAL,2026-08-09 12:30:00,30.68,913.4,45.8,normal,none,0,none
AWS-005,Bengaluru HAL,2026-08-09 12:40:00,30.95,912.77,46.9,normal,none,0,none
AWS-005,Bengaluru HAL,2026-08-09 12:50:00,30.22,913.39,46.9,normal,none,0,none
AWS-005,Bengaluru HAL,2026-08-09 13:00:00,30.39,912.34,47.3,normal,none,0,none
AWS-005,Bengaluru HAL,2026-08-09 13:10:00,31.15,912.96,48.1,normal,none,0,none
AWS-005,Bengaluru HAL,2026-08-09 13:20:00,31.14,912.59,47.0,normal,none,0,none
AWS-005,Bengaluru HAL,2026-08-09 13:30:00,31.45,913.21,46.9,normal,none,0,none
AWS-005,Bengaluru HAL,2026-08-09 13:40:00,31.42,912.52,45.3,normal,none,0,none
AWS-005,Bengaluru HAL,2026-08-09 13:50:00,31.47,912.73,46.5,normal,none,0,none
AWS-005,Bengaluru HAL,2026-08-09 14:00:00,31.41,912.26,45.4,normal,none,0,none
AWS-005,Bengaluru HAL,2026-08-09 14:10:00,31.34,912.3,43.3,normal,none,0,none
AWS-005,Bengaluru HAL,2026-08-09 14:20:00,31.56,912.28,43.9,normal,none,0,none
AWS-005,Bengaluru HAL,2026-08-09 14:30:00,31.73,911.93,45.6,normal,none,0,none
AWS-005,Bengaluru HAL,2026-08-09 14:40:00,31.31,912.22,45.4,normal,none,0,none
AWS-005,Bengaluru HAL,2026-08-09 14:50:00,31.99,911.7,45.8,normal,none,0,none
AWS-005,Bengaluru HAL,2026-08-09 15:00:00,31.51,911.76,44.4,normal,none,0,none
AWS-005,Bengaluru HAL,2026-08-09 15:10:00,31.57,911.34,45.8,normal,none,0,none
AWS-005,Bengaluru HAL,2026-08-09 15:20:00,31.1,911.64,44.3,normal,none,0,none
AWS-005,Bengaluru HAL,2026-08-09 15:30:00,31.21,911.35,46.4,normal,none,0,none
AWS-005,Bengaluru HAL,2026-08-09 15:40:00,30.92,911.22,46.4,normal,none,0,none
AWS-005,Bengaluru HAL,2026-08-09 15:50:00,30.69,911.32,44.8,normal,none,0,none
AWS-005,Bengaluru HAL,2026-08-09 16:00:00,30.43,910.69,45.2,normal,none,0,none
AWS-005,Bengaluru HAL,2026-08-09 16:10:00,30.83,910.93,44.7,normal,none,0,none
AWS-005,Bengaluru HAL,2026-08-09 16:20:00,30.67,910.97,47.0,normal,none,0,none
AWS-005,Bengaluru HAL,2026-08-09 16:30:00,29.58,910.69,48.0,normal,none,0,none
AWS-005,Bengaluru HAL,2026-08-09 16:40:00,29.45,910.98,48.2,normal,none,0,none
AWS-005,Bengaluru HAL,2026-08-09 16:50:00,29.93,910.98,46.0,normal,none,0,none
AWS-005,Bengaluru HAL,2026-08-09 17:00:00,29.81,910.9,48.6,normal,none,0,none
AWS-005,Bengaluru HAL,2026-08-09 17:10:00,29.48,910.76,47.7,normal,none,0,none
AWS-005,Bengaluru HAL,2026-08-09 17:20:00,28.68,910.11,48.3,normal,none,0,none
AWS-005,Bengaluru HAL,2026-08-09 17:30:00,29.15,910.58,50.8,normal,none,0,none
AWS-005,Bengaluru HAL,2026-08-09 17:40:00,28.55,910.51,48.8,normal,none,0,none
AWS-005,Bengaluru HAL,2026-08-09 17:50:00,28.06,910.74,50.5,normal,none,0,none
AWS-005,Bengaluru HAL,2026-08-09 18:00:00,27.99,910.32,51.7,normal,none,0,none
AWS-005,Bengaluru HAL,2026-08-09 18:10:00,27.52,910.0,50.7,normal,none,0,none
AWS-005,Bengaluru HAL,2026-08-09 18:20:00,27.33,909.88,54.1,normal,none,0,none
AWS-005,Bengaluru HAL,2026-08-09 18:30:00,27.33,909.77,54.3,normal,none,0,none
AWS-005,Bengaluru HAL,2026-08-09 18:40:00,26.31,910.17,52.2,normal,none,0,none
AWS-005,Bengaluru HAL,2026-08-09 18:50:00,26.68,909.95,53.2,normal,none,0,none
AWS-005,Bengaluru HAL,2026-08-09 19:00:00,25.92,909.37,55.6,normal,none,0,none
AWS-005,Bengaluru HAL,2026-08-09 19:10:00,25.7,910.16,56.8,normal,none,0,none
AWS-005,Bengaluru HAL,2026-08-09 19:20:00,24.91,909.94,55.8,normal,none,0,none
AWS-005,Bengaluru HAL,2026-08-09 19:30:00,25.5,909.99,57.2,normal,none,0,none
AWS-005,Bengaluru HAL,2026-08-09 19:40:00,24.65,909.66,57.8,normal,none,0,none
AWS-005,Bengaluru HAL,2026-08-09 19:50:00,24.3,910.39,57.3,normal,none,0,none
AWS-005,Bengaluru HAL,2026-08-09 20:00:00,23.35,909.88,58.3,normal,none,0,none
AWS-005,Bengaluru HAL,2026-08-09 20:10:00,23.25,909.7,59.9,normal,none,0,none
AWS-005,Bengaluru HAL,2026-08-09 20:20:00,22.99,909.56,58.9,normal,none,0,none
AWS-005,Bengaluru HAL,2026-08-09 20:30:00,23.22,909.77,63.1,normal,none,0,none
AWS-005,Bengaluru HAL,2026-08-09 20:40:00,22.17,909.81,63.2,normal,none,0,none
AWS-005,Bengaluru HAL,2026-08-09 20:50:00,22.04,910.11,62.4,normal,none,0,none
AWS-005,Bengaluru HAL,2026-08-09 21:00:00,21.03,909.69,62.5,normal,none,0,none
AWS-005,Bengaluru HAL,2026-08-09 21:10:00,20.39,909.74,62.3,normal,none,0,none
AWS-005,Bengaluru HAL,2026-08-09 21:20:00,20.63,909.94,67.2,normal,none,0,none
AWS-005,Bengaluru HAL,2026-08-09 21:30:00,20.65,909.88,65.9,normal,none,0,none
AWS-005,Bengaluru HAL,2026-08-09 21:40:00,19.78,909.57,65.6,normal,none,0,none
AWS-005,Bengaluru HAL,2026-08-09 21:50:00,19.86,909.33,67.8,normal,none,0,none
AWS-005,Bengaluru HAL,2026-08-09 22:00:00,18.76,909.52,67.4,normal,none,0,none
AWS-005,Bengaluru HAL,2026-08-09 22:10:00,18.57,909.73,67.6,normal,none,0,none
AWS-005,Bengaluru HAL,2026-08-09 22:20:00,18.4,910.0,69.3,normal,none,0,none
AWS-005,Bengaluru HAL,2026-08-09 22:30:00,18.11,910.2,69.7,normal,none,0,none
AWS-005,Bengaluru HAL,2026-08-09 22:40:00,17.95,910.54,70.1,normal,none,0,none
AWS-005,Bengaluru HAL,2026-08-09 22:50:00,17.96,910.31,71.8,normal,none,0,none
AWS-005,Bengaluru HAL,2026-08-09 23:00:00,16.62,909.47,68.5,normal,none,0,none
AWS-005,Bengaluru HAL,2026-08-09 23:10:00,16.37,910.13,71.7,normal,none,0,none
AWS-005,Bengaluru HAL,2026-08-09 23:20:00,16.09,910.45,69.8,normal,none,0,none
AWS-005,Bengaluru HAL,2026-08-09 23:30:00,16.5,910.4,70.9,normal,none,0,none
AWS-005,Bengaluru HAL,2026-08-09 23:40:00,16.06,909.72,72.5,normal,none,0,none
AWS-005,Bengaluru HAL,2026-08-09 23:50:00,15.78,910.05,72.9,normal,none,0,none
AWS-005,Bengaluru HAL,2026-08-10 00:00:00,15.32,909.9,75.3,normal,none,0,none
AWS-005,Bengaluru HAL,2026-08-10 00:10:00,14.94,910.29,73.7,normal,none,0,none
AWS-005,Bengaluru HAL,2026-08-10 00:20:00,14.78,910.34,75.2,normal,none,0,none
AWS-005,Bengaluru HAL,2026-08-10 00:30:00,14.85,910.31,74.7,normal,none,0,none
AWS-005,Bengaluru HAL,2026-08-10 00:40:00,14.7,910.74,76.9,normal,none,0,none
AWS-005,Bengaluru HAL,2026-08-10 00:50:00,14.71,910.45,75.7,normal,none,0,none
AWS-005,Bengaluru HAL,2026-08-10 01:00:00,14.02,910.83,76.3,normal,none,0,none
AWS-005,Bengaluru HAL,2026-08-10 01:10:00,14.44,910.63,76.2,normal,none,0,none
AWS-005,Bengaluru HAL,2026-08-10 01:20:00,14.92,910.93,76.6,normal,none,0,none
AWS-005,Bengaluru HAL,2026-08-10 01:30:00,14.15,910.69,77.3,normal,none,0,none
AWS-005,Bengaluru HAL,2026-08-10 01:40:00,14.71,910.55,75.9,normal,none,0,none
AWS-005,Bengaluru HAL,2026-08-10 01:50:00,14.27,911.09,78.3,normal,none,0,none
AWS-005,Bengaluru HAL,2026-08-10 02:00:00,13.17,910.84,76.6,normal,none,0,none
AWS-005,Bengaluru HAL,2026-08-10 02:10:00,13.53,911.28,75.0,normal,none,0,none
AWS-005,Bengaluru HAL,2026-08-10 02:20:00,13.67,911.09,76.3,normal,none,0,none
AWS-005,Bengaluru HAL,2026-08-10 02:30:00,13.25,911.53,75.7,normal,none,0,none
AWS-005,Bengaluru HAL,2026-08-10 02:40:00,13.9,911.36,76.6,normal,none,0,none
AWS-005,Bengaluru HAL,2026-08-10 02:50:00,13.72,911.61,77.0,normal,none,0,none
AWS-005,Bengaluru HAL,2026-08-10 03:00:00,13.19,911.46,75.3,normal,none,0,none
AWS-005,Bengaluru HAL,2026-08-10 03:10:00,13.88,911.71,74.4,normal,none,0,none
AWS-005,Bengaluru HAL,2026-08-10 03:20:00,14.05,911.96,75.7,normal,none,0,none
AWS-005,Bengaluru HAL,2026-08-10 03:30:00,13.62,911.71,77.1,normal,none,0,none
AWS-005,Bengaluru HAL,2026-08-10 03:40:00,14.35,912.23,74.8,normal,none,0,none
AWS-005,Bengaluru HAL,2026-08-10 03:50:00,14.1,911.77,75.9,normal,none,0,none
AWS-005,Bengaluru HAL,2026-08-10 04:00:00,14.06,911.95,77.8,normal,none,0,none
AWS-005,Bengaluru HAL,2026-08-10 04:10:00,14.37,912.27,75.7,normal,none,0,none
AWS-005,Bengaluru HAL,2026-08-10 04:20:00,14.5,911.99,77.1,normal,none,0,none
AWS-005,Bengaluru HAL,2026-08-10 04:30:00,14.75,911.94,73.6,normal,none,0,none
AWS-005,Bengaluru HAL,2026-08-10 04:40:00,14.95,912.24,74.1,normal,none,0,none
AWS-005,Bengaluru HAL,2026-08-10 04:50:00,15.54,912.34,74.3,normal,none,0,none
AWS-005,Bengaluru HAL,2026-08-10 05:00:00,15.37,912.23,72.6,normal,none,0,none
AWS-005,Bengaluru HAL,2026-08-10 05:10:00,15.76,912.4,72.6,normal,none,0,none
AWS-005,Bengaluru HAL,2026-08-10 05:20:00,16.1,912.73,72.8,normal,none,0,none
AWS-005,Bengaluru HAL,2026-08-10 05:30:00,16.48,912.65,71.3,normal,none,0,none
AWS-005,Bengaluru HAL,2026-08-10 05:40:00,16.65,912.93,73.2,normal,none,0,none
AWS-005,Bengaluru HAL,2026-08-10 05:50:00,17.15,913.15,70.9,normal,none,0,none
AWS-005,Bengaluru HAL,2026-08-10 06:00:00,17.67,912.9,70.2,normal,none,0,none
AWS-005,Bengaluru HAL,2026-08-10 06:10:00,17.67,913.21,69.7,normal,none,0,none
AWS-005,Bengaluru HAL,2026-08-10 06:20:00,17.9,913.24,68.6,normal,none,0,none
AWS-005,Bengaluru HAL,2026-08-10 06:30:00,18.23,913.22,68.7,normal,none,0,none
AWS-005,Bengaluru HAL,2026-08-10 06:40:00,18.86,912.97,68.8,normal,none,0,none
AWS-005,Bengaluru HAL,2026-08-10 06:50:00,19.37,913.48,66.9,normal,none,0,none
AWS-005,Bengaluru HAL,2026-08-10 07:00:00,19.68,913.25,66.1,normal,none,0,none
AWS-005,Bengaluru HAL,2026-08-10 07:10:00,20.74,913.53,66.4,normal,none,0,none
AWS-005,Bengaluru HAL,2026-08-10 07:20:00,19.9,913.14,65.3,normal,none,0,none
AWS-005,Bengaluru HAL,2026-08-10 07:30:00,20.83,913.43,66.0,normal,none,0,none
AWS-005,Bengaluru HAL,2026-08-10 07:40:00,20.73,913.24,63.7,normal,none,0,none
AWS-005,Bengaluru HAL,2026-08-10 07:50:00,21.74,913.01,62.5,normal,none,0,none
AWS-005,Bengaluru HAL,2026-08-10 08:00:00,21.64,913.22,61.5,normal,none,0,none
AWS-005,Bengaluru HAL,2026-08-10 08:10:00,22.17,913.12,60.9,normal,none,0,none
AWS-005,Bengaluru HAL,2026-08-10 08:20:00,22.26,913.57,60.9,normal,none,0,none
AWS-005,Bengaluru HAL,2026-08-10 08:30:00,23.82,913.45,60.9,normal,none,0,none
AWS-005,Bengaluru HAL,2026-08-10 08:40:00,23.17,913.43,57.1,normal,none,0,none
AWS-005,Bengaluru HAL,2026-08-10 08:50:00,23.93,914.01,58.8,normal,none,0,none
AWS-005,Bengaluru HAL,2026-08-10 09:00:00,24.36,913.83,56.5,normal,none,0,none
AWS-005,Bengaluru HAL,2026-08-10 09:10:00,24.94,913.49,57.2,normal,none,0,none
AWS-005,Bengaluru HAL,2026-08-10 09:20:00,25.0,913.72,56.2,normal,none,0,none
AWS-005,Bengaluru HAL,2026-08-10 09:30:00,25.01,913.22,56.2,normal,none,0,none
AWS-005,Bengaluru HAL,2026-08-10 09:40:00,25.75,913.61,55.2,normal,none,0,none
AWS-005,Bengaluru HAL,2026-08-10 09:50:00,25.81,913.35,54.1,normal,none,0,none
AWS-005,Bengaluru HAL,2026-08-10 10:00:00,26.1,913.73,56.0,normal,none,0,none
AWS-005,Bengaluru HAL,2026-08-10 10:10:00,27.22,913.99,51.4,normal,none,0,none
AWS-005,Bengaluru HAL,2026-08-10 10:20:00,27.19,913.27,49.9,normal,none,0,none
AWS-005,Bengaluru HAL,2026-08-10 10:30:00,27.64,913.67,52.0,normal,none,0,none
AWS-005,Bengaluru HAL,2026-08-10 10:40:00,28.11,913.39,52.4,normal,none,0,none
AWS-005,Bengaluru HAL,2026-08-10 10:50:00,27.54,913.77,47.4,normal,none,0,none
AWS-005,Bengaluru HAL,2026-08-10 11:00:00,28.54,913.45,50.1,normal,none,0,none
AWS-005,Bengaluru HAL,2026-08-10 11:10:00,29.44,913.38,47.8,normal,none,0,none
AWS-005,Bengaluru HAL,2026-08-10 11:20:00,29.42,913.49,48.6,normal,none,0,none
AWS-005,Bengaluru HAL,2026-08-10 11:30:00,29.65,912.72,48.0,normal,none,0,none
AWS-005,Bengaluru HAL,2026-08-10 11:40:00,30.38,913.21,47.7,normal,none,0,none
AWS-005,Bengaluru HAL,2026-08-10 11:50:00,30.19,913.06,45.2,normal,none,0,none
AWS-005,Bengaluru HAL,2026-08-10 12:00:00,30.31,912.75,46.5,normal,none,0,none
AWS-005,Bengaluru HAL,2026-08-10 12:10:00,29.31,913.33,45.3,normal,none,0,none
AWS-005,Bengaluru HAL,2026-08-10 12:20:00,30.96,913.29,45.2,normal,none,0,none
AWS-005,Bengaluru HAL,2026-08-10 12:30:00,30.97,913.13,46.3,normal,none,0,none
AWS-005,Bengaluru HAL,2026-08-10 12:40:00,30.96,912.91,44.9,normal,none,0,none
AWS-005,Bengaluru HAL,2026-08-10 12:50:00,31.16,913.01,44.5,normal,none,0,none
AWS-005,Bengaluru HAL,2026-08-10 13:00:00,31.49,913.1,46.1,normal,none,0,none
AWS-005,Bengaluru HAL,2026-08-10 13:10:00,31.98,912.97,44.6,normal,none,0,none
AWS-005,Bengaluru HAL,2026-08-10 13:20:00,31.52,912.43,43.3,normal,none,0,none
AWS-005,Bengaluru HAL,2026-08-10 13:30:00,31.76,912.79,45.0,normal,none,0,none
AWS-005,Bengaluru HAL,2026-08-10 13:40:00,32.34,912.72,42.3,normal,none,0,none
AWS-005,Bengaluru HAL,2026-08-10 13:50:00,31.93,912.74,43.7,normal,none,0,none
AWS-005,Bengaluru HAL,2026-08-10 14:00:00,32.67,912.55,44.5,normal,none,0,none
AWS-005,Bengaluru HAL,2026-08-10 14:10:00,32.51,913.16,43.1,normal,none,0,none
AWS-005,Bengaluru HAL,2026-08-10 14:20:00,32.85,912.53,43.9,normal,none,0,none
AWS-005,Bengaluru HAL,2026-08-10 14:30:00,32.84,912.34,42.9,normal,none,0,none
AWS-005,Bengaluru HAL,2026-08-10 14:40:00,32.52,912.7,43.1,normal,none,0,none
AWS-005,Bengaluru HAL,2026-08-10 14:50:00,32.98,912.92,43.0,normal,none,0,none
AWS-005,Bengaluru HAL,2026-08-10 15:00:00,32.65,912.06,41.3,normal,none,0,none
AWS-005,Bengaluru HAL,2026-08-10 15:10:00,32.29,912.18,41.5,normal,none,0,none
AWS-005,Bengaluru HAL,2026-08-10 15:20:00,32.54,912.37,42.6,normal,none,0,none
AWS-005,Bengaluru HAL,2026-08-10 15:30:00,32.26,912.26,42.5,normal,none,0,none
AWS-005,Bengaluru HAL,2026-08-10 15:40:00,31.99,911.61,44.4,normal,none,0,none
AWS-005,Bengaluru HAL,2026-08-10 15:50:00,31.76,911.68,42.5,normal,none,0,none
AWS-005,Bengaluru HAL,2026-08-10 16:00:00,32.78,911.45,45.0,normal,none,0,none
AWS-005,Bengaluru HAL,2026-08-10 16:10:00,31.6,911.82,42.5,normal,none,0,none
AWS-005,Bengaluru HAL,2026-08-10 16:20:00,31.59,912.16,45.1,normal,none,0,none
AWS-005,Bengaluru HAL,2026-08-10 16:30:00,31.92,912.13,45.3,normal,none,0,none
AWS-005,Bengaluru HAL,2026-08-10 16:40:00,31.43,912.08,45.6,normal,none,0,none
AWS-005,Bengaluru HAL,2026-08-10 16:50:00,31.56,911.55,46.4,normal,none,0,none
AWS-005,Bengaluru HAL,2026-08-10 17:00:00,30.83,911.67,45.6,normal,none,0,none
AWS-005,Bengaluru HAL,2026-08-10 17:10:00,31.31,911.44,45.6,normal,none,0,none
AWS-005,Bengaluru HAL,2026-08-10 17:20:00,30.77,911.34,46.0,normal,none,0,none
AWS-005,Bengaluru HAL,2026-08-10 17:30:00,29.96,911.56,47.1,normal,none,0,none
AWS-005,Bengaluru HAL,2026-08-10 17:40:00,29.7,911.8,46.8,normal,none,0,none
AWS-005,Bengaluru HAL,2026-08-10 17:50:00,29.68,911.32,48.0,normal,none,0,none
AWS-005,Bengaluru HAL,2026-08-10 18:00:00,29.28,939.3003728088487,48.4,spike,pressure_spike,1,pressure
AWS-005,Bengaluru HAL,2026-08-10 18:10:00,29.23,910.45,49.2,normal,none,0,none
AWS-005,Bengaluru HAL,2026-08-10 18:20:00,28.78,910.94,51.0,normal,none,0,none
AWS-005,Bengaluru HAL,2026-08-10 18:30:00,28.81,910.97,51.1,normal,none,0,none
AWS-005,Bengaluru HAL,2026-08-10 18:40:00,27.47,911.06,51.7,normal,none,0,none
AWS-005,Bengaluru HAL,2026-08-10 18:50:00,27.51,911.27,52.0,normal,none,0,none
AWS-005,Bengaluru HAL,2026-08-10 19:00:00,27.48,910.78,53.2,normal,none,0,none
AWS-005,Bengaluru HAL,2026-08-10 19:10:00,26.6,911.05,56.7,normal,none,0,none
AWS-005,Bengaluru HAL,2026-08-10 19:20:00,26.61,911.01,52.3,normal,none,0,none
AWS-005,Bengaluru HAL,2026-08-10 19:30:00,26.51,910.84,54.9,normal,none,0,none
AWS-005,Bengaluru HAL,2026-08-10 19:40:00,25.5,911.02,53.8,normal,none,0,none
AWS-005,Bengaluru HAL,2026-08-10 19:50:00,25.63,910.66,54.9,normal,none,0,none
AWS-005,Bengaluru HAL,2026-08-10 20:00:00,25.86,910.76,55.8,normal,none,0,none
AWS-005,Bengaluru HAL,2026-08-10 20:10:00,24.5,911.1,54.5,normal,none,0,none
AWS-005,Bengaluru HAL,2026-08-10 20:20:00,25.24,911.01,57.5,normal,none,0,none
AWS-005,Bengaluru HAL,2026-08-10 20:30:00,23.72,910.87,57.0,normal,none,0,none
AWS-005,Bengaluru HAL,2026-08-10 20:40:00,23.63,911.1,58.0,normal,none,0,none
AWS-005,Bengaluru HAL,2026-08-10 20:50:00,23.63,911.3,60.1,normal,none,0,none
AWS-005,Bengaluru HAL,2026-08-10 21:00:00,23.18,911.09,60.6,normal,none,0,none
AWS-005,Bengaluru HAL,2026-08-10 21:10:00,22.63,911.05,61.0,normal,none,0,none
AWS-005,Bengaluru HAL,2026-08-10 21:20:00,22.32,911.2,60.9,normal,none,0,none
AWS-005,Bengaluru HAL,2026-08-10 21:30:00,22.31,910.92,62.1,normal,none,0,none
AWS-005,Bengaluru HAL,2026-08-10 21:40:00,21.49,910.9,63.6,normal,none,0,none
AWS-005,Bengaluru HAL,2026-08-10 21:50:00,21.19,911.8,63.4,normal,none,0,none
AWS-005,Bengaluru HAL,2026-08-10 22:00:00,20.79,911.25,63.8,normal,none,0,none
AWS-005,Bengaluru HAL,2026-08-10 22:10:00,20.65,911.39,66.4,normal,none,0,none
AWS-005,Bengaluru HAL,2026-08-10 22:20:00,19.68,911.42,64.1,normal,none,0,none
AWS-005,Bengaluru HAL,2026-08-10 22:30:00,20.0,910.82,65.8,normal,none,0,none
AWS-005,Bengaluru HAL,2026-08-10 22:40:00,19.49,912.1,67.4,normal,none,0,none
AWS-005,Bengaluru HAL,2026-08-10 22:50:00,19.16,911.76,64.7,normal,none,0,none
AWS-005,Bengaluru HAL,2026-08-10 23:00:00,19.33,911.78,67.7,normal,none,0,none
AWS-005,Bengaluru HAL,2026-08-10 23:10:00,18.39,911.55,68.4,normal,none,0,none
AWS-005,Bengaluru HAL,2026-08-10 23:20:00,17.86,911.5,67.6,normal,none,0,none
AWS-005,Bengaluru HAL,2026-08-10 23:30:00,18.06,911.82,68.3,normal,none,0,none
AWS-005,Bengaluru HAL,2026-08-10 23:40:00,18.2,911.88,70.3,normal,none,0,none
AWS-005,Bengaluru HAL,2026-08-10 23:50:00,17.72,911.65,69.4,normal,none,0,none
AWS-005,Bengaluru HAL,2026-08-11 00:00:00,17.12,911.71,71.2,normal,none,0,none
AWS-005,Bengaluru HAL,2026-08-11 00:10:00,17.15,911.83,71.1,normal,none,0,none
AWS-005,Bengaluru HAL,2026-08-11 00:20:00,17.16,912.44,69.6,normal,none,0,none
AWS-005,Bengaluru HAL,2026-08-11 00:30:00,17.14,912.1,72.6,normal,none,0,none
AWS-005,Bengaluru HAL,2026-08-11 00:40:00,16.35,912.1,73.3,normal,none,0,none
AWS-005,Bengaluru HAL,2026-08-11 00:50:00,16.63,912.54,73.7,normal,none,0,none
AWS-005,Bengaluru HAL,2026-08-11 01:00:00,16.04,912.64,72.7,normal,none,0,none
AWS-005,Bengaluru HAL,2026-08-11 01:10:00,16.34,912.45,72.4,normal,none,0,none
AWS-005,Bengaluru HAL,2026-08-11 01:20:00,16.21,912.44,72.6,normal,none,0,none
AWS-005,Bengaluru HAL,2026-08-11 01:30:00,15.88,912.78,73.8,normal,none,0,none
AWS-005,Bengaluru HAL,2026-08-11 01:40:00,15.41,912.82,70.2,normal,none,0,none
AWS-005,Bengaluru HAL,2026-08-11 01:50:00,15.93,913.13,75.5,normal,none,0,none
AWS-005,Bengaluru HAL,2026-08-11 02:00:00,15.6,912.95,72.4,normal,none,0,none
AWS-005,Bengaluru HAL,2026-08-11 02:10:00,16.19,912.42,74.3,normal,none,0,none
AWS-005,Bengaluru HAL,2026-08-11 02:20:00,16.02,913.2,74.9,normal,none,0,none
AWS-005,Bengaluru HAL,2026-08-11 02:30:00,16.28,913.49,75.5,normal,none,0,none
AWS-005,Bengaluru HAL,2026-08-11 02:40:00,15.45,913.34,72.5,normal,none,0,none
AWS-005,Bengaluru HAL,2026-08-11 02:50:00,15.59,913.43,73.8,normal,none,0,none
AWS-005,Bengaluru HAL,2026-08-11 03:00:00,16.3,913.8,72.7,normal,none,0,none
AWS-005,Bengaluru HAL,2026-08-11 03:10:00,15.49,913.61,73.9,normal,none,0,none
AWS-005,Bengaluru HAL,2026-08-11 03:20:00,16.11,913.76,72.9,normal,none,0,none
AWS-005,Bengaluru HAL,2026-08-11 03:30:00,16.16,914.19,72.8,normal,none,0,none
AWS-005,Bengaluru HAL,2026-08-11 03:40:00,15.84,914.36,72.7,normal,none,0,none
AWS-005,Bengaluru HAL,2026-08-11 03:50:00,16.1,914.04,72.5,normal,none,0,none
AWS-005,Bengaluru HAL,2026-08-11 04:00:00,16.7,914.08,72.5,normal,none,0,none
AWS-005,Bengaluru HAL,2026-08-11 04:10:00,16.49,913.96,72.9,normal,none,0,none
AWS-005,Bengaluru HAL,2026-08-11 04:20:00,15.96,913.78,70.7,normal,none,0,none
AWS-005,Bengaluru HAL,2026-08-11 04:30:00,17.33,914.9,72.7,normal,none,0,none
AWS-005,Bengaluru HAL,2026-08-11 04:40:00,17.47,914.38,69.7,normal,none,0,none
AWS-005,Bengaluru HAL,2026-08-11 04:50:00,17.45,914.65,69.6,normal,none,0,none
AWS-005,Bengaluru HAL,2026-08-11 05:00:00,18.01,914.63,68.5,normal,none,0,none
AWS-005,Bengaluru HAL,2026-08-11 05:10:00,18.7,914.88,67.8,normal,none,0,none
AWS-005,Bengaluru HAL,2026-08-11 05:20:00,19.04,914.85,69.7,normal,none,0,none
AWS-005,Bengaluru HAL,2026-08-11 05:30:00,18.83,915.22,68.7,normal,none,0,none
AWS-005,Bengaluru HAL,2026-08-11 05:40:00,18.7,915.37,66.3,normal,none,0,none
AWS-005,Bengaluru HAL,2026-08-11 05:50:00,19.6,914.93,70.5,normal,none,0,none
AWS-005,Bengaluru HAL,2026-08-11 06:00:00,19.86,915.56,66.4,normal,none,0,none
AWS-005,Bengaluru HAL,2026-08-11 06:10:00,19.45,915.89,63.7,normal,none,0,none
AWS-005,Bengaluru HAL,2026-08-11 06:20:00,20.62,915.5,66.8,normal,none,0,none
AWS-005,Bengaluru HAL,2026-08-11 06:30:00,20.77,915.59,66.1,normal,none,0,none
AWS-005,Bengaluru HAL,2026-08-11 06:40:00,21.53,915.85,64.2,normal,none,0,none
AWS-005,Bengaluru HAL,2026-08-11 06:50:00,21.11,916.09,64.8,normal,none,0,none
AWS-005,Bengaluru HAL,2026-08-11 07:00:00,22.3,915.67,64.7,normal,none,0,none
AWS-005,Bengaluru HAL,2026-08-11 07:10:00,22.37,915.58,62.4,normal,none,0,none
AWS-005,Bengaluru HAL,2026-08-11 07:20:00,22.57,915.43,62.1,normal,none,0,none
AWS-005,Bengaluru HAL,2026-08-11 07:30:00,22.92,915.91,60.9,normal,none,0,none
AWS-005,Bengaluru HAL,2026-08-11 07:40:00,23.32,916.05,58.0,normal,none,0,none
AWS-005,Bengaluru HAL,2026-08-11 07:50:00,24.52,916.23,59.3,normal,none,0,none
AWS-005,Bengaluru HAL,2026-08-11 08:00:00,24.15,916.11,57.4,normal,none,0,none
AWS-005,Bengaluru HAL,2026-08-11 08:10:00,24.65,916.27,55.0,normal,none,0,none
AWS-005,Bengaluru HAL,2026-08-11 08:20:00,25.0,916.61,58.7,normal,none,0,none
AWS-005,Bengaluru HAL,2026-08-11 08:30:00,25.86,916.01,56.2,normal,none,0,none
AWS-005,Bengaluru HAL,2026-08-11 08:40:00,25.27,916.41,56.1,normal,none,0,none
AWS-005,Bengaluru HAL,2026-08-11 08:50:00,26.26,916.61,52.9,normal,none,0,none
AWS-005,Bengaluru HAL,2026-08-11 09:00:00,26.51,916.23,51.6,normal,none,0,none
AWS-005,Bengaluru HAL,2026-08-11 09:10:00,27.45,916.04,54.1,normal,none,0,none
AWS-005,Bengaluru HAL,2026-08-11 09:20:00,27.36,916.44,53.3,normal,none,0,none
AWS-005,Bengaluru HAL,2026-08-11 09:30:00,27.96,915.91,51.4,normal,none,0,none
AWS-005,Bengaluru HAL,2026-08-11 09:40:00,27.8,916.55,52.6,normal,none,0,none
AWS-005,Bengaluru HAL,2026-08-11 09:50:00,27.65,916.51,51.3,normal,none,0,none
AWS-005,Bengaluru HAL,2026-08-11 10:00:00,28.67,917.03,50.6,normal,none,0,none
AWS-005,Bengaluru HAL,2026-08-11 10:10:00,28.99,916.48,49.4,normal,none,0,none
AWS-005,Bengaluru HAL,2026-08-11 10:20:00,30.08,916.04,47.5,normal,none,0,none
AWS-005,Bengaluru HAL,2026-08-11 10:30:00,29.86,916.5,49.4,normal,none,0,none
AWS-005,Bengaluru HAL,2026-08-11 10:40:00,30.25,916.27,45.6,normal,none,0,none
AWS-005,Bengaluru HAL,2026-08-11 10:50:00,30.96,916.44,49.2,normal,none,0,none
AWS-005,Bengaluru HAL,2026-08-11 11:00:00,31.66,916.35,47.3,normal,none,0,none
AWS-005,Bengaluru HAL,2026-08-11 11:10:00,31.76,916.28,45.5,normal,none,0,none
AWS-005,Bengaluru HAL,2026-08-11 11:20:00,31.4,916.65,46.9,normal,none,0,none
AWS-005,Bengaluru HAL,2026-08-11 11:30:00,31.59,916.08,45.1,normal,none,0,none
AWS-005,Bengaluru HAL,2026-08-11 11:40:00,32.32,916.37,45.6,normal,none,0,none
AWS-005,Bengaluru HAL,2026-08-11 11:50:00,32.9,916.61,45.5,normal,none,0,none
AWS-005,Bengaluru HAL,2026-08-11 12:00:00,,,,communication_failure,communication_failure,1,all
AWS-005,Bengaluru HAL,2026-08-11 12:10:00,,,,communication_failure,communication_failure,1,all
AWS-005,Bengaluru HAL,2026-08-11 12:20:00,,,,communication_failure,communication_failure,1,all
AWS-005,Bengaluru HAL,2026-08-11 12:30:00,,,,communication_failure,communication_failure,1,all
AWS-005,Bengaluru HAL,2026-08-11 12:40:00,,,,communication_failure,communication_failure,1,all
AWS-005,Bengaluru HAL,2026-08-11 12:50:00,,,,communication_failure,communication_failure,1,all
AWS-005,Bengaluru HAL,2026-08-11 13:00:00,34.42,916.07,40.6,normal,none,0,none
AWS-005,Bengaluru HAL,2026-08-11 13:10:00,34.73,916.06,39.8,normal,none,0,none
AWS-005,Bengaluru HAL,2026-08-11 13:20:00,34.65,915.74,40.4,normal,none,0,none
AWS-005,Bengaluru HAL,2026-08-11 13:30:00,34.22,916.29,39.9,normal,none,0,none
AWS-005,Bengaluru HAL,2026-08-11 13:40:00,34.85,916.07,39.4,normal,none,0,none
AWS-005,Bengaluru HAL,2026-08-11 13:50:00,35.24,915.62,38.2,normal,none,0,none
AWS-005,Bengaluru HAL,2026-08-11 14:00:00,35.21,916.36,40.4,normal,none,0,none
AWS-005,Bengaluru HAL,2026-08-11 14:10:00,34.97,915.88,41.7,normal,none,0,none
AWS-005,Bengaluru HAL,2026-08-11 14:20:00,34.5,915.39,41.6,normal,none,0,none
AWS-005,Bengaluru HAL,2026-08-11 14:30:00,34.75,915.14,40.0,normal,none,0,none
AWS-005,Bengaluru HAL,2026-08-11 14:40:00,34.43,915.24,39.0,normal,none,0,none
AWS-005,Bengaluru HAL,2026-08-11 14:50:00,34.6,915.43,38.9,normal,none,0,none
AWS-005,Bengaluru HAL,2026-08-11 15:00:00,34.82,915.26,39.5,normal,none,0,none
AWS-005,Bengaluru HAL,2026-08-11 15:10:00,35.38,915.81,40.4,normal,none,0,none
AWS-005,Bengaluru HAL,2026-08-11 15:20:00,34.57,915.48,38.3,normal,none,0,none
AWS-005,Bengaluru HAL,2026-08-11 15:30:00,34.63,915.45,41.8,normal,none,0,none
AWS-005,Bengaluru HAL,2026-08-11 15:40:00,34.05,915.27,38.5,normal,none,0,none
AWS-005,Bengaluru HAL,2026-08-11 15:50:00,34.69,915.09,40.4,normal,none,0,none
AWS-005,Bengaluru HAL,2026-08-11 16:00:00,34.08,915.13,43.1,normal,none,0,none
AWS-005,Bengaluru HAL,2026-08-11 16:10:00,34.37,915.04,42.3,normal,none,0,none
AWS-005,Bengaluru HAL,2026-08-11 16:20:00,34.1,914.7,38.4,normal,none,0,none
AWS-005,Bengaluru HAL,2026-08-11 16:30:00,33.88,914.65,41.5,normal,none,0,none
AWS-005,Bengaluru HAL,2026-08-11 16:40:00,33.96,914.53,42.7,normal,none,0,none
AWS-005,Bengaluru HAL,2026-08-11 16:50:00,33.71,914.81,44.5,normal,none,0,none
AWS-005,Bengaluru HAL,2026-08-11 17:00:00,32.54,915.16,44.2,normal,none,0,none
AWS-005,Bengaluru HAL,2026-08-11 17:10:00,32.74,915.01,43.7,normal,none,0,none
AWS-005,Bengaluru HAL,2026-08-11 17:20:00,32.48,913.91,44.4,normal,none,0,none
AWS-005,Bengaluru HAL,2026-08-11 17:30:00,31.87,914.78,43.7,normal,none,0,none
AWS-005,Bengaluru HAL,2026-08-11 17:40:00,32.07,914.24,46.1,normal,none,0,none
AWS-005,Bengaluru HAL,2026-08-11 17:50:00,31.77,913.78,43.7,normal,none,0,none
AWS-005,Bengaluru HAL,2026-08-11 18:00:00,31.26,914.46,47.0,normal,none,0,none
AWS-005,Bengaluru HAL,2026-08-11 18:10:00,31.26,914.38,45.8,normal,none,0,none
AWS-005,Bengaluru HAL,2026-08-11 18:20:00,30.91,914.61,45.4,normal,none,0,none
AWS-005,Bengaluru HAL,2026-08-11 18:30:00,30.66,914.64,48.8,normal,none,0,none
AWS-005,Bengaluru HAL,2026-08-11 18:40:00,30.84,914.68,47.9,normal,none,0,none
AWS-005,Bengaluru HAL,2026-08-11 18:50:00,29.79,914.52,49.9,normal,none,0,none
AWS-005,Bengaluru HAL,2026-08-11 19:00:00,29.89,914.3,51.4,normal,none,0,none
AWS-005,Bengaluru HAL,2026-08-11 19:10:00,29.12,914.68,49.9,normal,none,0,none
AWS-005,Bengaluru HAL,2026-08-11 19:20:00,28.46,914.25,51.2,normal,none,0,none
AWS-005,Bengaluru HAL,2026-08-11 19:30:00,28.97,914.61,51.3,normal,none,0,none
AWS-005,Bengaluru HAL,2026-08-11 19:40:00,27.85,914.13,54.4,normal,none,0,none
AWS-005,Bengaluru HAL,2026-08-11 19:50:00,27.83,914.6,50.7,normal,none,0,none
AWS-005,Bengaluru HAL,2026-08-11 20:00:00,27.58,914.42,54.9,normal,none,0,none
AWS-005,Bengaluru HAL,2026-08-11 20:10:00,27.1,914.39,55.2,normal,none,0,none
AWS-005,Bengaluru HAL,2026-08-11 20:20:00,26.3,914.42,53.8,normal,none,0,none
AWS-005,Bengaluru HAL,2026-08-11 20:30:00,26.4,914.56,55.7,normal,none,0,none
AWS-005,Bengaluru HAL,2026-08-11 20:40:00,26.44,914.45,57.5,normal,none,0,none
AWS-005,Bengaluru HAL,2026-08-11 20:50:00,25.08,914.58,55.7,normal,none,0,none
AWS-005,Bengaluru HAL,2026-08-11 21:00:00,25.3,914.78,57.6,normal,none,0,none
AWS-005,Bengaluru HAL,2026-08-11 21:10:00,25.13,915.03,56.2,normal,none,0,none
AWS-005,Bengaluru HAL,2026-08-11 21:20:00,24.8,914.43,56.4,normal,none,0,none
AWS-005,Bengaluru HAL,2026-08-11 21:30:00,23.85,914.43,57.2,normal,none,0,none
AWS-005,Bengaluru HAL,2026-08-11 21:40:00,23.91,914.74,60.8,normal,none,0,none
AWS-005,Bengaluru HAL,2026-08-11 21:50:00,23.17,914.83,61.2,normal,none,0,none
AWS-005,Bengaluru HAL,2026-08-11 22:00:00,22.91,915.03,60.2,normal,none,0,none
AWS-005,Bengaluru HAL,2026-08-11 22:10:00,22.48,914.74,63.5,normal,none,0,none
AWS-005,Bengaluru HAL,2026-08-11 22:20:00,22.86,915.05,63.3,normal,none,0,none
AWS-005,Bengaluru HAL,2026-08-11 22:30:00,21.51,915.06,62.6,normal,none,0,none
AWS-005,Bengaluru HAL,2026-08-11 22:40:00,21.26,915.04,65.4,normal,none,0,none
AWS-005,Bengaluru HAL,2026-08-11 22:50:00,21.4,915.17,65.6,normal,none,0,none
AWS-005,Bengaluru HAL,2026-08-11 23:00:00,21.14,915.25,63.7,normal,none,0,none
AWS-005,Bengaluru HAL,2026-08-11 23:10:00,20.84,914.64,66.3,normal,none,0,none
AWS-005,Bengaluru HAL,2026-08-11 23:20:00,20.02,915.4,65.2,normal,none,0,none
AWS-005,Bengaluru HAL,2026-08-11 23:30:00,19.9,915.33,67.2,normal,none,0,none
AWS-005,Bengaluru HAL,2026-08-11 23:40:00,19.88,915.13,68.7,normal,none,0,none
AWS-005,Bengaluru HAL,2026-08-11 23:50:00,19.47,915.52,66.6,normal,none,0,none
AWS-005,Bengaluru HAL,2026-08-12 00:00:00,18.6,915.56,66.4,normal,none,0,none
AWS-005,Bengaluru HAL,2026-08-12 00:10:00,18.71,915.49,67.5,normal,none,0,none
AWS-005,Bengaluru HAL,2026-08-12 00:20:00,18.87,915.68,70.4,normal,none,0,none
AWS-005,Bengaluru HAL,2026-08-12 00:30:00,18.93,915.89,69.3,normal,none,0,none
AWS-005,Bengaluru HAL,2026-08-12 00:40:00,18.43,915.35,70.2,normal,none,0,none
AWS-005,Bengaluru HAL,2026-08-12 00:50:00,18.39,916.02,70.8,normal,none,0,none
AWS-005,Bengaluru HAL,2026-08-12 01:00:00,18.0,916.03,70.4,normal,none,0,none
AWS-005,Bengaluru HAL,2026-08-12 01:10:00,17.13,916.53,68.6,normal,none,0,none
AWS-005,Bengaluru HAL,2026-08-12 01:20:00,18.02,916.16,70.6,normal,none,0,none
AWS-005,Bengaluru HAL,2026-08-12 01:30:00,17.71,916.41,71.5,normal,none,0,none
AWS-005,Bengaluru HAL,2026-08-12 01:40:00,17.72,916.06,70.4,normal,none,0,none
AWS-005,Bengaluru HAL,2026-08-12 01:50:00,18.43,916.08,69.1,normal,none,0,none
AWS-005,Bengaluru HAL,2026-08-12 02:00:00,18.01,916.34,70.3,normal,none,0,none
AWS-005,Bengaluru HAL,2026-08-12 02:10:00,17.16,916.53,70.6,normal,none,0,none
AWS-005,Bengaluru HAL,2026-08-12 02:20:00,17.4,917.15,71.7,normal,none,0,none
AWS-005,Bengaluru HAL,2026-08-12 02:30:00,17.32,917.18,69.4,normal,none,0,none
AWS-005,Bengaluru HAL,2026-08-12 02:40:00,17.66,916.84,70.8,normal,none,0,none
AWS-005,Bengaluru HAL,2026-08-12 02:50:00,17.52,917.11,73.3,normal,none,0,none
AWS-005,Bengaluru HAL,2026-08-12 03:00:00,17.96,917.22,72.0,normal,none,0,none
AWS-005,Bengaluru HAL,2026-08-12 03:10:00,17.68,917.21,70.3,normal,none,0,none
AWS-005,Bengaluru HAL,2026-08-12 03:20:00,17.82,917.58,72.1,normal,none,0,none
AWS-005,Bengaluru HAL,2026-08-12 03:30:00,18.01,917.57,69.6,normal,none,0,none
AWS-005,Bengaluru HAL,2026-08-12 03:40:00,17.53,917.63,68.6,normal,none,0,none
AWS-005,Bengaluru HAL,2026-08-12 03:50:00,18.04,918.15,70.9,normal,none,0,none
AWS-005,Bengaluru HAL,2026-08-12 04:00:00,17.94,917.72,69.7,normal,none,0,none
AWS-005,Bengaluru HAL,2026-08-12 04:10:00,18.57,917.67,71.9,normal,none,0,none
AWS-005,Bengaluru HAL,2026-08-12 04:20:00,18.33,917.45,70.0,normal,none,0,none
AWS-005,Bengaluru HAL,2026-08-12 04:30:00,18.25,917.7,67.0,normal,none,0,none
AWS-005,Bengaluru HAL,2026-08-12 04:40:00,18.43,918.11,68.7,normal,none,0,none
AWS-005,Bengaluru HAL,2026-08-12 04:50:00,19.77,918.36,66.6,normal,none,0,none
AWS-005,Bengaluru HAL,2026-08-12 05:00:00,19.74,917.95,69.5,normal,none,0,none
AWS-005,Bengaluru HAL,2026-08-12 05:10:00,19.89,918.53,68.3,normal,none,0,none
AWS-005,Bengaluru HAL,2026-08-12 05:20:00,19.63,917.95,66.0,normal,none,0,none
AWS-005,Bengaluru HAL,2026-08-12 05:30:00,19.82,918.6,66.2,normal,none,0,none
AWS-005,Bengaluru HAL,2026-08-12 05:40:00,20.46,919.01,67.0,normal,none,0,none
AWS-005,Bengaluru HAL,2026-08-12 05:50:00,20.87,918.76,64.2,normal,none,0,none
AWS-005,Bengaluru HAL,2026-08-12 06:00:00,21.33,918.86,65.6,normal,none,0,none
AWS-005,Bengaluru HAL,2026-08-12 06:10:00,21.49,918.48,64.9,normal,none,0,none
AWS-005,Bengaluru HAL,2026-08-12 06:20:00,21.39,918.48,64.9,normal,none,0,none
AWS-005,Bengaluru HAL,2026-08-12 06:30:00,21.35,919.39,61.3,normal,none,0,none
AWS-005,Bengaluru HAL,2026-08-12 06:40:00,22.06,919.16,64.4,normal,none,0,none
AWS-005,Bengaluru HAL,2026-08-12 06:50:00,23.09,919.1,61.5,normal,none,0,none
AWS-005,Bengaluru HAL,2026-08-12 07:00:00,22.97,919.0,61.2,normal,none,0,none
AWS-005,Bengaluru HAL,2026-08-12 07:10:00,23.75,919.34,60.0,normal,none,0,none
AWS-005,Bengaluru HAL,2026-08-12 07:20:00,23.89,919.01,58.0,normal,none,0,none
AWS-005,Bengaluru HAL,2026-08-12 07:30:00,23.97,918.92,58.6,normal,none,0,none
AWS-005,Bengaluru HAL,2026-08-12 07:40:00,23.6,919.16,56.3,normal,none,0,none
AWS-005,Bengaluru HAL,2026-08-12 07:50:00,24.87,919.15,59.5,normal,none,0,none
AWS-005,Bengaluru HAL,2026-08-12 08:00:00,25.75,919.68,57.1,normal,none,0,none
AWS-005,Bengaluru HAL,2026-08-12 08:10:00,26.04,919.48,57.0,normal,none,0,none
AWS-005,Bengaluru HAL,2026-08-12 08:20:00,26.79,919.36,54.8,normal,none,0,none
AWS-005,Bengaluru HAL,2026-08-12 08:30:00,26.75,919.84,55.1,normal,none,0,none
AWS-005,Bengaluru HAL,2026-08-12 08:40:00,26.89,919.85,53.9,normal,none,0,none
AWS-005,Bengaluru HAL,2026-08-12 08:50:00,27.55,919.77,52.3,normal,none,0,none
AWS-005,Bengaluru HAL,2026-08-12 09:00:00,27.3,919.63,52.3,normal,none,0,none
AWS-005,Bengaluru HAL,2026-08-12 09:10:00,27.72,919.22,51.9,normal,none,0,none
AWS-005,Bengaluru HAL,2026-08-12 09:20:00,28.78,919.87,52.0,normal,none,0,none
AWS-005,Bengaluru HAL,2026-08-12 09:30:00,28.64,919.36,50.9,normal,none,0,none
AWS-005,Bengaluru HAL,2026-08-12 09:40:00,29.21,919.5,49.0,normal,none,0,none
AWS-005,Bengaluru HAL,2026-08-12 09:50:00,29.31,919.67,50.1,normal,none,0,none
AWS-005,Bengaluru HAL,2026-08-12 10:00:00,28.85,919.28,48.1,normal,none,0,none
AWS-005,Bengaluru HAL,2026-08-12 10:10:00,30.26,919.46,47.2,normal,none,0,none
AWS-005,Bengaluru HAL,2026-08-12 10:20:00,30.39,919.67,48.3,normal,none,0,none
AWS-005,Bengaluru HAL,2026-08-12 10:30:00,31.06,919.52,49.2,normal,none,0,none
AWS-005,Bengaluru HAL,2026-08-12 10:40:00,31.12,919.23,45.0,normal,none,0,none
AWS-005,Bengaluru HAL,2026-08-12 10:50:00,31.65,919.96,47.4,normal,none,0,none
AWS-005,Bengaluru HAL,2026-08-12 11:00:00,32.24,919.47,46.1,normal,none,0,none
AWS-005,Bengaluru HAL,2026-08-12 11:10:00,31.98,919.44,46.1,normal,none,0,none
AWS-005,Bengaluru HAL,2026-08-12 11:20:00,32.56,919.45,45.6,normal,none,0,none
AWS-005,Bengaluru HAL,2026-08-12 11:30:00,32.96,919.46,44.1,normal,none,0,none
AWS-005,Bengaluru HAL,2026-08-12 11:40:00,33.73,919.28,45.0,normal,none,0,none
AWS-005,Bengaluru HAL,2026-08-12 11:50:00,32.73,919.47,42.8,normal,none,0,none
AWS-005,Bengaluru HAL,2026-08-12 12:00:00,33.91,919.3,41.6,normal,none,0,none
AWS-005,Bengaluru HAL,2026-08-12 12:10:00,34.01,919.42,41.1,normal,none,0,none
AWS-005,Bengaluru HAL,2026-08-12 12:20:00,34.49,919.14,43.3,normal,none,0,none
AWS-005,Bengaluru HAL,2026-08-12 12:30:00,33.74,919.26,41.6,normal,none,0,none
AWS-005,Bengaluru HAL,2026-08-12 12:40:00,34.68,919.16,41.0,normal,none,0,none
AWS-005,Bengaluru HAL,2026-08-12 12:50:00,34.08,918.93,40.9,normal,none,0,none
AWS-005,Bengaluru HAL,2026-08-12 13:00:00,34.19,918.68,37.4,normal,none,0,none
AWS-005,Bengaluru HAL,2026-08-12 13:10:00,34.8,919.24,38.7,normal,none,0,none
AWS-005,Bengaluru HAL,2026-08-12 13:20:00,35.15,918.52,39.0,normal,none,0,none
AWS-005,Bengaluru HAL,2026-08-12 13:30:00,34.92,918.87,41.3,normal,none,0,none
AWS-005,Bengaluru HAL,2026-08-12 13:40:00,35.3,918.79,38.2,normal,none,0,none
AWS-005,Bengaluru HAL,2026-08-12 13:50:00,35.02,918.7,40.8,normal,none,0,none
AWS-005,Bengaluru HAL,2026-08-12 14:00:00,36.05,918.69,39.2,normal,none,0,none
AWS-005,Bengaluru HAL,2026-08-12 14:10:00,35.48,918.36,39.3,normal,none,0,none
AWS-005,Bengaluru HAL,2026-08-12 14:20:00,35.09,918.33,41.0,normal,none,0,none
AWS-005,Bengaluru HAL,2026-08-12 14:30:00,35.27,918.61,40.2,normal,none,0,none
AWS-005,Bengaluru HAL,2026-08-12 14:40:00,35.08,918.4,36.6,normal,none,0,none
AWS-005,Bengaluru HAL,2026-08-12 14:50:00,34.87,917.98,40.9,normal,none,0,none
AWS-005,Bengaluru HAL,2026-08-12 15:00:00,35.0,918.17,40.0,normal,none,0,none
AWS-005,Bengaluru HAL,2026-08-12 15:10:00,35.06,918.35,38.8,normal,none,0,none
AWS-005,Bengaluru HAL,2026-08-12 15:20:00,34.95,917.77,40.1,normal,none,0,none
AWS-005,Bengaluru HAL,2026-08-12 15:30:00,34.76,918.07,37.8,normal,none,0,none
AWS-005,Bengaluru HAL,2026-08-12 15:40:00,35.05,917.94,39.6,normal,none,0,none
AWS-005,Bengaluru HAL,2026-08-12 15:50:00,35.28,917.63,39.1,normal,none,0,none
AWS-005,Bengaluru HAL,2026-08-12 16:00:00,35.07,917.82,39.2,normal,none,0,none
AWS-005,Bengaluru HAL,2026-08-12 16:10:00,34.03,917.58,41.0,normal,none,0,none
AWS-005,Bengaluru HAL,2026-08-12 16:20:00,33.99,917.32,39.5,normal,none,0,none
AWS-005,Bengaluru HAL,2026-08-12 16:30:00,33.74,917.57,43.0,normal,none,0,none
AWS-005,Bengaluru HAL,2026-08-12 16:40:00,63.903897010793884,917.93,41.9,spike,temperature_spike,1,temperature
AWS-005,Bengaluru HAL,2026-08-12 16:50:00,33.31,917.38,43.4,normal,none,0,none
AWS-005,Bengaluru HAL,2026-08-12 17:00:00,32.78,917.46,43.7,normal,none,0,none
AWS-005,Bengaluru HAL,2026-08-12 17:10:00,33.16,917.18,44.1,normal,none,0,none
AWS-005,Bengaluru HAL,2026-08-12 17:20:00,33.55,917.35,43.3,normal,none,0,none
AWS-005,Bengaluru HAL,2026-08-12 17:30:00,32.78,916.88,42.0,normal,none,0,none
AWS-005,Bengaluru HAL,2026-08-12 17:40:00,31.74,917.42,45.7,normal,none,0,none
AWS-005,Bengaluru HAL,2026-08-12 17:50:00,32.12,916.75,45.0,normal,none,0,none
AWS-005,Bengaluru HAL,2026-08-12 18:00:00,31.53,917.08,44.9,normal,none,0,none
AWS-005,Bengaluru HAL,2026-08-12 18:10:00,30.78,916.91,45.2,normal,none,0,none
AWS-005,Bengaluru HAL,2026-08-12 18:20:00,31.03,917.38,44.9,normal,none,0,none
AWS-005,Bengaluru HAL,2026-08-12 18:30:00,30.46,917.17,46.4,normal,none,0,none
AWS-005,Bengaluru HAL,2026-08-12 18:40:00,30.3,917.06,50.1,normal,none,0,none
AWS-005,Bengaluru HAL,2026-08-12 18:50:00,30.26,917.06,50.8,normal,none,0,none
AWS-005,Bengaluru HAL,2026-08-12 19:00:00,30.21,916.77,48.4,normal,none,0,none
AWS-005,Bengaluru HAL,2026-08-12 19:10:00,29.26,917.45,50.9,normal,none,0,none
AWS-005,Bengaluru HAL,2026-08-12 19:20:00,28.32,916.75,52.3,normal,none,0,none
AWS-005,Bengaluru HAL,2026-08-12 19:30:00,28.5,916.8,52.6,normal,none,0,none
AWS-005,Bengaluru HAL,2026-08-12 19:40:00,27.47,916.73,53.5,normal,none,0,none
AWS-005,Bengaluru HAL,2026-08-12 19:50:00,28.02,916.5,55.1,normal,none,0,none
AWS-005,Bengaluru HAL,2026-08-12 20:00:00,27.34,916.62,54.0,normal,none,0,none
AWS-005,Bengaluru HAL,2026-08-12 20:10:00,26.51,916.62,54.6,normal,none,0,none
AWS-005,Bengaluru HAL,2026-08-12 20:20:00,26.01,916.98,56.3,normal,none,0,none
AWS-005,Bengaluru HAL,2026-08-12 20:30:00,25.68,916.78,56.7,normal,none,0,none
AWS-005,Bengaluru HAL,2026-08-12 20:40:00,25.8,916.83,56.9,normal,none,0,none
AWS-005,Bengaluru HAL,2026-08-12 20:50:00,26.08,916.41,56.6,normal,none,0,none
AWS-005,Bengaluru HAL,2026-08-12 21:00:00,24.31,916.54,57.0,normal,none,0,none
AWS-005,Bengaluru HAL,2026-08-12 21:10:00,24.13,916.78,59.0,normal,none,0,none
AWS-005,Bengaluru HAL,2026-08-12 21:20:00,23.71,916.78,61.8,normal,none,0,none
AWS-005,Bengaluru HAL,2026-08-12 21:30:00,23.81,916.61,60.0,normal,none,0,none
AWS-005,Bengaluru HAL,2026-08-12 21:40:00,23.58,916.62,59.8,normal,none,0,none
AWS-005,Bengaluru HAL,2026-08-12 21:50:00,22.65,916.31,61.9,normal,none,0,none
AWS-005,Bengaluru HAL,2026-08-12 22:00:00,22.81,916.99,61.7,normal,none,0,none
AWS-005,Bengaluru HAL,2026-08-12 22:10:00,22.63,916.93,63.2,normal,none,0,none
AWS-005,Bengaluru HAL,2026-08-12 22:20:00,21.48,916.75,63.7,normal,none,0,none
AWS-005,Bengaluru HAL,2026-08-12 22:30:00,21.2,917.02,63.7,normal,none,0,none
AWS-005,Bengaluru HAL,2026-08-12 22:40:00,20.61,916.78,63.7,normal,none,0,none
AWS-005,Bengaluru HAL,2026-08-12 22:50:00,19.85,917.15,66.6,normal,none,0,none
AWS-005,Bengaluru HAL,2026-08-12 23:00:00,20.23,916.72,65.8,normal,none,0,none
AWS-005,Bengaluru HAL,2026-08-12 23:10:00,19.43,917.24,67.2,normal,none,0,none
AWS-005,Bengaluru HAL,2026-08-12 23:20:00,19.83,917.4,65.4,normal,none,0,none
AWS-005,Bengaluru HAL,2026-08-12 23:30:00,19.31,917.65,67.4,normal,none,0,none
AWS-005,Bengaluru HAL,2026-08-12 23:40:00,18.46,917.12,69.0,normal,none,0,none
AWS-005,Bengaluru HAL,2026-08-12 23:50:00,19.28,917.34,70.4,normal,none,0,none
AWS-005,Bengaluru HAL,2026-08-13 00:00:00,18.59,917.28,69.4,normal,none,0,none
AWS-005,Bengaluru HAL,2026-08-13 00:10:00,18.05,917.23,69.7,normal,none,0,none
AWS-005,Bengaluru HAL,2026-08-13 00:20:00,18.0,917.26,68.6,normal,none,0,none
AWS-005,Bengaluru HAL,2026-08-13 00:30:00,17.87,917.44,67.9,normal,none,0,none
AWS-005,Bengaluru HAL,2026-08-13 00:40:00,17.78,917.42,69.8,normal,none,0,none
AWS-005,Bengaluru HAL,2026-08-13 00:50:00,17.88,917.52,71.3,normal,none,0,none
AWS-005,Bengaluru HAL,2026-08-13 01:00:00,17.25,917.88,72.3,normal,none,0,none
AWS-005,Bengaluru HAL,2026-08-13 01:10:00,17.33,917.69,71.0,normal,none,0,none
AWS-005,Bengaluru HAL,2026-08-13 01:20:00,16.65,917.41,72.9,normal,none,0,none
AWS-005,Bengaluru HAL,2026-08-13 01:30:00,16.45,917.83,71.2,normal,none,0,none
AWS-005,Bengaluru HAL,2026-08-13 01:40:00,16.73,917.78,72.9,normal,none,0,none
AWS-005,Bengaluru HAL,2026-08-13 01:50:00,16.9,917.63,73.4,normal,none,0,none
AWS-005,Bengaluru HAL,2026-08-13 02:00:00,16.36,917.88,72.5,normal,none,0,none
AWS-005,Bengaluru HAL,2026-08-13 02:10:00,16.08,917.75,73.1,normal,none,0,none
AWS-005,Bengaluru HAL,2026-08-13 02:20:00,16.52,917.97,72.6,normal,none,0,none
AWS-005,Bengaluru HAL,2026-08-13 02:30:00,15.95,918.02,75.1,normal,none,0,none
AWS-005,Bengaluru HAL,2026-08-13 02:40:00,16.28,918.68,74.9,normal,none,0,none
AWS-005,Bengaluru HAL,2026-08-13 02:50:00,16.49,918.58,74.6,normal,none,0,none
AWS-005,Bengaluru HAL,2026-08-13 03:00:00,16.11,918.03,69.6,normal,none,0,none
AWS-005,Bengaluru HAL,2026-08-13 03:10:00,16.99,918.84,74.2,normal,none,0,none
AWS-005,Bengaluru HAL,2026-08-13 03:20:00,16.49,918.94,73.8,normal,none,0,none
AWS-005,Bengaluru HAL,2026-08-13 03:30:00,16.79,918.56,73.8,normal,none,0,none
AWS-005,Bengaluru HAL,2026-08-13 03:40:00,16.5,919.42,71.7,normal,none,0,none
AWS-005,Bengaluru HAL,2026-08-13 03:50:00,16.81,918.45,73.3,normal,none,0,none
AWS-005,Bengaluru HAL,2026-08-13 04:00:00,16.84,919.13,71.6,normal,none,0,none
AWS-005,Bengaluru HAL,2026-08-13 04:10:00,16.74,918.76,71.5,normal,none,0,none
AWS-005,Bengaluru HAL,2026-08-13 04:20:00,17.29,918.77,71.5,normal,none,0,none
AWS-005,Bengaluru HAL,2026-08-13 04:30:00,17.84,919.16,71.3,normal,none,0,none
AWS-005,Bengaluru HAL,2026-08-13 04:40:00,17.46,919.23,70.5,normal,none,0,none
AWS-005,Bengaluru HAL,2026-08-13 04:50:00,17.79,919.18,70.3,normal,none,0,none
AWS-005,Bengaluru HAL,2026-08-13 05:00:00,17.98,919.15,69.8,normal,none,0,none
AWS-005,Bengaluru HAL,2026-08-13 05:10:00,18.29,919.6,70.0,normal,none,0,none
AWS-005,Bengaluru HAL,2026-08-13 05:20:00,18.19,919.33,67.5,normal,none,0,none
AWS-005,Bengaluru HAL,2026-08-13 05:30:00,18.64,919.29,66.9,normal,none,0,none
AWS-005,Bengaluru HAL,2026-08-13 05:40:00,18.91,919.7,67.7,normal,none,0,none
AWS-005,Bengaluru HAL,2026-08-13 05:50:00,19.32,919.54,67.4,normal,none,0,none
AWS-005,Bengaluru HAL,2026-08-13 06:00:00,19.52,919.58,65.9,normal,none,0,none
AWS-005,Bengaluru HAL,2026-08-13 06:10:00,19.16,919.27,67.9,normal,none,0,none
AWS-005,Bengaluru HAL,2026-08-13 06:20:00,20.88,919.64,65.5,normal,none,0,none
AWS-005,Bengaluru HAL,2026-08-13 06:30:00,21.09,919.88,67.1,normal,none,0,none
AWS-005,Bengaluru HAL,2026-08-13 06:40:00,20.88,919.63,65.8,normal,none,0,none
AWS-005,Bengaluru HAL,2026-08-13 06:50:00,21.29,920.07,64.7,normal,none,0,none
AWS-005,Bengaluru HAL,2026-08-13 07:00:00,21.55,919.51,63.5,normal,none,0,none
AWS-005,Bengaluru HAL,2026-08-13 07:10:00,21.75,919.77,62.7,normal,none,0,none
AWS-005,Bengaluru HAL,2026-08-13 07:20:00,22.53,919.98,61.8,normal,none,0,none
AWS-005,Bengaluru HAL,2026-08-13 07:30:00,22.67,919.97,61.4,normal,none,0,none
AWS-005,Bengaluru HAL,2026-08-13 07:40:00,22.76,920.38,60.8,normal,none,0,none
AWS-005,Bengaluru HAL,2026-08-13 07:50:00,23.07,919.77,59.7,normal,none,0,none
AWS-005,Bengaluru HAL,2026-08-13 08:00:00,23.86,919.95,62.1,normal,none,0,none
AWS-005,Bengaluru HAL,2026-08-13 08:10:00,24.81,920.47,58.5,normal,none,0,none
AWS-005,Bengaluru HAL,2026-08-13 08:20:00,24.16,920.12,59.2,normal,none,0,none
AWS-005,Bengaluru HAL,2026-08-13 08:30:00,25.38,919.87,56.5,normal,none,0,none
AWS-005,Bengaluru HAL,2026-08-13 08:40:00,25.23,919.92,57.0,normal,none,0,none
AWS-005,Bengaluru HAL,2026-08-13 08:50:00,26.22,919.98,57.9,normal,none,0,none
AWS-005,Bengaluru HAL,2026-08-13 09:00:00,25.84,919.96,54.5,normal,none,0,none
AWS-005,Bengaluru HAL,2026-08-13 09:10:00,26.21,919.93,52.2,normal,none,0,none
AWS-005,Bengaluru HAL,2026-08-13 09:20:00,26.84,920.28,55.5,normal,none,0,none
AWS-005,Bengaluru HAL,2026-08-13 09:30:00,27.58,920.15,53.4,normal,none,0,none
AWS-005,Bengaluru HAL,2026-08-13 09:40:00,27.51,920.23,51.6,normal,none,0,none
AWS-005,Bengaluru HAL,2026-08-13 09:50:00,27.97,919.67,52.4,normal,none,0,none
AWS-005,Bengaluru HAL,2026-08-13 10:00:00,28.59,920.13,52.3,normal,none,0,none
AWS-005,Bengaluru HAL,2026-08-13 10:10:00,28.01,920.03,51.1,normal,none,0,none
AWS-005,Bengaluru HAL,2026-08-13 10:20:00,28.64,919.79,51.7,normal,none,0,none
AWS-005,Bengaluru HAL,2026-08-13 10:30:00,28.91,919.84,50.5,normal,none,0,none
AWS-005,Bengaluru HAL,2026-08-13 10:40:00,29.36,919.88,50.6,normal,none,0,none
AWS-005,Bengaluru HAL,2026-08-13 10:50:00,29.62,919.94,50.1,normal,none,0,none
AWS-005,Bengaluru HAL,2026-08-13 11:00:00,30.03,919.43,46.2,normal,none,0,none
AWS-005,Bengaluru HAL,2026-08-13 11:10:00,30.36,919.69,46.9,normal,none,0,none
AWS-005,Bengaluru HAL,2026-08-13 11:20:00,30.5,919.51,47.8,normal,none,0,none
AWS-005,Bengaluru HAL,2026-08-13 11:30:00,30.87,919.7,46.0,normal,none,0,none
AWS-005,Bengaluru HAL,2026-08-13 11:40:00,31.87,919.35,43.1,normal,none,0,none
AWS-005,Bengaluru HAL,2026-08-13 11:50:00,31.74,919.18,45.7,normal,none,0,none
AWS-005,Bengaluru HAL,2026-08-13 12:00:00,31.36,919.35,44.8,normal,none,0,none
AWS-005,Bengaluru HAL,2026-08-13 12:10:00,31.58,918.92,45.2,normal,none,0,none
AWS-005,Bengaluru HAL,2026-08-13 12:20:00,32.4,919.05,45.0,normal,none,0,none
AWS-005,Bengaluru HAL,2026-08-13 12:30:00,31.81,919.17,43.4,normal,none,0,none
AWS-005,Bengaluru HAL,2026-08-13 12:40:00,32.13,918.75,45.8,normal,none,0,none
AWS-005,Bengaluru HAL,2026-08-13 12:50:00,32.44,918.98,43.1,normal,none,0,none
AWS-005,Bengaluru HAL,2026-08-13 13:00:00,32.91,918.95,43.3,normal,none,0,none
AWS-005,Bengaluru HAL,2026-08-13 13:10:00,32.82,918.52,42.7,normal,none,0,none
AWS-005,Bengaluru HAL,2026-08-13 13:20:00,32.87,918.51,45.4,normal,none,0,none
AWS-005,Bengaluru HAL,2026-08-13 13:30:00,32.73,918.91,42.6,normal,none,0,none
AWS-005,Bengaluru HAL,2026-08-13 13:40:00,32.79,917.83,41.8,normal,none,0,none
AWS-005,Bengaluru HAL,2026-08-13 13:50:00,33.25,918.85,42.1,normal,none,0,none
AWS-005,Bengaluru HAL,2026-08-13 14:00:00,33.29,918.11,43.7,normal,none,0,none
AWS-005,Bengaluru HAL,2026-08-13 14:10:00,32.73,918.14,42.3,normal,none,0,none
AWS-005,Bengaluru HAL,2026-08-13 14:20:00,33.78,918.3,43.4,normal,none,0,none
AWS-005,Bengaluru HAL,2026-08-13 14:30:00,33.13,918.6,41.8,normal,none,0,none
AWS-005,Bengaluru HAL,2026-08-13 14:40:00,33.52,918.36,43.2,normal,none,0,none
AWS-005,Bengaluru HAL,2026-08-13 14:50:00,33.34,917.65,43.6,normal,none,0,none
AWS-005,Bengaluru HAL,2026-08-13 15:00:00,33.04,918.35,42.7,normal,none,0,none
AWS-005,Bengaluru HAL,2026-08-13 15:10:00,33.3,917.35,47.6,normal,none,0,none
AWS-005,Bengaluru HAL,2026-08-13 15:20:00,32.43,917.74,41.7,normal,none,0,none
AWS-005,Bengaluru HAL,2026-08-13 15:30:00,32.5,917.07,43.5,normal,none,0,none
AWS-005,Bengaluru HAL,2026-08-13 15:40:00,32.62,917.54,44.4,normal,none,0,none
AWS-005,Bengaluru HAL,2026-08-13 15:50:00,32.59,917.05,42.6,normal,none,0,none
AWS-005,Bengaluru HAL,2026-08-13 16:00:00,32.81,917.64,43.6,normal,none,0,none
AWS-005,Bengaluru HAL,2026-08-13 16:10:00,32.48,917.22,43.9,normal,none,0,none
AWS-005,Bengaluru HAL,2026-08-13 16:20:00,32.09,916.94,42.2,normal,none,0,none
AWS-005,Bengaluru HAL,2026-08-13 16:30:00,31.83,917.08,45.8,normal,none,0,none
AWS-005,Bengaluru HAL,2026-08-13 16:40:00,31.67,916.58,43.6,normal,none,0,none
AWS-005,Bengaluru HAL,2026-08-13 16:50:00,31.37,916.57,45.4,normal,none,0,none
AWS-005,Bengaluru HAL,2026-08-13 17:00:00,31.48,916.96,45.4,normal,none,0,none
AWS-005,Bengaluru HAL,2026-08-13 17:10:00,30.87,916.84,46.0,normal,none,0,none
AWS-005,Bengaluru HAL,2026-08-13 17:20:00,30.64,916.69,46.7,normal,none,0,none
AWS-005,Bengaluru HAL,2026-08-13 17:30:00,30.5,916.37,47.9,normal,none,0,none
AWS-005,Bengaluru HAL,2026-08-13 17:40:00,30.14,916.31,48.8,normal,none,0,none
AWS-005,Bengaluru HAL,2026-08-13 17:50:00,29.32,916.52,46.7,normal,none,0,none
AWS-005,Bengaluru HAL,2026-08-13 18:00:00,24.551265348369895,906.5271321087887,77.762703962818,possible_weather_event,possible_weather_event,1,meteorological
AWS-005,Bengaluru HAL,2026-08-13 18:10:00,23.529825039457414,903.358944231642,73.99575916805867,possible_weather_event,possible_weather_event,1,meteorological
AWS-005,Bengaluru HAL,2026-08-13 18:20:00,22.614413903965968,904.6955125868277,71.80385536535996,possible_weather_event,possible_weather_event,1,meteorological
AWS-005,Bengaluru HAL,2026-08-13 18:30:00,22.0611378702464,906.7368552578762,75.64567070880864,possible_weather_event,possible_weather_event,1,meteorological
AWS-005,Bengaluru HAL,2026-08-13 18:40:00,21.487786156866665,901.8862078015526,82.80916552551399,possible_weather_event,possible_weather_event,1,meteorological
AWS-005,Bengaluru HAL,2026-08-13 18:50:00,22.068465577066572,907.3439673159617,84.49502934465804,possible_weather_event,possible_weather_event,1,meteorological
AWS-005,Bengaluru HAL,2026-08-13 19:00:00,21.179618765651,906.7677705909314,81.03729983144652,possible_weather_event,possible_weather_event,1,meteorological
AWS-005,Bengaluru HAL,2026-08-13 19:10:00,21.834028697211956,902.2940775875273,78.16413976080023,possible_weather_event,possible_weather_event,1,meteorological
AWS-005,Bengaluru HAL,2026-08-13 19:20:00,25.99,915.57,53.0,normal,none,0,none
AWS-005,Bengaluru HAL,2026-08-13 19:30:00,25.97,915.7,55.7,normal,none,0,none
AWS-005,Bengaluru HAL,2026-08-13 19:40:00,25.6,915.41,54.6,normal,none,0,none
AWS-005,Bengaluru HAL,2026-08-13 19:50:00,25.65,915.45,57.7,normal,none,0,none
AWS-005,Bengaluru HAL,2026-08-13 20:00:00,24.65,915.85,58.8,normal,none,0,none
AWS-005,Bengaluru HAL,2026-08-13 20:10:00,24.66,915.6,57.9,normal,none,0,none
AWS-005,Bengaluru HAL,2026-08-13 20:20:00,24.1,915.75,55.7,normal,none,0,none
AWS-005,Bengaluru HAL,2026-08-13 20:30:00,23.99,915.27,56.6,normal,none,0,none
AWS-005,Bengaluru HAL,2026-08-13 20:40:00,23.3,915.38,60.8,normal,none,0,none
AWS-005,Bengaluru HAL,2026-08-13 20:50:00,22.76,915.62,61.6,normal,none,0,none
AWS-005,Bengaluru HAL,2026-08-13 21:00:00,22.91,915.26,60.8,normal,none,0,none
AWS-005,Bengaluru HAL,2026-08-13 21:10:00,21.88,915.74,62.8,normal,none,0,none
AWS-005,Bengaluru HAL,2026-08-13 21:20:00,21.91,914.54,63.4,normal,none,0,none
AWS-005,Bengaluru HAL,2026-08-13 21:30:00,20.61,915.62,64.7,normal,none,0,none
AWS-005,Bengaluru HAL,2026-08-13 21:40:00,20.63,915.39,65.5,normal,none,0,none
AWS-005,Bengaluru HAL,2026-08-13 21:50:00,20.27,915.04,63.1,normal,none,0,none
AWS-005,Bengaluru HAL,2026-08-13 22:00:00,20.0,915.3,64.4,normal,none,0,none
AWS-005,Bengaluru HAL,2026-08-13 22:10:00,19.53,915.25,66.2,normal,none,0,none
AWS-005,Bengaluru HAL,2026-08-13 22:20:00,19.4,914.72,65.1,normal,none,0,none
AWS-005,Bengaluru HAL,2026-08-13 22:30:00,19.1,914.9,69.7,normal,none,0,none
AWS-005,Bengaluru HAL,2026-08-13 22:40:00,18.74,915.5,66.8,normal,none,0,none
AWS-005,Bengaluru HAL,2026-08-13 22:50:00,18.29,915.31,69.7,normal,none,0,none
AWS-005,Bengaluru HAL,2026-08-13 23:00:00,18.23,915.44,71.3,normal,none,0,none
AWS-005,Bengaluru HAL,2026-08-13 23:10:00,17.67,915.02,72.7,normal,none,0,none
AWS-005,Bengaluru HAL,2026-08-13 23:20:00,17.14,914.89,71.3,normal,none,0,none
AWS-005,Bengaluru HAL,2026-08-13 23:30:00,16.94,915.58,71.1,normal,none,0,none
AWS-005,Bengaluru HAL,2026-08-13 23:40:00,17.04,915.41,71.0,normal,none,0,none
AWS-005,Bengaluru HAL,2026-08-13 23:50:00,16.15,915.83,72.1,normal,none,0,none
AWS-005,Bengaluru HAL,2026-08-14 00:00:00,15.53,915.47,73.6,normal,none,0,none
AWS-005,Bengaluru HAL,2026-08-14 00:10:00,15.86,915.59,72.3,normal,none,0,none
AWS-005,Bengaluru HAL,2026-08-14 00:20:00,15.8,915.37,72.8,normal,none,0,none
AWS-005,Bengaluru HAL,2026-08-14 00:30:00,15.74,915.57,74.3,normal,none,0,none
AWS-005,Bengaluru HAL,2026-08-14 00:40:00,14.72,915.57,74.1,normal,none,0,none
AWS-005,Bengaluru HAL,2026-08-14 00:50:00,15.44,915.5,76.2,normal,none,0,none
AWS-005,Bengaluru HAL,2026-08-14 01:00:00,15.17,915.61,73.3,normal,none,0,none
AWS-005,Bengaluru HAL,2026-08-14 01:10:00,14.65,915.75,72.8,normal,none,0,none
AWS-005,Bengaluru HAL,2026-08-14 01:20:00,14.6,916.17,76.2,normal,none,0,none
AWS-005,Bengaluru HAL,2026-08-14 01:30:00,13.85,916.18,76.3,normal,none,0,none
AWS-005,Bengaluru HAL,2026-08-14 01:40:00,14.97,916.0,75.3,normal,none,0,none
AWS-005,Bengaluru HAL,2026-08-14 01:50:00,14.74,916.2,75.3,normal,none,0,none
AWS-005,Bengaluru HAL,2026-08-14 02:00:00,13.49,915.76,76.4,normal,none,0,none
AWS-005,Bengaluru HAL,2026-08-14 02:10:00,14.28,916.16,76.6,normal,none,0,none
AWS-005,Bengaluru HAL,2026-08-14 02:20:00,13.78,916.33,76.8,normal,none,0,none
AWS-005,Bengaluru HAL,2026-08-14 02:30:00,14.3,915.69,75.0,normal,none,0,none
AWS-005,Bengaluru HAL,2026-08-14 02:40:00,14.44,916.16,75.9,normal,none,0,none
AWS-005,Bengaluru HAL,2026-08-14 02:50:00,14.25,916.17,77.5,normal,none,0,none
AWS-005,Bengaluru HAL,2026-08-14 03:00:00,13.87,916.45,76.9,normal,none,0,none
AWS-005,Bengaluru HAL,2026-08-14 03:10:00,14.17,916.0,76.3,normal,none,0,none
AWS-005,Bengaluru HAL,2026-08-14 03:20:00,14.2,916.5,76.3,normal,none,0,none
AWS-005,Bengaluru HAL,2026-08-14 03:30:00,13.93,916.98,75.5,normal,none,0,none
AWS-005,Bengaluru HAL,2026-08-14 03:40:00,14.54,916.21,73.4,normal,none,0,none
AWS-005,Bengaluru HAL,2026-08-14 03:50:00,14.28,916.74,73.9,normal,none,0,none
AWS-005,Bengaluru HAL,2026-08-14 04:00:00,14.58,916.51,76.0,normal,none,0,none
AWS-005,Bengaluru HAL,2026-08-14 04:10:00,14.84,916.37,76.3,normal,none,0,none
AWS-005,Bengaluru HAL,2026-08-14 04:20:00,14.59,916.98,73.8,normal,none,0,none
AWS-005,Bengaluru HAL,2026-08-14 04:30:00,15.61,916.86,74.2,normal,none,0,none
AWS-005,Bengaluru HAL,2026-08-14 04:40:00,15.93,916.99,73.8,normal,none,0,none
AWS-005,Bengaluru HAL,2026-08-14 04:50:00,15.74,916.81,73.9,normal,none,0,none
AWS-005,Bengaluru HAL,2026-08-14 05:00:00,15.25,917.11,73.6,normal,none,0,none
AWS-005,Bengaluru HAL,2026-08-14 05:10:00,16.16,917.14,73.3,normal,none,0,none
AWS-005,Bengaluru HAL,2026-08-14 05:20:00,16.58,917.3,72.9,normal,none,0,none
AWS-005,Bengaluru HAL,2026-08-14 05:30:00,16.42,916.81,71.1,normal,none,0,none
AWS-005,Bengaluru HAL,2026-08-14 05:40:00,17.15,916.84,72.2,normal,none,0,none
AWS-005,Bengaluru HAL,2026-08-14 05:50:00,16.92,917.13,70.9,normal,none,0,none
AWS-005,Bengaluru HAL,2026-08-14 06:00:00,17.62,917.67,69.3,normal,none,0,none
AWS-005,Bengaluru HAL,2026-08-14 06:10:00,18.11,917.24,67.9,normal,none,0,none
AWS-005,Bengaluru HAL,2026-08-14 06:20:00,17.69,917.07,69.7,normal,none,0,none
AWS-005,Bengaluru HAL,2026-08-14 06:30:00,18.65,916.96,70.0,normal,none,0,none
AWS-005,Bengaluru HAL,2026-08-14 06:40:00,18.24,917.1,68.4,normal,none,0,none
AWS-005,Bengaluru HAL,2026-08-14 06:50:00,18.61,917.22,68.4,normal,none,0,none
AWS-005,Bengaluru HAL,2026-08-14 07:00:00,20.24,917.02,66.7,normal,none,0,none
AWS-005,Bengaluru HAL,2026-08-14 07:10:00,20.13,917.25,65.8,normal,none,0,none
AWS-005,Bengaluru HAL,2026-08-14 07:20:00,20.13,917.19,66.2,normal,none,0,none
AWS-005,Bengaluru HAL,2026-08-14 07:30:00,20.79,917.49,65.9,normal,none,0,none
AWS-005,Bengaluru HAL,2026-08-14 07:40:00,21.08,917.23,63.3,normal,none,0,none
AWS-005,Bengaluru HAL,2026-08-14 07:50:00,21.14,917.72,63.9,normal,none,0,none
AWS-005,Bengaluru HAL,2026-08-14 08:00:00,21.64,917.06,62.0,normal,none,0,none
AWS-005,Bengaluru HAL,2026-08-14 08:10:00,21.67,917.77,61.5,normal,none,0,none
AWS-005,Bengaluru HAL,2026-08-14 08:20:00,22.73,917.54,61.4,normal,none,0,none
AWS-005,Bengaluru HAL,2026-08-14 08:30:00,22.82,917.32,59.9,normal,none,0,none
AWS-005,Bengaluru HAL,2026-08-14 08:40:00,23.05,917.55,60.2,normal,none,0,none
AWS-005,Bengaluru HAL,2026-08-14 08:50:00,23.2,917.42,60.4,normal,none,0,none
AWS-005,Bengaluru HAL,2026-08-14 09:00:00,23.57,916.86,59.2,normal,none,0,none
AWS-005,Bengaluru HAL,2026-08-14 09:10:00,24.56,917.01,57.6,normal,none,0,none
AWS-005,Bengaluru HAL,2026-08-14 09:20:00,25.31,917.0,57.5,normal,none,0,none
AWS-005,Bengaluru HAL,2026-08-14 09:30:00,25.66,916.99,55.9,normal,none,0,none
AWS-005,Bengaluru HAL,2026-08-14 09:40:00,25.42,917.22,57.8,normal,none,0,none
AWS-005,Bengaluru HAL,2026-08-14 09:50:00,25.52,917.26,54.9,normal,none,0,none
AWS-005,Bengaluru HAL,2026-08-14 10:00:00,26.02,916.74,52.6,normal,none,0,none
AWS-005,Bengaluru HAL,2026-08-14 10:10:00,25.96,916.99,54.8,normal,none,0,none
AWS-005,Bengaluru HAL,2026-08-14 10:20:00,26.34,917.17,53.9,normal,none,0,none
AWS-005,Bengaluru HAL,2026-08-14 10:30:00,27.25,917.17,51.7,normal,none,0,none
AWS-005,Bengaluru HAL,2026-08-14 10:40:00,27.38,916.94,50.4,normal,none,0,none
AWS-005,Bengaluru HAL,2026-08-14 10:50:00,27.92,916.78,50.5,normal,none,0,none
AWS-005,Bengaluru HAL,2026-08-14 11:00:00,27.81,916.64,51.5,normal,none,0,none
AWS-005,Bengaluru HAL,2026-08-14 11:10:00,28.71,916.51,50.6,normal,none,0,none
AWS-005,Bengaluru HAL,2026-08-14 11:20:00,28.55,916.4,52.2,normal,none,0,none
AWS-005,Bengaluru HAL,2026-08-14 11:30:00,28.5,916.61,49.1,normal,none,0,none
AWS-005,Bengaluru HAL,2026-08-14 11:40:00,29.47,916.09,49.3,normal,none,0,none
AWS-005,Bengaluru HAL,2026-08-14 11:50:00,29.64,916.41,47.8,normal,none,0,none
AWS-005,Bengaluru HAL,2026-08-14 12:00:00,29.93,916.47,48.2,normal,none,0,none
AWS-005,Bengaluru HAL,2026-08-14 12:10:00,30.38,915.98,46.3,normal,none,0,none
AWS-005,Bengaluru HAL,2026-08-14 12:20:00,30.14,916.03,46.6,normal,none,0,none
AWS-005,Bengaluru HAL,2026-08-14 12:30:00,30.83,915.46,49.4,normal,none,0,none
AWS-005,Bengaluru HAL,2026-08-14 12:40:00,30.69,916.12,45.7,normal,none,0,none
AWS-005,Bengaluru HAL,2026-08-14 12:50:00,30.9,915.78,45.7,normal,none,0,none
AWS-005,Bengaluru HAL,2026-08-14 13:00:00,30.55,915.92,44.7,normal,none,0,none
AWS-005,Bengaluru HAL,2026-08-14 13:10:00,30.37,916.15,44.8,normal,none,0,none
AWS-005,Bengaluru HAL,2026-08-14 13:20:00,31.9,915.21,47.5,normal,none,0,none
AWS-005,Bengaluru HAL,2026-08-14 13:30:00,30.65,915.42,45.6,normal,none,0,none
AWS-005,Bengaluru HAL,2026-08-14 13:40:00,31.32,915.23,45.9,normal,none,0,none
AWS-005,Bengaluru HAL,2026-08-14 13:50:00,31.97,915.24,44.1,normal,none,0,none
AWS-005,Bengaluru HAL,2026-08-14 14:00:00,31.01,915.06,43.5,normal,none,0,none
AWS-005,Bengaluru HAL,2026-08-14 14:10:00,31.79,915.16,46.9,normal,none,0,none
AWS-005,Bengaluru HAL,2026-08-14 14:20:00,31.45,914.64,47.0,normal,none,0,none
AWS-005,Bengaluru HAL,2026-08-14 14:30:00,31.39,914.84,46.6,normal,none,0,none
AWS-005,Bengaluru HAL,2026-08-14 14:40:00,31.42,914.84,45.4,normal,none,0,none
AWS-005,Bengaluru HAL,2026-08-14 14:50:00,31.49,914.72,43.4,normal,none,0,none
AWS-005,Bengaluru HAL,2026-08-14 15:00:00,31.23,914.78,45.1,normal,none,0,none
AWS-005,Bengaluru HAL,2026-08-14 15:10:00,31.3,914.33,43.7,normal,none,0,none
AWS-005,Bengaluru HAL,2026-08-14 15:20:00,31.95,914.22,44.9,normal,none,0,none
AWS-005,Bengaluru HAL,2026-08-14 15:30:00,30.64,913.97,45.6,normal,none,0,none
AWS-005,Bengaluru HAL,2026-08-14 15:40:00,30.87,913.81,44.5,normal,none,0,none
AWS-005,Bengaluru HAL,2026-08-14 15:50:00,30.96,913.96,45.9,normal,none,0,none
AWS-005,Bengaluru HAL,2026-08-14 16:00:00,30.54,913.88,47.0,normal,none,0,none
AWS-005,Bengaluru HAL,2026-08-14 16:10:00,30.46,913.93,45.7,normal,none,0,none
AWS-005,Bengaluru HAL,2026-08-14 16:20:00,30.98,913.57,47.2,normal,none,0,none
AWS-005,Bengaluru HAL,2026-08-14 16:30:00,30.17,913.63,46.5,normal,none,0,none
AWS-005,Bengaluru HAL,2026-08-14 16:40:00,29.45,913.32,47.3,normal,none,0,none
AWS-005,Bengaluru HAL,2026-08-14 16:50:00,30.07,913.27,47.8,normal,none,0,none
AWS-005,Bengaluru HAL,2026-08-14 17:00:00,29.79,913.3,49.5,normal,none,0,none
AWS-005,Bengaluru HAL,2026-08-14 17:10:00,29.38,912.83,49.9,normal,none,0,none
AWS-005,Bengaluru HAL,2026-08-14 17:20:00,28.76,913.41,52.0,normal,none,0,none
AWS-005,Bengaluru HAL,2026-08-14 17:30:00,28.7,912.76,49.7,normal,none,0,none
AWS-005,Bengaluru HAL,2026-08-14 17:40:00,28.78,912.76,48.1,normal,none,0,none
AWS-005,Bengaluru HAL,2026-08-14 17:50:00,27.89,912.67,50.1,normal,none,0,none
AWS-005,Bengaluru HAL,2026-08-14 18:00:00,28.54,913.11,54.2,normal,none,0,none
AWS-005,Bengaluru HAL,2026-08-14 18:10:00,27.98,912.36,52.7,normal,none,0,none
AWS-005,Bengaluru HAL,2026-08-14 18:20:00,26.97,912.34,53.7,normal,none,0,none
AWS-005,Bengaluru HAL,2026-08-14 18:30:00,26.92,912.12,52.9,normal,none,0,none
AWS-005,Bengaluru HAL,2026-08-14 18:40:00,26.44,912.43,52.6,normal,none,0,none
AWS-005,Bengaluru HAL,2026-08-14 18:50:00,26.52,912.74,55.4,normal,none,0,none
AWS-005,Bengaluru HAL,2026-08-14 19:00:00,26.31,912.18,56.8,normal,none,0,none
AWS-005,Bengaluru HAL,2026-08-14 19:10:00,25.28,912.52,54.3,normal,none,0,none
AWS-005,Bengaluru HAL,2026-08-14 19:20:00,25.52,912.47,56.4,normal,none,0,none
AWS-005,Bengaluru HAL,2026-08-14 19:30:00,25.12,912.08,57.4,normal,none,0,none
AWS-005,Bengaluru HAL,2026-08-14 19:40:00,24.05,912.19,58.0,normal,none,0,none
AWS-005,Bengaluru HAL,2026-08-14 19:50:00,24.25,912.31,57.8,normal,none,0,none
AWS-005,Bengaluru HAL,2026-08-14 20:00:00,24.01,912.29,61.2,normal,none,0,none
AWS-005,Bengaluru HAL,2026-08-14 20:10:00,23.05,911.81,59.0,normal,none,0,none
AWS-005,Bengaluru HAL,2026-08-14 20:20:00,22.78,912.57,59.2,normal,none,0,none
AWS-005,Bengaluru HAL,2026-08-14 20:30:00,22.66,911.79,59.6,normal,none,0,none
AWS-005,Bengaluru HAL,2026-08-14 20:40:00,22.33,911.95,60.9,normal,none,0,none
AWS-005,Bengaluru HAL,2026-08-14 20:50:00,21.9,911.55,65.9,normal,none,0,none
AWS-005,Bengaluru HAL,2026-08-14 21:00:00,21.24,911.76,63.8,normal,none,0,none
AWS-005,Bengaluru HAL,2026-08-14 21:10:00,21.41,911.88,64.3,normal,none,0,none
AWS-005,Bengaluru HAL,2026-08-14 21:20:00,20.04,911.73,64.7,normal,none,0,none
AWS-005,Bengaluru HAL,2026-08-14 21:30:00,20.07,911.9,64.7,normal,none,0,none
AWS-005,Bengaluru HAL,2026-08-14 21:40:00,20.02,911.54,65.6,normal,none,0,none
AWS-005,Bengaluru HAL,2026-08-14 21:50:00,19.11,912.28,65.7,normal,none,0,none
AWS-005,Bengaluru HAL,2026-08-14 22:00:00,18.91,911.93,66.5,normal,none,0,none
AWS-005,Bengaluru HAL,2026-08-14 22:10:00,18.94,912.35,67.5,normal,none,0,none
AWS-005,Bengaluru HAL,2026-08-14 22:20:00,17.83,911.42,68.9,normal,none,0,none
AWS-005,Bengaluru HAL,2026-08-14 22:30:00,18.53,911.93,71.3,normal,none,0,none
AWS-005,Bengaluru HAL,2026-08-14 22:40:00,17.52,911.75,70.3,normal,none,0,none
AWS-005,Bengaluru HAL,2026-08-14 22:50:00,17.59,911.7,71.1,normal,none,0,none
AWS-005,Bengaluru HAL,2026-08-14 23:00:00,17.31,911.84,71.2,normal,none,0,none
AWS-005,Bengaluru HAL,2026-08-14 23:10:00,16.64,911.97,72.9,normal,none,0,none
AWS-005,Bengaluru HAL,2026-08-14 23:20:00,16.2,911.98,73.8,normal,none,0,none
AWS-005,Bengaluru HAL,2026-08-14 23:30:00,15.84,911.7,72.5,normal,none,0,none
AWS-005,Bengaluru HAL,2026-08-14 23:40:00,16.08,911.87,73.3,normal,none,0,none
AWS-005,Bengaluru HAL,2026-08-14 23:50:00,15.37,912.32,74.1,normal,none,0,none
AWS-005,Bengaluru HAL,2026-08-15 00:00:00,16.02,911.51,71.1,normal,none,0,none
AWS-005,Bengaluru HAL,2026-08-15 00:10:00,15.01,911.78,74.6,normal,none,0,none
AWS-005,Bengaluru HAL,2026-08-15 00:20:00,14.93,912.2,74.0,normal,none,0,none
AWS-005,Bengaluru HAL,2026-08-15 00:30:00,14.84,912.04,75.0,normal,none,0,none
AWS-005,Bengaluru HAL,2026-08-15 00:40:00,14.31,912.57,75.7,normal,none,0,none
AWS-005,Bengaluru HAL,2026-08-15 00:50:00,14.68,912.14,75.1,normal,none,0,none
AWS-005,Bengaluru HAL,2026-08-15 01:00:00,14.35,912.24,77.6,normal,none,0,none
AWS-005,Bengaluru HAL,2026-08-15 01:10:00,14.47,912.05,75.9,normal,none,0,none
AWS-005,Bengaluru HAL,2026-08-15 01:20:00,13.8,912.45,75.4,normal,none,0,none
AWS-005,Bengaluru HAL,2026-08-15 01:30:00,13.7,912.46,77.4,normal,none,0,none
AWS-005,Bengaluru HAL,2026-08-15 01:40:00,13.62,912.08,76.8,normal,none,0,none
AWS-005,Bengaluru HAL,2026-08-15 01:50:00,13.69,912.82,76.5,normal,none,0,none
AWS-005,Bengaluru HAL,2026-08-15 02:00:00,14.08,912.91,77.6,normal,none,0,none
AWS-005,Bengaluru HAL,2026-08-15 02:10:00,13.78,912.37,78.0,normal,none,0,none
AWS-005,Bengaluru HAL,2026-08-15 02:20:00,13.62,912.79,77.0,normal,none,0,none
AWS-005,Bengaluru HAL,2026-08-15 02:30:00,13.51,912.64,78.1,normal,none,0,none
AWS-005,Bengaluru HAL,2026-08-15 02:40:00,13.43,913.02,76.2,normal,none,0,none
AWS-005,Bengaluru HAL,2026-08-15 02:50:00,13.69,912.65,74.9,normal,none,0,none
AWS-005,Bengaluru HAL,2026-08-15 03:00:00,13.62,912.54,77.0,normal,none,0,none
AWS-005,Bengaluru HAL,2026-08-15 03:10:00,13.1,913.0,77.4,normal,none,0,none
AWS-005,Bengaluru HAL,2026-08-15 03:20:00,14.09,912.8,76.4,normal,none,0,none
AWS-005,Bengaluru HAL,2026-08-15 03:30:00,14.13,912.59,76.4,normal,none,0,none
AWS-005,Bengaluru HAL,2026-08-15 03:40:00,14.44,912.72,76.8,normal,none,0,none
AWS-005,Bengaluru HAL,2026-08-15 03:50:00,14.06,912.85,78.4,normal,none,0,none
AWS-005,Bengaluru HAL,2026-08-15 04:00:00,14.53,913.15,75.0,normal,none,0,none
AWS-005,Bengaluru HAL,2026-08-15 04:10:00,14.51,913.11,75.3,normal,none,0,none
AWS-005,Bengaluru HAL,2026-08-15 04:20:00,14.87,912.99,71.0,normal,none,0,none
AWS-005,Bengaluru HAL,2026-08-15 04:30:00,15.01,913.13,73.6,normal,none,0,none
AWS-005,Bengaluru HAL,2026-08-15 04:40:00,15.28,913.21,74.7,normal,none,0,none
AWS-005,Bengaluru HAL,2026-08-15 04:50:00,15.76,913.22,72.0,normal,none,0,none
AWS-005,Bengaluru HAL,2026-08-15 05:00:00,15.93,913.51,74.5,normal,none,0,none
AWS-005,Bengaluru HAL,2026-08-15 05:10:00,15.89,913.82,72.9,normal,none,0,none
AWS-005,Bengaluru HAL,2026-08-15 05:20:00,16.02,913.97,73.3,normal,none,0,none
AWS-005,Bengaluru HAL,2026-08-15 05:30:00,16.49,913.58,71.3,normal,none,0,none
AWS-005,Bengaluru HAL,2026-08-15 05:40:00,16.68,913.47,69.8,normal,none,0,none
AWS-005,Bengaluru HAL,2026-08-15 05:50:00,17.09,913.78,71.2,normal,none,0,none
AWS-005,Bengaluru HAL,2026-08-15 06:00:00,17.12,914.16,69.7,normal,none,0,none
AWS-005,Bengaluru HAL,2026-08-15 06:10:00,18.19,913.89,70.5,normal,none,0,none
AWS-005,Bengaluru HAL,2026-08-15 06:20:00,17.9,913.74,69.7,normal,none,0,none
AWS-005,Bengaluru HAL,2026-08-15 06:30:00,18.31,914.0,70.1,normal,none,0,none
AWS-005,Bengaluru HAL,2026-08-15 06:40:00,18.6,913.72,67.6,normal,none,0,none
AWS-005,Bengaluru HAL,2026-08-15 06:50:00,19.3,914.42,66.5,normal,none,0,none
AWS-005,Bengaluru HAL,2026-08-15 07:00:00,19.3,913.74,66.3,normal,none,0,none
AWS-005,Bengaluru HAL,2026-08-15 07:10:00,19.44,913.53,65.3,normal,none,0,none
AWS-005,Bengaluru HAL,2026-08-15 07:20:00,20.68,913.78,65.5,normal,none,0,none
AWS-005,Bengaluru HAL,2026-08-15 07:30:00,20.67,913.89,63.9,normal,none,0,none
AWS-005,Bengaluru HAL,2026-08-15 07:40:00,21.19,914.04,62.7,normal,none,0,none
AWS-005,Bengaluru HAL,2026-08-15 07:50:00,21.38,914.09,63.0,normal,none,0,none
AWS-005,Bengaluru HAL,2026-08-15 08:00:00,21.37,914.21,63.9,normal,none,0,none
AWS-005,Bengaluru HAL,2026-08-15 08:10:00,23.06,913.58,63.2,normal,none,0,none
AWS-005,Bengaluru HAL,2026-08-15 08:20:00,22.5,914.2,60.8,normal,none,0,none
AWS-005,Bengaluru HAL,2026-08-15 08:30:00,23.35,914.28,62.3,normal,none,0,none
AWS-005,Bengaluru HAL,2026-08-15 08:40:00,23.5,914.46,58.6,normal,none,0,none
AWS-005,Bengaluru HAL,2026-08-15 08:50:00,24.03,914.29,60.2,normal,none,0,none
AWS-005,Bengaluru HAL,2026-08-15 09:00:00,24.36,914.1,57.0,normal,none,0,none
AWS-005,Bengaluru HAL,2026-08-15 09:10:00,24.25,914.06,54.6,normal,none,0,none
AWS-005,Bengaluru HAL,2026-08-15 09:20:00,24.73,913.97,57.0,normal,none,0,none
AWS-005,Bengaluru HAL,2026-08-15 09:30:00,25.8,913.95,56.5,normal,none,0,none
AWS-005,Bengaluru HAL,2026-08-15 09:40:00,26.08,914.08,56.6,normal,none,0,none
AWS-005,Bengaluru HAL,2026-08-15 09:50:00,25.77,914.02,53.7,normal,none,0,none
AWS-005,Bengaluru HAL,2026-08-15 10:00:00,26.78,914.28,54.6,normal,none,0,none
AWS-005,Bengaluru HAL,2026-08-15 10:10:00,27.44,913.76,52.2,normal,none,0,none
AWS-005,Bengaluru HAL,2026-08-15 10:20:00,27.55,913.71,52.0,normal,none,0,none
AWS-005,Bengaluru HAL,2026-08-15 10:30:00,27.61,913.78,51.7,normal,none,0,none
AWS-005,Bengaluru HAL,2026-08-15 10:40:00,28.06,913.67,51.5,normal,none,0,none
AWS-005,Bengaluru HAL,2026-08-15 10:50:00,28.27,913.52,50.2,normal,none,0,none
AWS-005,Bengaluru HAL,2026-08-15 11:00:00,28.74,913.62,50.0,normal,none,0,none
AWS-005,Bengaluru HAL,2026-08-15 11:10:00,29.37,913.42,50.2,normal,none,0,none
AWS-005,Bengaluru HAL,2026-08-15 11:20:00,29.09,913.66,49.6,normal,none,0,none
AWS-005,Bengaluru HAL,2026-08-15 11:30:00,30.12,913.36,49.1,normal,none,0,none
AWS-005,Bengaluru HAL,2026-08-15 11:40:00,29.69,913.73,47.4,normal,none,0,none
AWS-005,Bengaluru HAL,2026-08-15 11:50:00,29.85,913.13,47.1,normal,none,0,none
AWS-005,Bengaluru HAL,2026-08-15 12:00:00,30.53,913.17,47.0,normal,none,0,none
AWS-005,Bengaluru HAL,2026-08-15 12:10:00,30.85,913.2,45.7,normal,none,0,none
AWS-005,Bengaluru HAL,2026-08-15 12:20:00,31.13,913.05,45.3,normal,none,0,none
AWS-005,Bengaluru HAL,2026-08-15 12:30:00,31.65,913.09,42.9,normal,none,0,none
AWS-005,Bengaluru HAL,2026-08-15 12:40:00,31.29,912.69,45.9,normal,none,0,none
AWS-005,Bengaluru HAL,2026-08-15 12:50:00,31.64,912.47,43.4,normal,none,0,none
AWS-005,Bengaluru HAL,2026-08-15 13:00:00,31.63,912.94,43.4,normal,none,0,none
AWS-005,Bengaluru HAL,2026-08-15 13:10:00,31.84,912.42,46.3,normal,none,0,none
AWS-005,Bengaluru HAL,2026-08-15 13:20:00,32.04,912.78,43.1,normal,none,0,none
AWS-005,Bengaluru HAL,2026-08-15 13:30:00,32.33,912.66,43.7,normal,none,0,none
AWS-005,Bengaluru HAL,2026-08-15 13:40:00,32.02,912.58,47.2,normal,none,0,none
AWS-005,Bengaluru HAL,2026-08-15 13:50:00,32.37,912.52,43.0,normal,none,0,none
AWS-005,Bengaluru HAL,2026-08-15 14:00:00,32.21,912.19,42.8,normal,none,0,none
AWS-005,Bengaluru HAL,2026-08-15 14:10:00,32.4,912.55,44.8,normal,none,0,none
AWS-005,Bengaluru HAL,2026-08-15 14:20:00,33.08,911.91,44.3,normal,none,0,none
AWS-005,Bengaluru HAL,2026-08-15 14:30:00,32.59,911.72,43.6,normal,none,0,none
AWS-005,Bengaluru HAL,2026-08-15 14:40:00,32.27,912.26,43.5,normal,none,0,none
AWS-005,Bengaluru HAL,2026-08-15 14:50:00,32.7,911.85,45.1,normal,none,0,none
AWS-005,Bengaluru HAL,2026-08-15 15:00:00,32.21,911.87,44.4,normal,none,0,none
AWS-005,Bengaluru HAL,2026-08-15 15:10:00,32.93,911.88,43.6,normal,none,0,none
AWS-005,Bengaluru HAL,2026-08-15 15:20:00,32.78,911.6,42.8,normal,none,0,none
AWS-005,Bengaluru HAL,2026-08-15 15:30:00,32.26,911.39,45.0,normal,none,0,none
AWS-005,Bengaluru HAL,2026-08-15 15:40:00,32.42,911.3,43.9,normal,none,0,none
AWS-005,Bengaluru HAL,2026-08-15 15:50:00,32.79,911.3,42.3,normal,none,0,none
AWS-005,Bengaluru HAL,2026-08-15 16:00:00,32.53,911.27,41.9,normal,none,0,none
AWS-005,Bengaluru HAL,2026-08-15 16:10:00,31.55,910.79,44.8,normal,none,0,none
AWS-005,Bengaluru HAL,2026-08-15 16:20:00,31.12,911.01,44.7,normal,none,0,none
AWS-005,Bengaluru HAL,2026-08-15 16:30:00,31.19,911.39,45.2,normal,none,0,none
AWS-005,Bengaluru HAL,2026-08-15 16:40:00,30.85,910.66,47.8,normal,none,0,none
AWS-005,Bengaluru HAL,2026-08-15 16:50:00,30.93,910.68,44.9,normal,none,0,none
AWS-005,Bengaluru HAL,2026-08-15 17:00:00,30.64,911.17,45.3,normal,none,0,none
AWS-005,Bengaluru HAL,2026-08-15 17:10:00,31.05,910.6,46.8,normal,none,0,none
AWS-005,Bengaluru HAL,2026-08-15 17:20:00,29.51,910.32,46.0,normal,none,0,none
AWS-005,Bengaluru HAL,2026-08-15 17:30:00,29.53,910.68,47.5,normal,none,0,none
AWS-005,Bengaluru HAL,2026-08-15 17:40:00,30.46,910.9,48.3,normal,none,0,none
AWS-005,Bengaluru HAL,2026-08-15 17:50:00,29.07,910.22,46.4,normal,none,0,none
AWS-005,Bengaluru HAL,2026-08-15 18:00:00,29.35,909.78,50.8,normal,none,0,none
AWS-005,Bengaluru HAL,2026-08-15 18:10:00,29.32,910.71,51.7,normal,none,0,none
AWS-005,Bengaluru HAL,2026-08-15 18:20:00,27.88,909.97,48.8,normal,none,0,none
AWS-005,Bengaluru HAL,2026-08-15 18:30:00,28.59,910.04,50.5,normal,none,0,none
AWS-005,Bengaluru HAL,2026-08-15 18:40:00,28.36,910.53,50.2,normal,none,0,none
AWS-005,Bengaluru HAL,2026-08-15 18:50:00,28.5,910.38,52.6,normal,none,0,none
AWS-005,Bengaluru HAL,2026-08-15 19:00:00,27.25,910.54,53.2,normal,none,0,none
AWS-005,Bengaluru HAL,2026-08-15 19:10:00,26.61,910.0,51.6,normal,none,0,none
AWS-005,Bengaluru HAL,2026-08-15 19:20:00,26.52,910.14,53.8,normal,none,0,none
AWS-005,Bengaluru HAL,2026-08-15 19:30:00,26.52,909.88,55.0,normal,none,0,none
AWS-005,Bengaluru HAL,2026-08-15 19:40:00,26.22,909.71,55.2,normal,none,0,none
AWS-005,Bengaluru HAL,2026-08-15 19:50:00,26.37,909.69,54.6,normal,none,0,none
AWS-005,Bengaluru HAL,2026-08-15 20:00:00,24.98,909.95,55.8,normal,none,0,none
AWS-005,Bengaluru HAL,2026-08-15 20:10:00,25.15,910.09,57.0,normal,none,0,none
AWS-005,Bengaluru HAL,2026-08-15 20:20:00,25.05,909.98,57.0,normal,none,0,none
AWS-005,Bengaluru HAL,2026-08-15 20:30:00,24.21,909.68,57.8,normal,none,0,none
AWS-005,Bengaluru HAL,2026-08-15 20:40:00,23.38,909.55,60.1,normal,none,0,none
AWS-005,Bengaluru HAL,2026-08-15 20:50:00,23.43,909.72,58.1,normal,none,0,none
AWS-005,Bengaluru HAL,2026-08-15 21:00:00,23.64,909.34,60.9,normal,none,0,none
AWS-005,Bengaluru HAL,2026-08-15 21:10:00,22.36,909.76,62.9,normal,none,0,none
AWS-005,Bengaluru HAL,2026-08-15 21:20:00,22.49,909.64,60.0,normal,none,0,none
AWS-005,Bengaluru HAL,2026-08-15 21:30:00,21.67,909.66,63.1,normal,none,0,none
AWS-005,Bengaluru HAL,2026-08-15 21:40:00,21.5,909.96,62.5,normal,none,0,none
AWS-005,Bengaluru HAL,2026-08-15 21:50:00,21.35,909.91,60.9,normal,none,0,none
AWS-005,Bengaluru HAL,2026-08-15 22:00:00,20.66,909.82,65.9,normal,none,0,none
AWS-005,Bengaluru HAL,2026-08-15 22:10:00,20.75,909.69,62.4,normal,none,0,none
AWS-005,Bengaluru HAL,2026-08-15 22:20:00,19.83,909.66,65.6,normal,none,0,none
AWS-005,Bengaluru HAL,2026-08-15 22:30:00,19.59,909.56,69.6,normal,none,0,none
AWS-005,Bengaluru HAL,2026-08-15 22:40:00,19.7,909.88,68.3,normal,none,0,none
AWS-005,Bengaluru HAL,2026-08-15 22:50:00,18.15,909.92,68.7,normal,none,0,none
AWS-005,Bengaluru HAL,2026-08-15 23:00:00,18.68,909.87,69.4,normal,none,0,none
AWS-005,Bengaluru HAL,2026-08-15 23:10:00,18.32,910.16,67.6,normal,none,0,none
AWS-005,Bengaluru HAL,2026-08-15 23:20:00,18.72,910.2,68.1,normal,none,0,none
AWS-005,Bengaluru HAL,2026-08-15 23:30:00,18.05,910.42,67.6,normal,none,0,none
AWS-005,Bengaluru HAL,2026-08-15 23:40:00,17.77,910.11,69.3,normal,none,0,none
AWS-005,Bengaluru HAL,2026-08-15 23:50:00,17.66,909.43,70.8,normal,none,0,none
