station_id,station_name,timestamp,temperature,pressure,humidity,label,fault_type
AWS-001,Delhi Safdarjung,2026-08-01 00:00:00,24.43,1007.38,71.7,normal,none
AWS-001,Delhi Safdarjung,2026-08-01 00:10:00,24.52,1007.5,72.7,normal,none
AWS-001,Delhi Safdarjung,2026-08-01 00:20:00,24.07,1007.59,74.6,normal,none
AWS-001,Delhi Safdarjung,2026-08-01 00:30:00,23.98,1007.13,74.2,normal,none
AWS-001,Delhi Safdarjung,2026-08-01 00:40:00,23.57,1007.38,73.6,normal,none
AWS-001,Delhi Safdarjung,2026-08-01 00:50:00,23.74,1007.62,75.8,normal,none
AWS-001,Delhi Safdarjung,2026-08-01 01:00:00,24.31,1007.34,79.7,normal,none
AWS-001,Delhi Safdarjung,2026-08-01 01:10:00,23.85,1007.9,75.4,normal,none
AWS-001,Delhi Safdarjung,2026-08-01 01:20:00,24.01,1007.55,74.6,normal,none
AWS-001,Delhi Safdarjung,2026-08-01 01:30:00,24.11,1007.62,77.1,normal,none
AWS-001,Delhi Safdarjung,2026-08-01 01:40:00,23.99,1007.99,77.0,normal,none
AWS-001,Delhi Safdarjung,2026-08-01 01:50:00,23.28,1007.72,75.1,normal,none
AWS-001,Delhi Safdarjung,2026-08-01 02:00:00,23.47,1007.9,75.5,normal,none
AWS-001,Delhi Safdarjung,2026-08-01 02:10:00,23.26,1008.02,76.7,normal,none
AWS-001,Delhi Safdarjung,2026-08-01 02:20:00,22.98,1008.19,74.6,normal,none
AWS-001,Delhi Safdarjung,2026-08-01 02:30:00,23.88,1008.43,75.5,normal,none
AWS-001,Delhi Safdarjung,2026-08-01 02:40:00,23.83,1007.95,73.4,normal,none
AWS-001,Delhi Safdarjung,2026-08-01 02:50:00,22.77,1008.71,75.0,normal,none
AWS-001,Delhi Safdarjung,2026-08-01 03:00:00,23.36,1008.65,75.6,normal,none
AWS-001,Delhi Safdarjung,2026-08-01 03:10:00,23.29,1008.44,76.1,normal,none
AWS-001,Delhi Safdarjung,2026-08-01 03:20:00,23.23,1008.27,77.5,normal,none
AWS-001,Delhi Safdarjung,2026-08-01 03:30:00,23.51,1008.74,73.0,normal,none
AWS-001,Delhi Safdarjung,2026-08-01 03:40:00,23.43,1008.39,73.6,normal,none
AWS-001,Delhi Safdarjung,2026-08-01 03:50:00,23.83,1008.34,74.7,normal,none
AWS-001,Delhi Safdarjung,2026-08-01 04:00:00,24.21,1009.23,75.2,normal,none
AWS-001,Delhi Safdarjung,2026-08-01 04:10:00,23.63,1009.21,75.7,normal,none
AWS-001,Delhi Safdarjung,2026-08-01 04:20:00,24.89,1008.92,71.4,normal,none
AWS-001,Delhi Safdarjung,2026-08-01 04:30:00,24.33,1009.43,73.7,normal,none
AWS-001,Delhi Safdarjung,2026-08-01 04:40:00,24.51,1009.04,72.0,normal,none
AWS-001,Delhi Safdarjung,2026-08-01 04:50:00,24.91,1009.36,73.9,normal,none
AWS-001,Delhi Safdarjung,2026-08-01 05:00:00,24.98,1009.3,70.7,normal,none
AWS-001,Delhi Safdarjung,2026-08-01 05:10:00,25.21,1009.23,70.3,normal,none
AWS-001,Delhi Safdarjung,2026-08-01 05:20:00,25.36,1009.5,70.4,normal,none
AWS-001,Delhi Safdarjung,2026-08-01 05:30:00,26.33,1009.65,73.4,normal,none
AWS-001,Delhi Safdarjung,2026-08-01 05:40:00,26.17,1009.64,72.3,normal,none
AWS-001,Delhi Safdarjung,2026-08-01 05:50:00,26.93,1009.42,69.1,normal,none
AWS-001,Delhi Safdarjung,2026-08-01 06:00:00,26.72,1009.7,69.6,normal,none
AWS-001,Delhi Safdarjung,2026-08-01 06:10:00,26.62,1009.39,71.2,normal,none
AWS-001,Delhi Safdarjung,2026-08-01 06:20:00,26.53,1009.65,66.4,normal,none
AWS-001,Delhi Safdarjung,2026-08-01 06:30:00,27.57,1010.13,68.5,normal,none
AWS-001,Delhi Safdarjung,2026-08-01 06:40:00,27.99,1009.88,67.6,normal,none
AWS-001,Delhi Safdarjung,2026-08-01 06:50:00,28.42,1010.31,68.0,normal,none
AWS-001,Delhi Safdarjung,2026-08-01 07:00:00,28.64,1009.71,67.8,normal,none
AWS-001,Delhi Safdarjung,2026-08-01 07:10:00,29.47,1010.31,64.5,normal,none
AWS-001,Delhi Safdarjung,2026-08-01 07:20:00,29.91,1009.5,66.5,normal,none
AWS-001,Delhi Safdarjung,2026-08-01 07:30:00,29.64,1010.19,65.8,normal,none
AWS-001,Delhi Safdarjung,2026-08-01 07:40:00,30.46,1010.14,64.1,normal,none
AWS-001,Delhi Safdarjung,2026-08-01 07:50:00,29.76,1009.91,63.2,normal,none
AWS-001,Delhi Safdarjung,2026-08-01 08:00:00,30.73,1009.99,62.4,normal,none
AWS-001,Delhi Safdarjung,2026-08-01 08:10:00,31.46,1010.12,64.0,normal,none
AWS-001,Delhi Safdarjung,2026-08-01 08:20:00,31.54,1009.82,61.1,normal,none
AWS-001,Delhi Safdarjung,2026-08-01 08:30:00,32.25,1010.22,60.9,normal,none
AWS-001,Delhi Safdarjung,2026-08-01 08:40:00,31.8,1010.14,60.6,normal,none
AWS-001,Delhi Safdarjung,2026-08-01 08:50:00,32.19,1010.23,61.4,normal,none
AWS-001,Delhi Safdarjung,2026-08-01 09:00:00,32.57,1010.06,60.6,normal,none
AWS-001,Delhi Safdarjung,2026-08-01 09:10:00,33.02,1009.89,58.6,normal,none
AWS-001,Delhi Safdarjung,2026-08-01 09:20:00,34.4,1009.8,55.8,normal,none
AWS-001,Delhi Safdarjung,2026-08-01 09:30:00,33.57,1010.24,57.5,normal,none
AWS-001,Delhi Safdarjung,2026-08-01 09:40:00,34.72,1009.83,55.3,normal,none
AWS-001,Delhi Safdarjung,2026-08-01 09:50:00,34.74,1009.97,54.6,normal,none
AWS-001,Delhi Safdarjung,2026-08-01 10:00:00,34.57,1010.12,54.6,normal,none
AWS-001,Delhi Safdarjung,2026-08-01 10:10:00,35.76,1009.62,56.9,normal,none
AWS-001,Delhi Safdarjung,2026-08-01 10:20:00,36.09,1009.84,51.4,normal,none
AWS-001,Delhi Safdarjung,2026-08-01 10:30:00,36.02,1009.89,53.5,normal,none
AWS-001,Delhi Safdarjung,2026-08-01 10:40:00,36.23,1010.02,51.6,normal,none
AWS-001,Delhi Safdarjung,2026-08-01 10:50:00,36.52,1009.72,52.3,normal,none
AWS-001,Delhi Safdarjung,2026-08-01 11:00:00,37.56,1009.57,49.8,normal,none
AWS-001,Delhi Safdarjung,2026-08-01 11:10:00,37.46,1009.7,52.4,normal,none
AWS-001,Delhi Safdarjung,2026-08-01 11:20:00,37.22,1009.71,50.5,normal,none
AWS-001,Delhi Safdarjung,2026-08-01 11:30:00,38.05,1009.28,50.8,normal,none
AWS-001,Delhi Safdarjung,2026-08-01 11:40:00,38.3,1009.58,49.6,normal,none
AWS-001,Delhi Safdarjung,2026-08-01 11:50:00,38.8,1009.35,49.2,normal,none
AWS-001,Delhi Safdarjung,2026-08-01 12:00:00,38.51,1008.99,50.6,normal,none
AWS-001,Delhi Safdarjung,2026-08-01 12:10:00,38.88,1009.13,47.3,normal,none
AWS-001,Delhi Safdarjung,2026-08-01 12:20:00,39.3,1009.57,50.0,normal,none
AWS-001,Delhi Safdarjung,2026-08-01 12:30:00,39.08,1009.14,47.6,normal,none
AWS-001,Delhi Safdarjung,2026-08-01 12:40:00,38.9,1008.89,48.9,normal,none
AWS-001,Delhi Safdarjung,2026-08-01 12:50:00,39.96,1009.26,49.1,normal,none
AWS-001,Delhi Safdarjung,2026-08-01 13:00:00,39.87,1008.93,48.1,normal,none
AWS-001,Delhi Safdarjung,2026-08-01 13:10:00,39.52,1009.12,46.7,normal,none
AWS-001,Delhi Safdarjung,2026-08-01 13:20:00,39.92,1008.37,44.1,normal,none
AWS-001,Delhi Safdarjung,2026-08-01 13:30:00,39.98,1008.31,46.8,normal,none
AWS-001,Delhi Safdarjung,2026-08-01 13:40:00,39.79,1008.69,47.1,normal,none
AWS-001,Delhi Safdarjung,2026-08-01 13:50:00,40.91,1008.41,47.7,normal,none
AWS-001,Delhi Safdarjung,2026-08-01 14:00:00,39.76,1008.0,44.1,normal,none
AWS-001,Delhi Safdarjung,2026-08-01 14:10:00,40.45,1008.46,46.9,normal,none
AWS-001,Delhi Safdarjung,2026-08-01 14:20:00,40.73,1008.15,46.7,normal,none
AWS-001,Delhi Safdarjung,2026-08-01 14:30:00,40.35,1008.38,46.4,normal,none
AWS-001,Delhi Safdarjung,2026-08-01 14:40:00,40.86,1007.49,47.6,normal,none
AWS-001,Delhi Safdarjung,2026-08-01 14:50:00,39.85,1007.83,45.0,normal,none
AWS-001,Delhi Safdarjung,2026-08-01 15:00:00,40.18,1008.01,45.5,normal,none
AWS-001,Delhi Safdarjung,2026-08-01 15:10:00,40.38,1007.5,43.8,normal,none
AWS-001,Delhi Safdarjung,2026-08-01 15:20:00,40.63,1007.59,46.4,normal,none
AWS-001,Delhi Safdarjung,2026-08-01 15:30:00,39.94,1008.1,47.3,normal,none
AWS-001,Delhi Safdarjung,2026-08-01 15:40:00,39.97,1007.44,46.4,normal,none
AWS-001,Delhi Safdarjung,2026-08-01 15:50:00,39.69,1007.43,46.8,normal,none
AWS-001,Delhi Safdarjung,2026-08-01 16:00:00,39.65,1007.32,46.3,normal,none
AWS-001,Delhi Safdarjung,2026-08-01 16:10:00,39.43,1006.92,47.1,normal,none
AWS-001,Delhi Safdarjung,2026-08-01 16:20:00,39.53,1006.69,48.4,normal,none
AWS-001,Delhi Safdarjung,2026-08-01 16:30:00,39.68,1006.8,45.1,normal,none
AWS-001,Delhi Safdarjung,2026-08-01 16:40:00,39.04,1006.55,46.3,normal,none
AWS-001,Delhi Safdarjung,2026-08-01 16:50:00,39.24,1007.06,46.8,normal,none
AWS-001,Delhi Safdarjung,2026-08-01 17:00:00,39.03,1006.41,49.0,normal,none
AWS-001,Delhi Safdarjung,2026-08-01 17:10:00,38.08,1006.49,48.3,normal,none
AWS-001,Delhi Safdarjung,2026-08-01 17:20:00,38.4,1006.04,49.0,normal,none
AWS-001,Delhi Safdarjung,2026-08-01 17:30:00,37.68,1006.44,47.9,normal,none
AWS-001,Delhi Safdarjung,2026-08-01 17:40:00,37.86,1006.26,49.2,normal,none
AWS-001,Delhi Safdarjung,2026-08-01 17:50:00,37.97,1006.39,51.2,normal,none
AWS-001,Delhi Safdarjung,2026-08-01 18:00:00,37.26,1006.22,49.3,normal,none
AWS-001,Delhi Safdarjung,2026-08-01 18:10:00,37.18,1006.15,49.5,normal,none
AWS-001,Delhi Safdarjung,2026-08-01 18:20:00,36.55,1005.76,50.4,normal,none
AWS-001,Delhi Safdarjung,2026-08-01 18:30:00,36.64,1006.31,53.6,normal,none
AWS-001,Delhi Safdarjung,2026-08-01 18:40:00,36.12,1005.98,52.0,normal,none
AWS-001,Delhi Safdarjung,2026-08-01 18:50:00,36.41,1005.55,52.2,normal,none
AWS-001,Delhi Safdarjung,2026-08-01 19:00:00,35.98,1005.6,54.9,normal,none
AWS-001,Delhi Safdarjung,2026-08-01 19:10:00,34.69,1005.82,54.3,normal,none
AWS-001,Delhi Safdarjung,2026-08-01 19:20:00,35.4,1005.62,55.9,normal,none
AWS-001,Delhi Safdarjung,2026-08-01 19:30:00,34.81,1005.35,55.6,normal,none
AWS-001,Delhi Safdarjung,2026-08-01 19:40:00,33.7,1006.23,57.3,normal,none
AWS-001,Delhi Safdarjung,2026-08-01 19:50:00,33.94,1005.14,59.1,normal,none
AWS-001,Delhi Safdarjung,2026-08-01 20:00:00,33.96,1005.39,57.4,normal,none
AWS-001,Delhi Safdarjung,2026-08-01 20:10:00,33.68,1005.49,57.2,normal,none
AWS-001,Delhi Safdarjung,2026-08-01 20:20:00,33.58,1005.71,56.6,normal,none
AWS-001,Delhi Safdarjung,2026-08-01 20:30:00,32.55,1005.12,57.7,normal,none
AWS-001,Delhi Safdarjung,2026-08-01 20:40:00,32.72,1005.38,60.7,normal,none
AWS-001,Delhi Safdarjung,2026-08-01 20:50:00,32.01,1004.81,59.2,normal,none
AWS-001,Delhi Safdarjung,2026-08-01 21:00:00,31.65,1005.46,59.8,normal,none
AWS-001,Delhi Safdarjung,2026-08-01 21:10:00,31.85,1005.52,60.6,normal,none
AWS-001,Delhi Safdarjung,2026-08-01 21:20:00,31.26,1005.41,62.1,normal,none
AWS-001,Delhi Safdarjung,2026-08-01 21:30:00,31.0,1005.89,64.7,normal,none
AWS-001,Delhi Safdarjung,2026-08-01 21:40:00,30.36,1005.35,63.2,normal,none
AWS-001,Delhi Safdarjung,2026-08-01 21:50:00,30.33,1005.36,61.6,normal,none
AWS-001,Delhi Safdarjung,2026-08-01 22:00:00,29.97,1005.49,65.9,normal,none
AWS-001,Delhi Safdarjung,2026-08-01 22:10:00,29.48,1005.49,66.6,normal,none
AWS-001,Delhi Safdarjung,2026-08-01 22:20:00,29.12,1005.18,63.4,normal,none
AWS-001,Delhi Safdarjung,2026-08-01 22:30:00,28.8,1004.99,65.6,normal,none
AWS-001,Delhi Safdarjung,2026-08-01 22:40:00,28.41,1004.97,66.5,normal,none
AWS-001,Delhi Safdarjung,2026-08-01 22:50:00,28.48,1005.03,66.4,normal,none
AWS-001,Delhi Safdarjung,2026-08-01 23:00:00,28.57,1005.3,66.9,normal,none
AWS-001,Delhi Safdarjung,2026-08-01 23:10:00,27.51,1005.31,69.5,normal,none
AWS-001,Delhi Safdarjung,2026-08-01 23:20:00,28.14,1005.6,70.4,normal,none
AWS-001,Delhi Safdarjung,2026-08-01 23:30:00,27.41,1005.24,71.3,normal,none
AWS-001,Delhi Safdarjung,2026-08-01 23:40:00,27.05,1005.48,70.7,normal,none
AWS-001,Delhi Safdarjung,2026-08-01 23:50:00,27.06,1005.21,71.2,normal,none
AWS-001,Delhi Safdarjung,2026-08-02 00:00:00,26.84,1005.45,72.3,normal,none
AWS-001,Delhi Safdarjung,2026-08-02 00:10:00,26.61,1005.63,71.6,normal,none
AWS-001,Delhi Safdarjung,2026-08-02 00:20:00,25.81,1005.53,71.4,normal,none
AWS-001,Delhi Safdarjung,2026-08-02 00:30:00,26.01,1005.46,71.7,normal,none
AWS-001,Delhi Safdarjung,2026-08-02 00:40:00,25.23,1005.94,71.1,normal,none
AWS-001,Delhi Safdarjung,2026-08-02 00:50:00,25.33,1005.89,74.5,normal,none
AWS-001,Delhi Safdarjung,2026-08-02 01:00:00,25.42,1005.78,72.1,normal,none
AWS-001,Delhi Safdarjung,2026-08-02 01:10:00,25.36,1005.39,71.3,normal,none
AWS-001,Delhi Safdarjung,2026-08-02 01:20:00,25.52,1006.11,72.3,normal,none
AWS-001,Delhi Safdarjung,2026-08-02 01:30:00,25.38,1005.9,75.2,normal,none
AWS-001,Delhi Safdarjung,2026-08-02 01:40:00,25.14,1005.93,74.1,normal,none
AWS-001,Delhi Safdarjung,2026-08-02 01:50:00,24.51,1006.02,73.1,normal,none
AWS-001,Delhi Safdarjung,2026-08-02 02:00:00,24.52,1005.92,75.3,normal,none
AWS-001,Delhi Safdarjung,2026-08-02 02:10:00,25.12,1005.78,73.1,normal,none
AWS-001,Delhi Safdarjung,2026-08-02 02:20:00,25.08,1005.83,72.9,normal,none
AWS-001,Delhi Safdarjung,2026-08-02 02:30:00,25.7,1005.95,74.3,normal,none
AWS-001,Delhi Safdarjung,2026-08-02 02:40:00,24.72,1006.33,73.0,normal,none
AWS-001,Delhi Safdarjung,2026-08-02 02:50:00,24.94,1006.29,74.0,normal,none
AWS-001,Delhi Safdarjung,2026-08-02 03:00:00,24.95,1006.48,74.0,normal,none
AWS-001,Delhi Safdarjung,2026-08-02 03:10:00,25.52,1006.47,76.5,normal,none
AWS-001,Delhi Safdarjung,2026-08-02 03:20:00,25.81,1006.73,72.7,normal,none
AWS-001,Delhi Safdarjung,2026-08-02 03:30:00,25.45,1006.67,72.3,normal,none
AWS-001,Delhi Safdarjung,2026-08-02 03:40:00,25.5,1006.85,71.8,normal,none
AWS-001,Delhi Safdarjung,2026-08-02 03:50:00,24.82,1006.82,70.0,normal,none
AWS-001,Delhi Safdarjung,2026-08-02 04:00:00,25.18,1007.01,73.7,normal,none
AWS-001,Delhi Safdarjung,2026-08-02 04:10:00,25.86,1006.58,72.1,normal,none
AWS-001,Delhi Safdarjung,2026-08-02 04:20:00,25.66,1006.34,71.5,normal,none
AWS-001,Delhi Safdarjung,2026-08-02 04:30:00,26.28,1006.76,73.7,normal,none
AWS-001,Delhi Safdarjung,2026-08-02 04:40:00,26.37,1006.88,71.4,normal,none
AWS-001,Delhi Safdarjung,2026-08-02 04:50:00,26.62,1006.35,71.8,normal,none
AWS-001,Delhi Safdarjung,2026-08-02 05:00:00,26.3,1006.19,70.2,normal,none
AWS-001,Delhi Safdarjung,2026-08-02 05:10:00,27.55,1007.23,69.2,normal,none
AWS-001,Delhi Safdarjung,2026-08-02 05:20:00,26.71,1006.91,69.5,normal,none
AWS-001,Delhi Safdarjung,2026-08-02 05:30:00,27.49,1007.17,68.5,normal,none
AWS-001,Delhi Safdarjung,2026-08-02 05:40:00,27.02,1007.23,69.9,normal,none
AWS-001,Delhi Safdarjung,2026-08-02 05:50:00,28.39,1007.18,67.4,normal,none
AWS-001,Delhi Safdarjung,2026-08-02 06:00:00,28.52,1007.05,67.6,normal,none
AWS-001,Delhi Safdarjung,2026-08-02 06:10:00,27.93,1007.04,68.4,normal,none
AWS-001,Delhi Safdarjung,2026-08-02 06:20:00,29.25,1007.28,65.9,normal,none
AWS-001,Delhi Safdarjung,2026-08-02 06:30:00,29.16,1007.44,66.7,normal,none
AWS-001,Delhi Safdarjung,2026-08-02 06:40:00,28.93,1007.08,65.2,normal,none
AWS-001,Delhi Safdarjung,2026-08-02 06:50:00,29.48,1007.37,64.6,normal,none
AWS-001,Delhi Safdarjung,2026-08-02 07:00:00,30.33,1007.09,62.2,normal,none
AWS-001,Delhi Safdarjung,2026-08-02 07:10:00,29.96,1007.51,62.2,normal,none
AWS-001,Delhi Safdarjung,2026-08-02 07:20:00,30.45,1007.28,63.3,normal,none
AWS-001,Delhi Safdarjung,2026-08-02 07:30:00,31.06,1007.08,62.9,normal,none
AWS-001,Delhi Safdarjung,2026-08-02 07:40:00,30.54,1006.9,64.7,normal,none
AWS-001,Delhi Safdarjung,2026-08-02 07:50:00,31.72,1007.38,61.3,normal,none
AWS-001,Delhi Safdarjung,2026-08-02 08:00:00,32.4,1007.36,60.1,normal,none
AWS-001,Delhi Safdarjung,2026-08-02 08:10:00,32.8,1007.65,60.8,normal,none
AWS-001,Delhi Safdarjung,2026-08-02 08:20:00,32.67,1007.6,61.9,normal,none
AWS-001,Delhi Safdarjung,2026-08-02 08:30:00,32.47,1007.51,55.8,normal,none
AWS-001,Delhi Safdarjung,2026-08-02 08:40:00,33.43,1007.5,58.3,normal,none
AWS-001,Delhi Safdarjung,2026-08-02 08:50:00,33.97,1007.21,58.7,normal,none
AWS-001,Delhi Safdarjung,2026-08-02 09:00:00,34.11,1007.43,59.0,normal,none
AWS-001,Delhi Safdarjung,2026-08-02 09:10:00,33.68,1006.97,57.6,normal,none
AWS-001,Delhi Safdarjung,2026-08-02 09:20:00,34.67,1007.03,57.9,normal,none
AWS-001,Delhi Safdarjung,2026-08-02 09:30:00,34.99,1007.11,55.5,normal,none
AWS-001,Delhi Safdarjung,2026-08-02 09:40:00,35.78,1007.12,55.0,normal,none
AWS-001,Delhi Safdarjung,2026-08-02 09:50:00,35.56,1007.22,56.6,normal,none
AWS-001,Delhi Safdarjung,2026-08-02 10:00:00,36.16,1007.15,51.8,normal,none
AWS-001,Delhi Safdarjung,2026-08-02 10:10:00,36.51,1007.13,52.4,normal,none
AWS-001,Delhi Safdarjung,2026-08-02 10:20:00,36.33,1007.07,53.4,normal,none
AWS-001,Delhi Safdarjung,2026-08-02 10:30:00,36.94,1006.66,51.0,normal,none
AWS-001,Delhi Safdarjung,2026-08-02 10:40:00,37.47,1006.86,50.7,normal,none
AWS-001,Delhi Safdarjung,2026-08-02 10:50:00,36.91,1006.82,50.9,normal,none
AWS-001,Delhi Safdarjung,2026-08-02 11:00:00,37.63,1006.79,50.1,normal,none
AWS-001,Delhi Safdarjung,2026-08-02 11:10:00,37.77,1006.57,49.3,normal,none
AWS-001,Delhi Safdarjung,2026-08-02 11:20:00,37.81,1006.44,47.4,normal,none
AWS-001,Delhi Safdarjung,2026-08-02 11:30:00,38.54,1006.45,49.9,normal,none
AWS-001,Delhi Safdarjung,2026-08-02 11:40:00,38.86,1006.39,49.3,normal,none
AWS-001,Delhi Safdarjung,2026-08-02 11:50:00,39.08,1006.18,48.6,normal,none
AWS-001,Delhi Safdarjung,2026-08-02 12:00:00,38.98,1006.16,47.2,normal,none
AWS-001,Delhi Safdarjung,2026-08-02 12:10:00,39.04,1006.15,45.2,normal,none
AWS-001,Delhi Safdarjung,2026-08-02 12:20:00,39.62,1006.48,46.3,normal,none
AWS-001,Delhi Safdarjung,2026-08-02 12:30:00,39.6,1005.7,47.1,normal,none
AWS-001,Delhi Safdarjung,2026-08-02 12:40:00,39.28,1006.09,46.3,normal,none
AWS-001,Delhi Safdarjung,2026-08-02 12:50:00,39.64,1005.84,44.7,normal,none
AWS-001,Delhi Safdarjung,2026-08-02 13:00:00,40.04,1005.69,46.1,normal,none
AWS-001,Delhi Safdarjung,2026-08-02 13:10:00,40.6,1005.56,44.4,normal,none
AWS-001,Delhi Safdarjung,2026-08-02 13:20:00,39.57,1005.06,45.0,normal,none
AWS-001,Delhi Safdarjung,2026-08-02 13:30:00,40.29,1005.8,45.9,normal,none
AWS-001,Delhi Safdarjung,2026-08-02 13:40:00,39.89,1005.66,44.7,normal,none
AWS-001,Delhi Safdarjung,2026-08-02 13:50:00,40.82,1005.37,44.7,normal,none
AWS-001,Delhi Safdarjung,2026-08-02 14:00:00,40.66,1004.94,44.5,normal,none
AWS-001,Delhi Safdarjung,2026-08-02 14:10:00,40.54,1004.79,45.9,normal,none
AWS-001,Delhi Safdarjung,2026-08-02 14:20:00,40.89,1004.53,44.6,normal,none
AWS-001,Delhi Safdarjung,2026-08-02 14:30:00,40.2,1004.83,44.7,normal,none
AWS-001,Delhi Safdarjung,2026-08-02 14:40:00,40.45,1004.51,42.6,normal,none
AWS-001,Delhi Safdarjung,2026-08-02 14:50:00,40.81,1004.87,44.3,normal,none
AWS-001,Delhi Safdarjung,2026-08-02 15:00:00,41.37,1004.61,45.4,normal,none
AWS-001,Delhi Safdarjung,2026-08-02 15:10:00,40.87,1004.4,45.2,normal,none
AWS-001,Delhi Safdarjung,2026-08-02 15:20:00,39.83,1004.04,45.1,normal,none
AWS-001,Delhi Safdarjung,2026-08-02 15:30:00,40.69,1004.52,45.0,normal,none
AWS-001,Delhi Safdarjung,2026-08-02 15:40:00,40.28,1004.04,44.5,normal,none
AWS-001,Delhi Safdarjung,2026-08-02 15:50:00,40.98,1004.04,45.5,normal,none
AWS-001,Delhi Safdarjung,2026-08-02 16:00:00,39.93,1003.58,46.8,normal,none
AWS-001,Delhi Safdarjung,2026-08-02 16:10:00,40.08,1003.94,46.0,normal,none
AWS-001,Delhi Safdarjung,2026-08-02 16:20:00,39.98,1003.54,46.9,normal,none
AWS-001,Delhi Safdarjung,2026-08-02 16:30:00,39.92,1003.65,48.4,normal,none
AWS-001,Delhi Safdarjung,2026-08-02 16:40:00,39.25,1003.27,48.6,normal,none
AWS-001,Delhi Safdarjung,2026-08-02 16:50:00,38.68,1003.42,47.1,normal,none
AWS-001,Delhi Safdarjung,2026-08-02 17:00:00,38.48,1003.61,47.6,normal,none
AWS-001,Delhi Safdarjung,2026-08-02 17:10:00,39.18,1003.57,49.7,normal,none
AWS-001,Delhi Safdarjung,2026-08-02 17:20:00,38.49,1002.8,46.9,normal,none
AWS-001,Delhi Safdarjung,2026-08-02 17:30:00,38.72,1003.22,51.2,normal,none
AWS-001,Delhi Safdarjung,2026-08-02 17:40:00,37.63,1003.47,50.9,normal,none
AWS-001,Delhi Safdarjung,2026-08-02 17:50:00,37.92,1003.03,51.3,normal,none
AWS-001,Delhi Safdarjung,2026-08-02 18:00:00,37.55,1002.4,50.1,normal,none
AWS-001,Delhi Safdarjung,2026-08-02 18:10:00,36.77,1002.41,53.0,normal,none
AWS-001,Delhi Safdarjung,2026-08-02 18:20:00,36.89,1002.24,49.3,normal,none
AWS-001,Delhi Safdarjung,2026-08-02 18:30:00,36.42,1002.48,53.0,normal,none
AWS-001,Delhi Safdarjung,2026-08-02 18:40:00,35.48,1002.53,54.8,normal,none
AWS-001,Delhi Safdarjung,2026-08-02 18:50:00,36.28,1002.51,54.1,normal,none
AWS-001,Delhi Safdarjung,2026-08-02 19:00:00,35.62,1002.5,55.5,normal,none
AWS-001,Delhi Safdarjung,2026-08-02 19:10:00,35.71,1002.41,52.8,normal,none
AWS-001,Delhi Safdarjung,2026-08-02 19:20:00,34.57,1001.88,54.9,normal,none
AWS-001,Delhi Safdarjung,2026-08-02 19:30:00,34.93,1001.85,56.4,normal,none
AWS-001,Delhi Safdarjung,2026-08-02 19:40:00,33.84,1001.46,55.1,normal,none
AWS-001,Delhi Safdarjung,2026-08-02 19:50:00,34.01,1001.95,56.7,normal,none
AWS-001,Delhi Safdarjung,2026-08-02 20:00:00,33.13,1001.82,57.7,normal,none
AWS-001,Delhi Safdarjung,2026-08-02 20:10:00,33.31,1002.06,57.2,normal,none
AWS-001,Delhi Safdarjung,2026-08-02 20:20:00,33.31,1002.08,59.2,normal,none
AWS-001,Delhi Safdarjung,2026-08-02 20:30:00,32.33,1001.95,59.4,normal,none
AWS-001,Delhi Safdarjung,2026-08-02 20:40:00,32.09,1002.09,61.2,normal,none
AWS-001,Delhi Safdarjung,2026-08-02 20:50:00,31.49,1002.19,60.7,normal,none
AWS-001,Delhi Safdarjung,2026-08-02 21:00:00,31.79,1002.23,61.4,normal,none
AWS-001,Delhi Safdarjung,2026-08-02 21:10:00,30.9,1001.45,64.4,normal,none
AWS-001,Delhi Safdarjung,2026-08-02 21:20:00,30.5,1001.71,62.8,normal,none
AWS-001,Delhi Safdarjung,2026-08-02 21:30:00,29.94,1001.72,64.0,normal,none
AWS-001,Delhi Safdarjung,2026-08-02 21:40:00,30.38,1001.38,65.8,normal,none
AWS-001,Delhi Safdarjung,2026-08-02 21:50:00,29.51,1001.7,65.2,normal,none
AWS-001,Delhi Safdarjung,2026-08-02 22:00:00,29.23,1001.37,65.3,normal,none
AWS-001,Delhi Safdarjung,2026-08-02 22:10:00,28.81,1002.21,64.5,normal,none
AWS-001,Delhi Safdarjung,2026-08-02 22:20:00,28.51,1001.85,65.4,normal,none
AWS-001,Delhi Safdarjung,2026-08-02 22:30:00,28.04,1001.98,66.0,normal,none
AWS-001,Delhi Safdarjung,2026-08-02 22:40:00,27.77,1001.35,67.0,normal,none
AWS-001,Delhi Safdarjung,2026-08-02 22:50:00,27.53,1001.66,68.7,normal,none
AWS-001,Delhi Safdarjung,2026-08-02 23:00:00,27.12,1002.15,69.1,normal,none
AWS-001,Delhi Safdarjung,2026-08-02 23:10:00,27.24,1001.71,70.0,normal,none
AWS-001,Delhi Safdarjung,2026-08-02 23:20:00,26.55,1001.82,70.2,normal,none
AWS-001,Delhi Safdarjung,2026-08-02 23:30:00,26.6,1002.19,73.8,normal,none
AWS-001,Delhi Safdarjung,2026-08-02 23:40:00,26.07,1001.5,68.0,normal,none
AWS-001,Delhi Safdarjung,2026-08-02 23:50:00,25.71,1001.88,73.6,normal,none
AWS-001,Delhi Safdarjung,2026-08-03 00:00:00,25.98,1001.87,69.6,normal,none
AWS-001,Delhi Safdarjung,2026-08-03 00:10:00,25.6,1001.6,71.3,normal,none
AWS-001,Delhi Safdarjung,2026-08-03 00:20:00,25.44,1001.46,71.3,normal,none
AWS-001,Delhi Safdarjung,2026-08-03 00:30:00,25.14,1001.77,72.5,normal,none
AWS-001,Delhi Safdarjung,2026-08-03 00:40:00,25.24,1002.2,73.5,normal,none
AWS-001,Delhi Safdarjung,2026-08-03 00:50:00,24.45,1001.99,72.8,normal,none
AWS-001,Delhi Safdarjung,2026-08-03 01:00:00,24.38,1002.35,75.0,normal,none
AWS-001,Delhi Safdarjung,2026-08-03 01:10:00,24.79,1002.61,75.1,normal,none
AWS-001,Delhi Safdarjung,2026-08-03 01:20:00,24.47,1002.2,74.6,normal,none
AWS-001,Delhi Safdarjung,2026-08-03 01:30:00,24.16,1002.58,74.7,normal,none
AWS-001,Delhi Safdarjung,2026-08-03 01:40:00,23.79,1002.52,73.5,normal,none
AWS-001,Delhi Safdarjung,2026-08-03 01:50:00,23.96,1002.36,76.0,normal,none
AWS-001,Delhi Safdarjung,2026-08-03 02:00:00,24.6,1002.48,72.3,normal,none
AWS-001,Delhi Safdarjung,2026-08-03 02:10:00,24.09,1002.76,74.0,normal,none
AWS-001,Delhi Safdarjung,2026-08-03 02:20:00,23.83,1002.32,75.3,normal,none
AWS-001,Delhi Safdarjung,2026-08-03 02:30:00,23.42,1002.7,73.5,normal,none
AWS-001,Delhi Safdarjung,2026-08-03 02:40:00,24.38,1003.11,72.8,normal,none
AWS-001,Delhi Safdarjung,2026-08-03 02:50:00,24.51,1002.34,76.8,normal,none
AWS-001,Delhi Safdarjung,2026-08-03 03:00:00,23.57,1002.84,75.4,normal,none
AWS-001,Delhi Safdarjung,2026-08-03 03:10:00,24.09,1003.18,73.2,normal,none
AWS-001,Delhi Safdarjung,2026-08-03 03:20:00,23.58,1003.1,76.2,normal,none
AWS-001,Delhi Safdarjung,2026-08-03 03:30:00,24.45,1003.42,74.4,normal,none
AWS-001,Delhi Safdarjung,2026-08-03 03:40:00,24.54,1002.87,75.0,normal,none
AWS-001,Delhi Safdarjung,2026-08-03 03:50:00,24.68,1002.93,73.8,normal,none
AWS-001,Delhi Safdarjung,2026-08-03 04:00:00,24.38,1003.28,74.2,normal,none
AWS-001,Delhi Safdarjung,2026-08-03 04:10:00,24.66,1002.89,72.5,normal,none
AWS-001,Delhi Safdarjung,2026-08-03 04:20:00,24.44,1003.05,71.4,normal,none
AWS-001,Delhi Safdarjung,2026-08-03 04:30:00,25.27,1003.32,69.9,normal,none
AWS-001,Delhi Safdarjung,2026-08-03 04:40:00,25.21,1003.51,74.0,normal,none
AWS-001,Delhi Safdarjung,2026-08-03 04:50:00,25.4,1003.58,72.4,normal,none
AWS-001,Delhi Safdarjung,2026-08-03 05:00:00,25.77,1003.3,71.4,normal,none
AWS-001,Delhi Safdarjung,2026-08-03 05:10:00,25.27,1004.07,70.9,normal,none
AWS-001,Delhi Safdarjung,2026-08-03 05:20:00,25.71,1003.51,74.8,normal,none
AWS-001,Delhi Safdarjung,2026-08-03 05:30:00,25.93,1003.33,72.3,normal,none
AWS-001,Delhi Safdarjung,2026-08-03 05:40:00,26.37,1003.66,69.9,normal,none
AWS-001,Delhi Safdarjung,2026-08-03 05:50:00,26.97,1003.93,70.8,normal,none
AWS-001,Delhi Safdarjung,2026-08-03 06:00:00,26.77,1003.67,68.9,normal,none
AWS-001,Delhi Safdarjung,2026-08-03 06:10:00,27.11,1003.3,67.7,normal,none
AWS-001,Delhi Safdarjung,2026-08-03 06:20:00,26.5,1003.88,69.3,normal,none
AWS-001,Delhi Safdarjung,2026-08-03 06:30:00,27.86,1003.68,68.1,normal,none
AWS-001,Delhi Safdarjung,2026-08-03 06:40:00,28.09,1004.18,66.7,normal,none
AWS-001,Delhi Safdarjung,2026-08-03 06:50:00,28.22,1003.76,66.0,normal,none
AWS-001,Delhi Safdarjung,2026-08-03 07:00:00,28.31,1003.77,65.5,normal,none
AWS-001,Delhi Safdarjung,2026-08-03 07:10:00,28.57,1004.1,66.2,normal,none
AWS-001,Delhi Safdarjung,2026-08-03 07:20:00,28.97,1004.27,65.5,normal,none
AWS-001,Delhi Safdarjung,2026-08-03 07:30:00,29.32,1004.11,68.0,normal,none
AWS-001,Delhi Safdarjung,2026-08-03 07:40:00,29.42,1004.2,64.3,normal,none
AWS-001,Delhi Safdarjung,2026-08-03 07:50:00,29.92,1003.46,62.5,normal,none
AWS-001,Delhi Safdarjung,2026-08-03 08:00:00,30.29,1004.08,61.1,normal,none
AWS-001,Delhi Safdarjung,2026-08-03 08:10:00,30.69,1004.34,63.7,normal,none
AWS-001,Delhi Safdarjung,2026-08-03 08:20:00,30.87,1004.23,61.6,normal,none
AWS-001,Delhi Safdarjung,2026-08-03 08:30:00,31.48,1004.0,60.8,normal,none
AWS-001,Delhi Safdarjung,2026-08-03 08:40:00,31.87,1003.56,60.1,normal,none
AWS-001,Delhi Safdarjung,2026-08-03 08:50:00,31.99,1003.67,59.5,normal,none
AWS-001,Delhi Safdarjung,2026-08-03 09:00:00,32.46,1004.1,60.2,normal,none
AWS-001,Delhi Safdarjung,2026-08-03 09:10:00,32.42,1003.82,59.7,normal,none
AWS-001,Delhi Safdarjung,2026-08-03 09:20:00,33.65,1003.6,59.6,normal,none
AWS-001,Delhi Safdarjung,2026-08-03 09:30:00,33.75,1003.85,58.0,normal,none
AWS-001,Delhi Safdarjung,2026-08-03 09:40:00,33.39,1003.95,57.3,normal,none
AWS-001,Delhi Safdarjung,2026-08-03 09:50:00,33.78,1003.89,55.6,normal,none
AWS-001,Delhi Safdarjung,2026-08-03 10:00:00,33.83,1004.19,55.8,normal,none
AWS-001,Delhi Safdarjung,2026-08-03 10:10:00,34.09,1003.36,56.4,normal,none
AWS-001,Delhi Safdarjung,2026-08-03 10:20:00,35.0,1003.78,57.0,normal,none
AWS-001,Delhi Safdarjung,2026-08-03 10:30:00,35.82,1004.25,54.1,normal,none
AWS-001,Delhi Safdarjung,2026-08-03 10:40:00,35.1,1003.53,53.5,normal,none
AWS-001,Delhi Safdarjung,2026-08-03 10:50:00,35.81,1003.84,55.7,normal,none
AWS-001,Delhi Safdarjung,2026-08-03 11:00:00,36.23,1003.36,54.8,normal,none
AWS-001,Delhi Safdarjung,2026-08-03 11:10:00,36.28,1003.29,52.0,normal,none
AWS-001,Delhi Safdarjung,2026-08-03 11:20:00,36.14,1003.06,53.2,normal,none
AWS-001,Delhi Safdarjung,2026-08-03 11:30:00,36.72,1003.51,52.3,normal,none
AWS-001,Delhi Safdarjung,2026-08-03 11:40:00,37.03,1003.59,51.0,normal,none
AWS-001,Delhi Safdarjung,2026-08-03 11:50:00,37.01,1002.9,51.5,normal,none
AWS-001,Delhi Safdarjung,2026-08-03 12:00:00,37.72,1003.47,50.6,normal,none
AWS-001,Delhi Safdarjung,2026-08-03 12:10:00,38.15,1003.06,51.4,normal,none
AWS-001,Delhi Safdarjung,2026-08-03 12:20:00,37.28,1003.04,49.6,normal,none
AWS-001,Delhi Safdarjung,2026-08-03 12:30:00,37.61,1003.22,50.4,normal,none
AWS-001,Delhi Safdarjung,2026-08-03 12:40:00,37.84,1003.19,48.0,normal,none
AWS-001,Delhi Safdarjung,2026-08-03 12:50:00,37.77,1002.93,49.2,normal,none
AWS-001,Delhi Safdarjung,2026-08-03 13:00:00,38.36,1002.93,46.6,normal,none
AWS-001,Delhi Safdarjung,2026-08-03 13:10:00,38.64,1002.94,49.7,normal,none
AWS-001,Delhi Safdarjung,2026-08-03 13:20:00,38.89,1002.79,46.2,normal,none
AWS-001,Delhi Safdarjung,2026-08-03 13:30:00,38.6,1003.0,48.5,normal,none
AWS-001,Delhi Safdarjung,2026-08-03 13:40:00,38.75,1002.59,48.5,normal,none
AWS-001,Delhi Safdarjung,2026-08-03 13:50:00,38.63,1002.68,48.1,normal,none
AWS-001,Delhi Safdarjung,2026-08-03 14:00:00,38.78,1002.78,48.6,normal,none
AWS-001,Delhi Safdarjung,2026-08-03 14:10:00,38.32,1001.95,48.5,normal,none
AWS-001,Delhi Safdarjung,2026-08-03 14:20:00,38.93,1002.45,46.9,normal,none
AWS-001,Delhi Safdarjung,2026-08-03 14:30:00,38.57,1001.8,48.4,normal,none
AWS-001,Delhi Safdarjung,2026-08-03 14:40:00,38.37,1002.26,49.1,normal,none
AWS-001,Delhi Safdarjung,2026-08-03 14:50:00,39.21,1001.69,47.3,normal,none
AWS-001,Delhi Safdarjung,2026-08-03 15:00:00,38.59,1001.6,47.5,normal,none
AWS-001,Delhi Safdarjung,2026-08-03 15:10:00,38.34,1001.71,49.7,normal,none
AWS-001,Delhi Safdarjung,2026-08-03 15:20:00,38.59,1001.66,45.6,normal,none
AWS-001,Delhi Safdarjung,2026-08-03 15:30:00,38.57,1001.83,47.5,normal,none
AWS-001,Delhi Safdarjung,2026-08-03 15:40:00,38.36,1001.34,48.1,normal,none
AWS-001,Delhi Safdarjung,2026-08-03 15:50:00,37.3,1001.39,48.4,normal,none
AWS-001,Delhi Safdarjung,2026-08-03 16:00:00,37.72,1001.3,49.5,normal,none
AWS-001,Delhi Safdarjung,2026-08-03 16:10:00,37.89,1001.16,48.9,normal,none
AWS-001,Delhi Safdarjung,2026-08-03 16:20:00,37.8,1001.21,49.7,normal,none
AWS-001,Delhi Safdarjung,2026-08-03 16:30:00,37.54,1001.17,48.8,normal,none
AWS-001,Delhi Safdarjung,2026-08-03 16:40:00,37.6,1000.79,50.6,normal,none
AWS-001,Delhi Safdarjung,2026-08-03 16:50:00,37.37,1000.82,51.0,normal,none
AWS-001,Delhi Safdarjung,2026-08-03 17:00:00,36.01,1000.65,53.3,normal,none
AWS-001,Delhi Safdarjung,2026-08-03 17:10:00,36.87,1000.56,51.7,normal,none
AWS-001,Delhi Safdarjung,2026-08-03 17:20:00,36.41,1000.78,50.2,normal,none
AWS-001,Delhi Safdarjung,2026-08-03 17:30:00,36.68,1000.66,54.4,normal,none
AWS-001,Delhi Safdarjung,2026-08-03 17:40:00,36.5,1000.93,53.2,normal,none
AWS-001,Delhi Safdarjung,2026-08-03 17:50:00,35.05,1000.11,55.4,normal,none
AWS-001,Delhi Safdarjung,2026-08-03 18:00:00,35.09,1000.77,54.8,normal,none
AWS-001,Delhi Safdarjung,2026-08-03 18:10:00,35.29,1000.5,54.2,normal,none
AWS-001,Delhi Safdarjung,2026-08-03 18:20:00,34.35,999.87,56.9,normal,none
AWS-001,Delhi Safdarjung,2026-08-03 18:30:00,34.88,1000.37,54.9,normal,none
AWS-001,Delhi Safdarjung,2026-08-03 18:40:00,33.6,1000.08,54.0,normal,none
AWS-001,Delhi Safdarjung,2026-08-03 18:50:00,33.37,1000.25,56.7,normal,none
AWS-001,Delhi Safdarjung,2026-08-03 19:00:00,33.55,999.82,57.3,normal,none
AWS-001,Delhi Safdarjung,2026-08-03 19:10:00,32.76,1000.21,58.3,normal,none
AWS-001,Delhi Safdarjung,2026-08-03 19:20:00,32.44,999.78,58.0,normal,none
AWS-001,Delhi Safdarjung,2026-08-03 19:30:00,32.6,999.78,57.9,normal,none
AWS-001,Delhi Safdarjung,2026-08-03 19:40:00,31.98,999.97,63.3,normal,none
AWS-001,Delhi Safdarjung,2026-08-03 19:50:00,32.19,1000.02,61.1,normal,none
AWS-001,Delhi Safdarjung,2026-08-03 20:00:00,31.0,999.28,60.9,normal,none
AWS-001,Delhi Safdarjung,2026-08-03 20:10:00,30.97,999.76,61.2,normal,none
AWS-001,Delhi Safdarjung,2026-08-03 20:20:00,30.6,999.65,64.8,normal,none
AWS-001,Delhi Safdarjung,2026-08-03 20:30:00,30.25,999.52,63.3,normal,none
AWS-001,Delhi Safdarjung,2026-08-03 20:40:00,29.54,999.91,66.5,normal,none
AWS-001,Delhi Safdarjung,2026-08-03 20:50:00,29.52,999.89,64.8,normal,none
AWS-001,Delhi Safdarjung,2026-08-03 21:00:00,28.54,999.63,63.8,normal,none
AWS-001,Delhi Safdarjung,2026-08-03 21:10:00,28.72,999.67,67.3,normal,none
AWS-001,Delhi Safdarjung,2026-08-03 21:20:00,28.42,999.92,68.2,normal,none
AWS-001,Delhi Safdarjung,2026-08-03 21:30:00,27.82,999.46,68.1,normal,none
AWS-001,Delhi Safdarjung,2026-08-03 21:40:00,27.82,999.62,67.0,normal,none
AWS-001,Delhi Safdarjung,2026-08-03 21:50:00,27.32,999.88,69.0,normal,none
AWS-001,Delhi Safdarjung,2026-08-03 22:00:00,26.99,999.37,68.3,normal,none
AWS-001,Delhi Safdarjung,2026-08-03 22:10:00,26.57,999.45,68.1,normal,none
AWS-001,Delhi Safdarjung,2026-08-03 22:20:00,26.68,999.82,70.7,normal,none
AWS-001,Delhi Safdarjung,2026-08-03 22:30:00,25.62,1000.27,72.1,normal,none
AWS-001,Delhi Safdarjung,2026-08-03 22:40:00,25.39,999.47,72.6,normal,none
AWS-001,Delhi Safdarjung,2026-08-03 22:50:00,24.88,999.91,72.3,normal,none
AWS-001,Delhi Safdarjung,2026-08-03 23:00:00,25.2,999.59,71.8,normal,none
AWS-001,Delhi Safdarjung,2026-08-03 23:10:00,24.56,1000.05,74.7,normal,none
AWS-001,Delhi Safdarjung,2026-08-03 23:20:00,24.37,1000.13,73.9,normal,none
AWS-001,Delhi Safdarjung,2026-08-03 23:30:00,24.48,1000.34,73.8,normal,none
AWS-001,Delhi Safdarjung,2026-08-03 23:40:00,24.56,1000.54,74.2,normal,none
AWS-001,Delhi Safdarjung,2026-08-03 23:50:00,23.8,1000.16,76.1,normal,none
AWS-001,Delhi Safdarjung,2026-08-04 00:00:00,23.75,1000.04,75.9,normal,none
AWS-001,Delhi Safdarjung,2026-08-04 00:10:00,22.85,1000.01,75.6,normal,none
AWS-001,Delhi Safdarjung,2026-08-04 00:20:00,23.09,1001.18,78.2,normal,none
AWS-001,Delhi Safdarjung,2026-08-04 00:30:00,22.91,1000.1,75.7,normal,none
AWS-001,Delhi Safdarjung,2026-08-04 00:40:00,23.06,1000.68,75.1,normal,none
AWS-001,Delhi Safdarjung,2026-08-04 00:50:00,22.61,1000.53,76.7,normal,none
AWS-001,Delhi Safdarjung,2026-08-04 01:00:00,22.49,1000.71,77.4,normal,none
AWS-001,Delhi Safdarjung,2026-08-04 01:10:00,21.94,1000.59,78.6,normal,none
AWS-001,Delhi Safdarjung,2026-08-04 01:20:00,21.73,1001.11,77.3,normal,none
AWS-001,Delhi Safdarjung,2026-08-04 01:30:00,22.14,1000.62,77.1,normal,none
AWS-001,Delhi Safdarjung,2026-08-04 01:40:00,21.79,1001.24,76.8,normal,none
AWS-001,Delhi Safdarjung,2026-08-04 01:50:00,22.39,1000.74,76.0,normal,none
AWS-001,Delhi Safdarjung,2026-08-04 02:00:00,21.74,1000.9,77.9,normal,none
AWS-001,Delhi Safdarjung,2026-08-04 02:10:00,21.48,1001.27,77.8,normal,none
AWS-001,Delhi Safdarjung,2026-08-04 02:20:00,22.07,1001.3,77.7,normal,none
AWS-001,Delhi Safdarjung,2026-08-04 02:30:00,21.51,1001.38,78.1,normal,none
AWS-001,Delhi Safdarjung,2026-08-04 02:40:00,21.93,1001.01,76.1,normal,none
AWS-001,Delhi Safdarjung,2026-08-04 02:50:00,22.49,1001.65,78.2,normal,none
AWS-001,Delhi Safdarjung,2026-08-04 03:00:00,20.48,1001.25,78.4,normal,none
AWS-001,Delhi Safdarjung,2026-08-04 03:10:00,21.92,1001.36,75.0,normal,none
AWS-001,Delhi Safdarjung,2026-08-04 03:20:00,21.37,1001.58,78.3,normal,none
AWS-001,Delhi Safdarjung,2026-08-04 03:30:00,21.92,1001.34,77.1,normal,none
AWS-001,Delhi Safdarjung,2026-08-04 03:40:00,21.55,1001.38,78.0,normal,none
AWS-001,Delhi Safdarjung,2026-08-04 03:50:00,22.01,1001.68,79.5,normal,none
AWS-001,Delhi Safdarjung,2026-08-04 04:00:00,22.26,1002.31,78.1,normal,none
AWS-001,Delhi Safdarjung,2026-08-04 04:10:00,22.4,1001.64,78.3,normal,none
AWS-001,Delhi Safdarjung,2026-08-04 04:20:00,21.84,1001.89,75.9,normal,none
AWS-001,Delhi Safdarjung,2026-08-04 04:30:00,22.59,1002.6,74.9,normal,none
AWS-001,Delhi Safdarjung,2026-08-04 04:40:00,22.5,1002.57,75.2,normal,none
AWS-001,Delhi Safdarjung,2026-08-04 04:50:00,22.64,1002.61,77.6,normal,none
AWS-001,Delhi Safdarjung,2026-08-04 05:00:00,23.36,1002.18,78.7,normal,none
AWS-001,Delhi Safdarjung,2026-08-04 05:10:00,23.27,1002.56,75.5,normal,none
AWS-001,Delhi Safdarjung,2026-08-04 05:20:00,23.12,1002.6,75.3,normal,none
AWS-001,Delhi Safdarjung,2026-08-04 05:30:00,23.87,1002.32,76.2,normal,none
AWS-001,Delhi Safdarjung,2026-08-04 05:40:00,23.74,1002.91,73.8,normal,none
AWS-001,Delhi Safdarjung,2026-08-04 05:50:00,23.6,1002.88,75.2,normal,none
AWS-001,Delhi Safdarjung,2026-08-04 06:00:00,23.75,1003.15,74.8,normal,none
AWS-001,Delhi Safdarjung,2026-08-04 06:10:00,24.87,1003.05,69.9,normal,none
AWS-001,Delhi Safdarjung,2026-08-04 06:20:00,24.78,1002.8,74.5,normal,none
AWS-001,Delhi Safdarjung,2026-08-04 06:30:00,25.04,1002.93,71.3,normal,none
AWS-001,Delhi Safdarjung,2026-08-04 06:40:00,26.17,1002.81,69.9,normal,none
AWS-001,Delhi Safdarjung,2026-08-04 06:50:00,25.38,1003.02,73.2,normal,none
AWS-001,Delhi Safdarjung,2026-08-04 07:00:00,26.18,1003.18,71.5,normal,none
AWS-001,Delhi Safdarjung,2026-08-04 07:10:00,26.88,1003.67,66.8,normal,none
AWS-001,Delhi Safdarjung,2026-08-04 07:20:00,26.97,1002.83,69.2,normal,none
AWS-001,Delhi Safdarjung,2026-08-04 07:30:00,26.9,1003.35,67.7,normal,none
AWS-001,Delhi Safdarjung,2026-08-04 07:40:00,27.4,1003.44,68.4,normal,none
AWS-001,Delhi Safdarjung,2026-08-04 07:50:00,27.84,1003.34,65.5,normal,none
AWS-001,Delhi Safdarjung,2026-08-04 08:00:00,28.26,1003.4,65.1,normal,none
AWS-001,Delhi Safdarjung,2026-08-04 08:10:00,28.75,1003.36,64.2,normal,none
AWS-001,Delhi Safdarjung,2026-08-04 08:20:00,29.71,1003.59,66.1,normal,none
AWS-001,Delhi Safdarjung,2026-08-04 08:30:00,29.4,1003.62,62.8,normal,none
AWS-001,Delhi Safdarjung,2026-08-04 08:40:00,29.74,1003.28,63.5,normal,none
AWS-001,Delhi Safdarjung,2026-08-04 08:50:00,29.08,1003.88,65.3,normal,none
AWS-001,Delhi Safdarjung,2026-08-04 09:00:00,30.06,1003.32,62.8,normal,none
AWS-001,Delhi Safdarjung,2026-08-04 09:10:00,30.45,1003.99,60.4,normal,none
AWS-001,Delhi Safdarjung,2026-08-04 09:20:00,30.53,1003.6,60.3,normal,none
AWS-001,Delhi Safdarjung,2026-08-04 09:30:00,31.45,1003.91,62.8,normal,none
AWS-001,Delhi Safdarjung,2026-08-04 09:40:00,31.72,1003.68,61.2,normal,none
AWS-001,Delhi Safdarjung,2026-08-04 09:50:00,32.07,1003.82,63.0,normal,none
AWS-001,Delhi Safdarjung,2026-08-04 10:00:00,32.8,1003.52,59.1,normal,none
AWS-001,Delhi Safdarjung,2026-08-04 10:10:00,33.18,1003.74,57.1,normal,none
AWS-001,Delhi Safdarjung,2026-08-04 10:20:00,32.55,1003.9,57.8,normal,none
AWS-001,Delhi Safdarjung,2026-08-04 10:30:00,32.66,1003.62,56.5,normal,none
AWS-001,Delhi Safdarjung,2026-08-04 10:40:00,33.72,1003.59,58.4,normal,none
AWS-001,Delhi Safdarjung,2026-08-04 10:50:00,34.56,1003.31,56.1,normal,none
AWS-001,Delhi Safdarjung,2026-08-04 11:00:00,34.03,1003.41,58.6,normal,none
AWS-001,Delhi Safdarjung,2026-08-04 11:10:00,34.12,1003.45,55.9,normal,none
AWS-001,Delhi Safdarjung,2026-08-04 11:20:00,34.95,1002.95,54.6,normal,none
AWS-001,Delhi Safdarjung,2026-08-04 11:30:00,34.77,1003.68,54.3,normal,none
AWS-001,Delhi Safdarjung,2026-08-04 11:40:00,34.47,1003.35,55.1,normal,none
AWS-001,Delhi Safdarjung,2026-08-04 11:50:00,35.22,1003.64,54.0,normal,none
AWS-001,Delhi Safdarjung,2026-08-04 12:00:00,35.7,1003.11,51.1,normal,none
AWS-001,Delhi Safdarjung,2026-08-04 12:10:00,35.55,1002.89,52.9,normal,none
AWS-001,Delhi Safdarjung,2026-08-04 12:20:00,35.9,1002.97,53.0,normal,none
AWS-001,Delhi Safdarjung,2026-08-04 12:30:00,36.0,1002.7,51.3,normal,none
AWS-001,Delhi Safdarjung,2026-08-04 12:40:00,36.18,1003.13,53.2,normal,none
AWS-001,Delhi Safdarjung,2026-08-04 12:50:00,36.62,1002.89,51.9,normal,none
AWS-001,Delhi Safdarjung,2026-08-04 13:00:00,35.89,1002.88,51.2,normal,none
AWS-001,Delhi Safdarjung,2026-08-04 13:10:00,36.47,1003.09,51.7,normal,none
AWS-001,Delhi Safdarjung,2026-08-04 13:20:00,36.86,1002.99,52.2,normal,none
AWS-001,Delhi Safdarjung,2026-08-04 13:30:00,36.52,1002.57,51.2,normal,none
AWS-001,Delhi Safdarjung,2026-08-04 13:40:00,36.38,1003.0,51.4,normal,none
AWS-001,Delhi Safdarjung,2026-08-04 13:50:00,36.95,1003.1,51.9,normal,none
AWS-001,Delhi Safdarjung,2026-08-04 14:00:00,36.58,1002.88,50.0,normal,none
AWS-001,Delhi Safdarjung,2026-08-04 14:10:00,37.04,1002.67,50.9,normal,none
AWS-001,Delhi Safdarjung,2026-08-04 14:20:00,36.82,1002.2,52.8,normal,none
AWS-001,Delhi Safdarjung,2026-08-04 14:30:00,36.69,1002.41,51.5,normal,none
AWS-001,Delhi Safdarjung,2026-08-04 14:40:00,36.96,1002.18,51.5,normal,none
AWS-001,Delhi Safdarjung,2026-08-04 14:50:00,36.44,1002.26,52.3,normal,none
AWS-001,Delhi Safdarjung,2026-08-04 15:00:00,36.85,1002.15,53.1,normal,none
AWS-001,Delhi Safdarjung,2026-08-04 15:10:00,36.69,1002.45,50.5,normal,none
AWS-001,Delhi Safdarjung,2026-08-04 15:20:00,37.08,1002.46,51.1,normal,none
AWS-001,Delhi Safdarjung,2026-08-04 15:30:00,37.55,1002.4,51.9,normal,none
AWS-001,Delhi Safdarjung,2026-08-04 15:40:00,36.74,1001.86,53.3,normal,none
AWS-001,Delhi Safdarjung,2026-08-04 15:50:00,35.96,1001.87,53.3,normal,none
AWS-001,Delhi Safdarjung,2026-08-04 16:00:00,35.46,1001.43,52.8,normal,none
AWS-001,Delhi Safdarjung,2026-08-04 16:10:00,36.02,1001.53,50.6,normal,none
AWS-001,Delhi Safdarjung,2026-08-04 16:20:00,35.86,1001.88,53.2,normal,none
AWS-001,Delhi Safdarjung,2026-08-04 16:30:00,36.54,1001.77,52.8,normal,none
AWS-001,Delhi Safdarjung,2026-08-04 16:40:00,35.96,1001.97,53.7,normal,none
AWS-001,Delhi Safdarjung,2026-08-04 16:50:00,35.38,1001.45,51.5,normal,none
AWS-001,Delhi Safdarjung,2026-08-04 17:00:00,35.39,1001.32,52.6,normal,none
AWS-001,Delhi Safdarjung,2026-08-04 17:10:00,34.85,1001.95,50.4,normal,none
AWS-001,Delhi Safdarjung,2026-08-04 17:20:00,34.73,1001.06,55.1,normal,none
AWS-001,Delhi Safdarjung,2026-08-04 17:30:00,35.02,1001.0,54.8,normal,none
AWS-001,Delhi Safdarjung,2026-08-04 17:40:00,34.36,1001.41,53.9,normal,none
AWS-001,Delhi Safdarjung,2026-08-04 17:50:00,34.22,1001.28,54.6,normal,none
AWS-001,Delhi Safdarjung,2026-08-04 18:00:00,35.11,1001.2,57.4,normal,none
AWS-001,Delhi Safdarjung,2026-08-04 18:10:00,32.93,1000.97,55.7,normal,none
AWS-001,Delhi Safdarjung,2026-08-04 18:20:00,33.7,1001.06,55.3,normal,none
AWS-001,Delhi Safdarjung,2026-08-04 18:30:00,32.97,1001.12,57.9,normal,none
AWS-001,Delhi Safdarjung,2026-08-04 18:40:00,32.5,1001.13,57.6,normal,none
AWS-001,Delhi Safdarjung,2026-08-04 18:50:00,32.47,1001.45,57.8,normal,none
AWS-001,Delhi Safdarjung,2026-08-04 19:00:00,32.07,1000.69,60.2,normal,none
AWS-001,Delhi Safdarjung,2026-08-04 19:10:00,31.79,1000.83,59.5,normal,none
AWS-001,Delhi Safdarjung,2026-08-04 19:20:00,32.0,1000.98,60.5,normal,none
AWS-001,Delhi Safdarjung,2026-08-04 19:30:00,31.04,1000.98,62.2,normal,none
AWS-001,Delhi Safdarjung,2026-08-04 19:40:00,30.47,1000.86,61.2,normal,none
AWS-001,Delhi Safdarjung,2026-08-04 19:50:00,30.84,1000.73,61.1,normal,none
AWS-001,Delhi Safdarjung,2026-08-04 20:00:00,30.22,1001.18,64.2,normal,none
AWS-001,Delhi Safdarjung,2026-08-04 20:10:00,29.28,1000.71,65.3,normal,none
AWS-001,Delhi Safdarjung,2026-08-04 20:20:00,29.42,1001.37,63.3,normal,none
AWS-001,Delhi Safdarjung,2026-08-04 20:30:00,28.9,1000.86,64.1,normal,none
AWS-001,Delhi Safdarjung,2026-08-04 20:40:00,29.14,1000.96,67.2,normal,none
AWS-001,Delhi Safdarjung,2026-08-04 20:50:00,28.14,1000.52,64.5,normal,none
AWS-001,Delhi Safdarjung,2026-08-04 21:00:00,28.36,1001.22,67.1,normal,none
AWS-001,Delhi Safdarjung,2026-08-04 21:10:00,27.08,1001.07,68.2,normal,none
AWS-001,Delhi Safdarjung,2026-08-04 21:20:00,27.29,1001.72,69.1,normal,none
AWS-001,Delhi Safdarjung,2026-08-04 21:30:00,26.53,1001.1,71.3,normal,none
AWS-001,Delhi Safdarjung,2026-08-04 21:40:00,26.38,1001.39,69.6,normal,none
AWS-001,Delhi Safdarjung,2026-08-04 21:50:00,26.19,1001.35,69.1,normal,none
AWS-001,Delhi Safdarjung,2026-08-04 22:00:00,25.39,1001.64,69.6,normal,none
AWS-001,Delhi Safdarjung,2026-08-04 22:10:00,25.55,1001.31,70.0,normal,none
AWS-001,Delhi Safdarjung,2026-08-04 22:20:00,24.64,1000.87,71.9,normal,none
AWS-001,Delhi Safdarjung,2026-08-04 22:30:00,25.01,1001.38,73.3,normal,none
AWS-001,Delhi Safdarjung,2026-08-04 22:40:00,24.44,1001.68,72.5,normal,none
AWS-001,Delhi Safdarjung,2026-08-04 22:50:00,24.84,1001.33,72.1,normal,none
AWS-001,Delhi Safdarjung,2026-08-04 23:00:00,24.65,1001.89,74.5,normal,none
AWS-001,Delhi Safdarjung,2026-08-04 23:10:00,23.86,1001.74,73.2,normal,none
AWS-001,Delhi Safdarjung,2026-08-04 23:20:00,23.58,1001.76,73.4,normal,none
AWS-001,Delhi Safdarjung,2026-08-04 23:30:00,23.46,1001.96,77.5,normal,none
AWS-001,Delhi Safdarjung,2026-08-04 23:40:00,22.91,1001.48,76.1,normal,none
AWS-001,Delhi Safdarjung,2026-08-04 23:50:00,23.31,1001.95,75.7,normal,none
AWS-001,Delhi Safdarjung,2026-08-05 00:00:00,22.93,1001.71,75.5,normal,none
AWS-001,Delhi Safdarjung,2026-08-05 00:10:00,22.74,1001.96,74.8,normal,none
AWS-001,Delhi Safdarjung,2026-08-05 00:20:00,22.51,1002.27,75.9,normal,none
AWS-001,Delhi Safdarjung,2026-08-05 00:30:00,22.62,1002.02,78.3,normal,none
AWS-001,Delhi Safdarjung,2026-08-05 00:40:00,21.69,1002.11,80.0,normal,none
AWS-001,Delhi Safdarjung,2026-08-05 00:50:00,22.2,1002.67,76.0,normal,none
AWS-001,Delhi Safdarjung,2026-08-05 01:00:00,21.28,1002.54,78.6,normal,none
AWS-001,Delhi Safdarjung,2026-08-05 01:10:00,21.45,1002.71,78.4,normal,none
AWS-001,Delhi Safdarjung,2026-08-05 01:20:00,21.72,1002.27,77.2,normal,none
AWS-001,Delhi Safdarjung,2026-08-05 01:30:00,21.53,1002.87,78.5,normal,none
AWS-001,Delhi Safdarjung,2026-08-05 01:40:00,21.56,1002.94,79.3,normal,none
AWS-001,Delhi Safdarjung,2026-08-05 01:50:00,20.86,1003.17,78.4,normal,none
AWS-001,Delhi Safdarjung,2026-08-05 02:00:00,20.37,1003.49,78.9,normal,none
AWS-001,Delhi Safdarjung,2026-08-05 02:10:00,21.77,1003.2,76.7,normal,none
AWS-001,Delhi Safdarjung,2026-08-05 02:20:00,21.48,1003.04,81.7,normal,none
AWS-001,Delhi Safdarjung,2026-08-05 02:30:00,20.99,1003.67,80.1,normal,none
AWS-001,Delhi Safdarjung,2026-08-05 02:40:00,21.36,1002.88,80.6,normal,none
AWS-001,Delhi Safdarjung,2026-08-05 02:50:00,21.73,1003.34,79.2,normal,none
AWS-001,Delhi Safdarjung,2026-08-05 03:00:00,20.89,1003.35,78.4,normal,none
AWS-001,Delhi Safdarjung,2026-08-05 03:10:00,21.74,1003.97,79.4,normal,none
AWS-001,Delhi Safdarjung,2026-08-05 03:20:00,21.99,1004.2,79.1,normal,none
AWS-001,Delhi Safdarjung,2026-08-05 03:30:00,21.33,1003.82,79.5,normal,none
AWS-001,Delhi Safdarjung,2026-08-05 03:40:00,21.62,1003.71,79.8,normal,none
AWS-001,Delhi Safdarjung,2026-08-05 03:50:00,21.42,1004.12,77.2,normal,none
AWS-001,Delhi Safdarjung,2026-08-05 04:00:00,21.5,1004.18,77.5,normal,none
AWS-001,Delhi Safdarjung,2026-08-05 04:10:00,21.81,1004.51,78.3,normal,none
AWS-001,Delhi Safdarjung,2026-08-05 04:20:00,22.45,1004.49,75.3,normal,none
AWS-001,Delhi Safdarjung,2026-08-05 04:30:00,22.6,1004.39,78.4,normal,none
AWS-001,Delhi Safdarjung,2026-08-05 04:40:00,22.78,1004.59,76.7,normal,none
AWS-001,Delhi Safdarjung,2026-08-05 04:50:00,22.69,1005.15,76.3,normal,none
AWS-001,Delhi Safdarjung,2026-08-05 05:00:00,23.13,1005.09,76.6,normal,none
AWS-001,Delhi Safdarjung,2026-08-05 05:10:00,23.17,1005.03,75.4,normal,none
AWS-001,Delhi Safdarjung,2026-08-05 05:20:00,23.25,1004.93,74.6,normal,none
AWS-001,Delhi Safdarjung,2026-08-05 05:30:00,23.89,1005.47,74.7,normal,none
AWS-001,Delhi Safdarjung,2026-08-05 05:40:00,24.13,1004.92,72.5,normal,none
AWS-001,Delhi Safdarjung,2026-08-05 05:50:00,24.36,1005.18,72.0,normal,none
AWS-001,Delhi Safdarjung,2026-08-05 06:00:00,24.51,1005.06,71.6,normal,none
AWS-001,Delhi Safdarjung,2026-08-05 06:10:00,25.2,1005.72,74.1,normal,none
AWS-001,Delhi Safdarjung,2026-08-05 06:20:00,25.13,1005.53,72.9,normal,none
AWS-001,Delhi Safdarjung,2026-08-05 06:30:00,25.93,1006.0,72.0,normal,none
AWS-001,Delhi Safdarjung,2026-08-05 06:40:00,26.21,1005.59,71.3,normal,none
AWS-001,Delhi Safdarjung,2026-08-05 06:50:00,25.48,1005.82,71.2,normal,none
AWS-001,Delhi Safdarjung,2026-08-05 07:00:00,26.88,1005.98,70.1,normal,none
AWS-001,Delhi Safdarjung,2026-08-05 07:10:00,27.2,1005.86,70.1,normal,none
AWS-001,Delhi Safdarjung,2026-08-05 07:20:00,26.93,1006.14,67.8,normal,none
AWS-001,Delhi Safdarjung,2026-08-05 07:30:00,27.31,1006.26,68.0,normal,none
AWS-001,Delhi Safdarjung,2026-08-05 07:40:00,27.02,1006.25,66.8,normal,none
AWS-001,Delhi Safdarjung,2026-08-05 07:50:00,27.38,1006.13,65.1,normal,none
AWS-001,Delhi Safdarjung,2026-08-05 08:00:00,28.75,1006.18,67.7,normal,none
AWS-001,Delhi Safdarjung,2026-08-05 08:10:00,28.3,1006.44,66.5,normal,none
AWS-001,Delhi Safdarjung,2026-08-05 08:20:00,29.2,1006.44,67.4,normal,none
AWS-001,Delhi Safdarjung,2026-08-05 08:30:00,29.54,1006.28,64.9,normal,none
AWS-001,Delhi Safdarjung,2026-08-05 08:40:00,30.1,1006.7,64.2,normal,none
AWS-001,Delhi Safdarjung,2026-08-05 08:50:00,30.16,1006.4,63.2,normal,none
AWS-001,Delhi Safdarjung,2026-08-05 09:00:00,30.54,1005.96,59.2,normal,none
AWS-001,Delhi Safdarjung,2026-08-05 09:10:00,31.35,1006.1,61.6,normal,none
AWS-001,Delhi Safdarjung,2026-08-05 09:20:00,31.09,1006.76,62.1,normal,none
AWS-001,Delhi Safdarjung,2026-08-05 09:30:00,32.29,1006.46,59.6,normal,none
AWS-001,Delhi Safdarjung,2026-08-05 09:40:00,32.66,1006.07,59.8,normal,none
AWS-001,Delhi Safdarjung,2026-08-05 09:50:00,32.31,1006.43,62.5,normal,none
AWS-001,Delhi Safdarjung,2026-08-05 10:00:00,32.67,1006.44,56.7,normal,none
AWS-001,Delhi Safdarjung,2026-08-05 10:10:00,32.26,1007.02,57.7,normal,none
AWS-001,Delhi Safdarjung,2026-08-05 10:20:00,33.48,1006.94,55.8,normal,none
AWS-001,Delhi Safdarjung,2026-08-05 10:30:00,33.09,1006.78,56.6,normal,none
AWS-001,Delhi Safdarjung,2026-08-05 10:40:00,33.63,1006.56,56.3,normal,none
AWS-001,Delhi Safdarjung,2026-08-05 10:50:00,34.51,1006.42,55.8,normal,none
AWS-001,Delhi Safdarjung,2026-08-05 11:00:00,34.62,1006.25,54.1,normal,none
AWS-001,Delhi Safdarjung,2026-08-05 11:10:00,35.5,1006.12,53.9,normal,none
AWS-001,Delhi Safdarjung,2026-08-05 11:20:00,34.97,1006.2,52.2,normal,none
AWS-001,Delhi Safdarjung,2026-08-05 11:30:00,35.81,1006.53,56.3,normal,none
AWS-001,Delhi Safdarjung,2026-08-05 11:40:00,35.31,1006.52,51.8,normal,none
AWS-001,Delhi Safdarjung,2026-08-05 11:50:00,35.84,1006.24,54.1,normal,none
AWS-001,Delhi Safdarjung,2026-08-05 12:00:00,36.49,1005.92,54.5,normal,none
AWS-001,Delhi Safdarjung,2026-08-05 12:10:00,37.0,1006.48,53.5,normal,none
AWS-001,Delhi Safdarjung,2026-08-05 12:20:00,36.66,1006.03,49.8,normal,none
AWS-001,Delhi Safdarjung,2026-08-05 12:30:00,37.09,1006.09,49.4,normal,none
AWS-001,Delhi Safdarjung,2026-08-05 12:40:00,37.12,1006.13,52.0,normal,none
AWS-001,Delhi Safdarjung,2026-08-05 12:50:00,36.68,1006.09,49.1,normal,none
AWS-001,Delhi Safdarjung,2026-08-05 13:00:00,37.56,1006.42,52.6,normal,none
AWS-001,Delhi Safdarjung,2026-08-05 13:10:00,37.21,1005.57,50.9,normal,none
AWS-001,Delhi Safdarjung,2026-08-05 13:20:00,37.51,1005.93,50.7,normal,none
AWS-001,Delhi Safdarjung,2026-08-05 13:30:00,37.27,1005.87,47.7,normal,none
AWS-001,Delhi Safdarjung,2026-08-05 13:40:00,38.13,1006.31,48.0,normal,none
AWS-001,Delhi Safdarjung,2026-08-05 13:50:00,38.15,1006.23,48.0,normal,none
AWS-001,Delhi Safdarjung,2026-08-05 14:00:00,37.78,1005.91,49.7,normal,none
AWS-001,Delhi Safdarjung,2026-08-05 14:10:00,37.95,1005.55,50.1,normal,none
AWS-001,Delhi Safdarjung,2026-08-05 14:20:00,37.13,1005.31,46.5,normal,none
AWS-001,Delhi Safdarjung,2026-08-05 14:30:00,38.88,1005.46,48.6,normal,none
AWS-001,Delhi Safdarjung,2026-08-05 14:40:00,38.32,1005.41,49.9,normal,none
AWS-001,Delhi Safdarjung,2026-08-05 14:50:00,37.54,1005.29,50.2,normal,none
AWS-001,Delhi Safdarjung,2026-08-05 15:00:00,37.79,1005.44,49.7,normal,none
AWS-001,Delhi Safdarjung,2026-08-05 15:10:00,38.2,1005.63,46.9,normal,none
AWS-001,Delhi Safdarjung,2026-08-05 15:20:00,38.12,1005.0,48.4,normal,none
AWS-001,Delhi Safdarjung,2026-08-05 15:30:00,38.15,1005.52,49.8,normal,none
AWS-001,Delhi Safdarjung,2026-08-05 15:40:00,37.98,1005.54,49.2,normal,none
AWS-001,Delhi Safdarjung,2026-08-05 15:50:00,38.64,1005.38,50.7,normal,none
AWS-001,Delhi Safdarjung,2026-08-05 16:00:00,37.14,1005.54,48.2,normal,none
AWS-001,Delhi Safdarjung,2026-08-05 16:10:00,37.24,1005.4,50.9,normal,none
AWS-001,Delhi Safdarjung,2026-08-05 16:20:00,37.23,1005.21,51.3,normal,none
AWS-001,Delhi Safdarjung,2026-08-05 16:30:00,37.67,1004.8,50.1,normal,none
AWS-001,Delhi Safdarjung,2026-08-05 16:40:00,36.88,1004.97,54.1,normal,none
AWS-001,Delhi Safdarjung,2026-08-05 16:50:00,36.35,1004.87,51.3,normal,none
AWS-001,Delhi Safdarjung,2026-08-05 17:00:00,36.56,1004.88,50.0,normal,none
AWS-001,Delhi Safdarjung,2026-08-05 17:10:00,35.68,1004.49,51.3,normal,none
AWS-001,Delhi Safdarjung,2026-08-05 17:20:00,35.75,1004.84,52.6,normal,none
AWS-001,Delhi Safdarjung,2026-08-05 17:30:00,36.46,1004.87,51.7,normal,none
AWS-001,Delhi Safdarjung,2026-08-05 17:40:00,35.95,1004.63,54.7,normal,none
AWS-001,Delhi Safdarjung,2026-08-05 17:50:00,35.79,1004.82,54.0,normal,none
AWS-001,Delhi Safdarjung,2026-08-05 18:00:00,35.24,1004.28,54.5,normal,none
AWS-001,Delhi Safdarjung,2026-08-05 18:10:00,35.43,1004.53,52.3,normal,none
AWS-001,Delhi Safdarjung,2026-08-05 18:20:00,34.9,1004.4,54.1,normal,none
AWS-001,Delhi Safdarjung,2026-08-05 18:30:00,34.31,1004.85,56.1,normal,none
AWS-001,Delhi Safdarjung,2026-08-05 18:40:00,33.95,1004.16,56.3,normal,none
AWS-001,Delhi Safdarjung,2026-08-05 18:50:00,33.53,1004.81,56.2,normal,none
AWS-001,Delhi Safdarjung,2026-08-05 19:00:00,33.93,1004.46,56.6,normal,none
AWS-001,Delhi Safdarjung,2026-08-05 19:10:00,33.48,1004.56,57.9,normal,none
AWS-001,Delhi Safdarjung,2026-08-05 19:20:00,33.07,1004.34,58.1,normal,none
AWS-001,Delhi Safdarjung,2026-08-05 19:30:00,32.17,1004.61,58.4,normal,none
AWS-001,Delhi Safdarjung,2026-08-05 19:40:00,32.1,1004.22,60.1,normal,none
AWS-001,Delhi Safdarjung,2026-08-05 19:50:00,32.29,1004.36,61.4,normal,none
AWS-001,Delhi Safdarjung,2026-08-05 20:00:00,31.43,1004.31,59.5,normal,none
AWS-001,Delhi Safdarjung,2026-08-05 20:10:00,31.02,1004.41,62.0,normal,none
AWS-001,Delhi Safdarjung,2026-08-05 20:20:00,30.54,1004.15,62.4,normal,none
AWS-001,Delhi Safdarjung,2026-08-05 20:30:00,30.89,1004.31,62.6,normal,none
AWS-001,Delhi Safdarjung,2026-08-05 20:40:00,30.45,1004.49,64.4,normal,none
AWS-001,Delhi Safdarjung,2026-08-05 20:50:00,30.09,1004.53,65.2,normal,none
AWS-001,Delhi Safdarjung,2026-08-05 21:00:00,29.88,1004.52,64.1,normal,none
AWS-001,Delhi Safdarjung,2026-08-05 21:10:00,29.51,1004.77,66.4,normal,none
AWS-001,Delhi Safdarjung,2026-08-05 21:20:00,29.2,1005.07,65.9,normal,none
AWS-001,Delhi Safdarjung,2026-08-05 21:30:00,28.57,1004.34,63.1,normal,none
AWS-001,Delhi Safdarjung,2026-08-05 21:40:00,28.72,1004.73,66.7,normal,none
AWS-001,Delhi Safdarjung,2026-08-05 21:50:00,28.01,1005.16,67.7,normal,none
AWS-001,Delhi Safdarjung,2026-08-05 22:00:00,27.96,1004.48,68.2,normal,none
AWS-001,Delhi Safdarjung,2026-08-05 22:10:00,27.58,1004.74,68.0,normal,none
AWS-001,Delhi Safdarjung,2026-08-05 22:20:00,26.81,1005.02,68.4,normal,none
AWS-001,Delhi Safdarjung,2026-08-05 22:30:00,26.58,1005.04,69.2,normal,none
AWS-001,Delhi Safdarjung,2026-08-05 22:40:00,25.86,1004.42,69.1,normal,none
AWS-001,Delhi Safdarjung,2026-08-05 22:50:00,26.7,1004.96,69.7,normal,none
AWS-001,Delhi Safdarjung,2026-08-05 23:00:00,25.72,1004.77,70.5,normal,none
AWS-001,Delhi Safdarjung,2026-08-05 23:10:00,26.1,1005.23,69.4,normal,none
AWS-001,Delhi Safdarjung,2026-08-05 23:20:00,25.81,1005.29,74.4,normal,none
AWS-001,Delhi Safdarjung,2026-08-05 23:30:00,24.97,1005.24,72.3,normal,none
AWS-001,Delhi Safdarjung,2026-08-05 23:40:00,24.69,1005.52,71.8,normal,none
AWS-001,Delhi Safdarjung,2026-08-05 23:50:00,24.64,1005.24,74.8,normal,none
AWS-001,Delhi Safdarjung,2026-08-06 00:00:00,24.77,1005.66,74.1,normal,none
AWS-001,Delhi Safdarjung,2026-08-06 00:10:00,24.37,1005.5,72.7,normal,none
AWS-001,Delhi Safdarjung,2026-08-06 00:20:00,23.47,1005.96,73.7,normal,none
AWS-001,Delhi Safdarjung,2026-08-06 00:30:00,24.18,1005.35,75.0,normal,none
AWS-001,Delhi Safdarjung,2026-08-06 00:40:00,23.64,1005.86,74.0,normal,none
AWS-001,Delhi Safdarjung,2026-08-06 00:50:00,23.92,1005.92,73.8,normal,none
AWS-001,Delhi Safdarjung,2026-08-06 01:00:00,23.9,1006.39,76.1,normal,none
AWS-001,Delhi Safdarjung,2026-08-06 01:10:00,23.91,1006.25,73.6,normal,none
AWS-001,Delhi Safdarjung,2026-08-06 01:20:00,23.08,1006.48,77.5,normal,none
AWS-001,Delhi Safdarjung,2026-08-06 01:30:00,22.99,1006.22,74.8,normal,none
AWS-001,Delhi Safdarjung,2026-08-06 01:40:00,23.23,1006.04,73.9,normal,none
AWS-001,Delhi Safdarjung,2026-08-06 01:50:00,23.97,1006.68,77.9,normal,none
AWS-001,Delhi Safdarjung,2026-08-06 02:00:00,22.62,1006.66,75.9,normal,none
AWS-001,Delhi Safdarjung,2026-08-06 02:10:00,23.45,1006.36,76.7,normal,none
AWS-001,Delhi Safdarjung,2026-08-06 02:20:00,23.31,1007.15,78.2,normal,none
AWS-001,Delhi Safdarjung,2026-08-06 02:30:00,22.99,1006.55,74.7,normal,none
AWS-001,Delhi Safdarjung,2026-08-06 02:40:00,22.84,1006.97,74.1,normal,none
AWS-001,Delhi Safdarjung,2026-08-06 02:50:00,22.58,1007.2,76.6,normal,none
AWS-001,Delhi Safdarjung,2026-08-06 03:00:00,23.24,1007.28,75.4,normal,none
AWS-001,Delhi Safdarjung,2026-08-06 03:10:00,23.75,1007.14,76.2,normal,none
AWS-001,Delhi Safdarjung,2026-08-06 03:20:00,23.11,1007.53,75.4,normal,none
AWS-001,Delhi Safdarjung,2026-08-06 03:30:00,23.32,1008.15,76.0,normal,none
AWS-001,Delhi Safdarjung,2026-08-06 03:40:00,23.31,1007.24,74.2,normal,none
AWS-001,Delhi Safdarjung,2026-08-06 03:50:00,23.69,1007.76,74.4,normal,none
AWS-001,Delhi Safdarjung,2026-08-06 04:00:00,23.6,1006.85,74.6,normal,none
AWS-001,Delhi Safdarjung,2026-08-06 04:10:00,23.9,1007.92,74.3,normal,none
AWS-001,Delhi Safdarjung,2026-08-06 04:20:00,24.86,1008.19,73.0,normal,none
AWS-001,Delhi Safdarjung,2026-08-06 04:30:00,24.66,1007.63,75.9,normal,none
AWS-001,Delhi Safdarjung,2026-08-06 04:40:00,24.13,1007.61,74.1,normal,none
AWS-001,Delhi Safdarjung,2026-08-06 04:50:00,25.47,1008.14,73.1,normal,none
AWS-001,Delhi Safdarjung,2026-08-06 05:00:00,24.88,1008.19,74.5,normal,none
AWS-001,Delhi Safdarjung,2026-08-06 05:10:00,25.69,1008.67,72.0,normal,none
AWS-001,Delhi Safdarjung,2026-08-06 05:20:00,25.59,1008.38,70.1,normal,none
AWS-001,Delhi Safdarjung,2026-08-06 05:30:00,26.17,1008.65,69.6,normal,none
AWS-001,Delhi Safdarjung,2026-08-06 05:40:00,25.83,1008.56,71.4,normal,none
AWS-001,Delhi Safdarjung,2026-08-06 05:50:00,26.74,1008.33,72.1,normal,none
AWS-001,Delhi Safdarjung,2026-08-06 06:00:00,27.19,1008.15,70.8,normal,none
AWS-001,Delhi Safdarjung,2026-08-06 06:10:00,27.2,1009.01,70.1,normal,none
AWS-001,Delhi Safdarjung,2026-08-06 06:20:00,27.42,1008.69,67.3,normal,none
AWS-001,Delhi Safdarjung,2026-08-06 06:30:00,27.71,1008.69,68.5,normal,none
AWS-001,Delhi Safdarjung,2026-08-06 06:40:00,27.9,1008.72,66.9,normal,none
AWS-001,Delhi Safdarjung,2026-08-06 06:50:00,28.06,1008.77,64.6,normal,none
AWS-001,Delhi Safdarjung,2026-08-06 07:00:00,27.8,1009.76,68.9,normal,none
AWS-001,Delhi Safdarjung,2026-08-06 07:10:00,29.25,1008.9,63.7,normal,none
AWS-001,Delhi Safdarjung,2026-08-06 07:20:00,29.26,1008.56,67.0,normal,none
AWS-001,Delhi Safdarjung,2026-08-06 07:30:00,29.48,1009.3,62.0,normal,none
AWS-001,Delhi Safdarjung,2026-08-06 07:40:00,29.84,1009.38,64.3,normal,none
AWS-001,Delhi Safdarjung,2026-08-06 07:50:00,30.23,1009.01,65.3,normal,none
AWS-001,Delhi Safdarjung,2026-08-06 08:00:00,30.97,1009.38,62.7,normal,none
AWS-001,Delhi Safdarjung,2026-08-06 08:10:00,30.94,1009.3,61.8,normal,none
AWS-001,Delhi Safdarjung,2026-08-06 08:20:00,31.09,1009.49,61.1,normal,none
AWS-001,Delhi Safdarjung,2026-08-06 08:30:00,31.33,1009.66,59.4,normal,none
AWS-001,Delhi Safdarjung,2026-08-06 08:40:00,32.08,1009.81,61.9,normal,none
AWS-001,Delhi Safdarjung,2026-08-06 08:50:00,32.96,1009.59,59.7,normal,none
AWS-001,Delhi Safdarjung,2026-08-06 09:00:00,32.98,1009.39,60.2,normal,none
AWS-001,Delhi Safdarjung,2026-08-06 09:10:00,34.1,1009.84,57.6,normal,none
AWS-001,Delhi Safdarjung,2026-08-06 09:20:00,33.73,1009.56,58.3,normal,none
AWS-001,Delhi Safdarjung,2026-08-06 09:30:00,33.73,1009.64,55.4,normal,none
AWS-001,Delhi Safdarjung,2026-08-06 09:40:00,34.18,1009.63,56.6,normal,none
AWS-001,Delhi Safdarjung,2026-08-06 09:50:00,35.03,1009.8,54.1,normal,none
AWS-001,Delhi Safdarjung,2026-08-06 10:00:00,34.99,1009.44,56.9,normal,none
AWS-001,Delhi Safdarjung,2026-08-06 10:10:00,34.98,1009.6,52.8,normal,none
AWS-001,Delhi Safdarjung,2026-08-06 10:20:00,35.88,1009.83,53.3,normal,none
AWS-001,Delhi Safdarjung,2026-08-06 10:30:00,36.16,1009.67,52.3,normal,none
AWS-001,Delhi Safdarjung,2026-08-06 10:40:00,36.34,1009.06,51.9,normal,none
AWS-001,Delhi Safdarjung,2026-08-06 10:50:00,36.42,1009.19,51.5,normal,none
AWS-001,Delhi Safdarjung,2026-08-06 11:00:00,37.01,1009.67,51.7,normal,none
AWS-001,Delhi Safdarjung,2026-08-06 11:10:00,37.53,1009.53,52.5,normal,none
AWS-001,Delhi Safdarjung,2026-08-06 11:20:00,37.15,1009.53,50.5,normal,none
AWS-001,Delhi Safdarjung,2026-08-06 11:30:00,37.5,1009.26,51.7,normal,none
AWS-001,Delhi Safdarjung,2026-08-06 11:40:00,38.66,1009.44,50.0,normal,none
AWS-001,Delhi Safdarjung,2026-08-06 11:50:00,38.13,1009.72,50.2,normal,none
AWS-001,Delhi Safdarjung,2026-08-06 12:00:00,38.8,1009.48,48.2,normal,none
AWS-001,Delhi Safdarjung,2026-08-06 12:10:00,38.54,1009.61,48.5,normal,none
AWS-001,Delhi Safdarjung,2026-08-06 12:20:00,38.87,1009.24,49.0,normal,none
AWS-001,Delhi Safdarjung,2026-08-06 12:30:00,38.8,1009.19,49.0,normal,none
AWS-001,Delhi Safdarjung,2026-08-06 12:40:00,39.69,1009.09,47.6,normal,none
AWS-001,Delhi Safdarjung,2026-08-06 12:50:00,39.4,1009.47,47.7,normal,none
AWS-001,Delhi Safdarjung,2026-08-06 13:00:00,40.09,1009.53,48.5,normal,none
AWS-001,Delhi Safdarjung,2026-08-06 13:10:00,39.93,1008.7,48.2,normal,none
AWS-001,Delhi Safdarjung,2026-08-06 13:20:00,40.24,1008.87,45.1,normal,none
AWS-001,Delhi Safdarjung,2026-08-06 13:30:00,40.42,1008.76,46.1,normal,none
AWS-001,Delhi Safdarjung,2026-08-06 13:40:00,40.09,1009.04,48.7,normal,none
AWS-001,Delhi Safdarjung,2026-08-06 13:50:00,39.91,1008.62,48.7,normal,none
AWS-001,Delhi Safdarjung,2026-08-06 14:00:00,40.42,1008.35,45.2,normal,none
AWS-001,Delhi Safdarjung,2026-08-06 14:10:00,40.43,1007.96,47.7,normal,none
AWS-001,Delhi Safdarjung,2026-08-06 14:20:00,40.17,1009.01,45.4,normal,none
AWS-001,Delhi Safdarjung,2026-08-06 14:30:00,41.07,1008.64,45.1,normal,none
AWS-001,Delhi Safdarjung,2026-08-06 14:40:00,41.03,1008.26,44.3,normal,none
AWS-001,Delhi Safdarjung,2026-08-06 14:50:00,39.49,1008.37,45.3,normal,none
AWS-001,Delhi Safdarjung,2026-08-06 15:00:00,40.37,1008.23,46.8,normal,none
AWS-001,Delhi Safdarjung,2026-08-06 15:10:00,40.47,1008.15,44.5,normal,none
AWS-001,Delhi Safdarjung,2026-08-06 15:20:00,40.24,1007.96,47.6,normal,none
AWS-001,Delhi Safdarjung,2026-08-06 15:30:00,40.37,1007.92,46.7,normal,none
AWS-001,Delhi Safdarjung,2026-08-06 15:40:00,39.27,1008.3,47.9,normal,none
AWS-001,Delhi Safdarjung,2026-08-06 15:50:00,40.13,1007.86,46.9,normal,none
AWS-001,Delhi Safdarjung,2026-08-06 16:00:00,39.9,1008.8,47.2,normal,none
AWS-001,Delhi Safdarjung,2026-08-06 16:10:00,39.32,1007.73,47.9,normal,none
AWS-001,Delhi Safdarjung,2026-08-06 16:20:00,39.87,1007.69,48.0,normal,none
AWS-001,Delhi Safdarjung,2026-08-06 16:30:00,39.89,1007.69,45.2,normal,none
AWS-001,Delhi Safdarjung,2026-08-06 16:40:00,39.07,1007.0,48.7,normal,none
AWS-001,Delhi Safdarjung,2026-08-06 16:50:00,38.97,1007.6,46.8,normal,none
AWS-001,Delhi Safdarjung,2026-08-06 17:00:00,38.51,1007.64,45.2,normal,none
AWS-001,Delhi Safdarjung,2026-08-06 17:10:00,38.88,1007.75,48.8,normal,none
AWS-001,Delhi Safdarjung,2026-08-06 17:20:00,38.29,1007.17,48.5,normal,none
AWS-001,Delhi Safdarjung,2026-08-06 17:30:00,37.41,1007.53,49.8,normal,none
AWS-001,Delhi Safdarjung,2026-08-06 17:40:00,38.18,1006.89,49.7,normal,none
AWS-001,Delhi Safdarjung,2026-08-06 17:50:00,37.57,1006.97,47.9,normal,none
AWS-001,Delhi Safdarjung,2026-08-06 18:00:00,37.9,1007.31,50.4,normal,none
AWS-001,Delhi Safdarjung,2026-08-06 18:10:00,36.78,1006.82,52.9,normal,none
AWS-001,Delhi Safdarjung,2026-08-06 18:20:00,37.08,1006.96,50.6,normal,none
AWS-001,Delhi Safdarjung,2026-08-06 18:30:00,36.95,1007.27,51.0,normal,none
AWS-001,Delhi Safdarjung,2026-08-06 18:40:00,36.67,1006.76,51.6,normal,none
AWS-001,Delhi Safdarjung,2026-08-06 18:50:00,35.72,1007.09,54.7,normal,none
AWS-001,Delhi Safdarjung,2026-08-06 19:00:00,36.28,1006.95,53.4,normal,none
AWS-001,Delhi Safdarjung,2026-08-06 19:10:00,35.22,1006.78,54.8,normal,none
AWS-001,Delhi Safdarjung,2026-08-06 19:20:00,34.91,1007.06,54.9,normal,none
AWS-001,Delhi Safdarjung,2026-08-06 19:30:00,35.1,1006.95,54.6,normal,none
AWS-001,Delhi Safdarjung,2026-08-06 19:40:00,33.56,1006.7,54.3,normal,none
AWS-001,Delhi Safdarjung,2026-08-06 19:50:00,33.53,1006.81,55.8,normal,none
AWS-001,Delhi Safdarjung,2026-08-06 20:00:00,33.54,1006.36,58.2,normal,none
AWS-001,Delhi Safdarjung,2026-08-06 20:10:00,33.74,1006.37,57.3,normal,none
AWS-001,Delhi Safdarjung,2026-08-06 20:20:00,33.77,1006.59,59.3,normal,none
AWS-001,Delhi Safdarjung,2026-08-06 20:30:00,32.29,1006.73,58.5,normal,none
AWS-001,Delhi Safdarjung,2026-08-06 20:40:00,32.53,1006.81,59.2,normal,none
AWS-001,Delhi Safdarjung,2026-08-06 20:50:00,32.02,1006.26,59.1,normal,none
AWS-001,Delhi Safdarjung,2026-08-06 21:00:00,32.03,1006.57,60.8,normal,none
AWS-001,Delhi Safdarjung,2026-08-06 21:10:00,31.02,1006.79,62.4,normal,none
AWS-001,Delhi Safdarjung,2026-08-06 21:20:00,31.1,1006.92,63.5,normal,none
AWS-001,Delhi Safdarjung,2026-08-06 21:30:00,30.53,1006.57,62.4,normal,none
AWS-001,Delhi Safdarjung,2026-08-06 21:40:00,30.19,1006.87,62.7,normal,none
AWS-001,Delhi Safdarjung,2026-08-06 21:50:00,30.26,1006.79,62.4,normal,none
AWS-001,Delhi Safdarjung,2026-08-06 22:00:00,30.53,1006.38,64.5,normal,none
AWS-001,Delhi Safdarjung,2026-08-06 22:10:00,29.5,1006.32,67.1,normal,none
AWS-001,Delhi Safdarjung,2026-08-06 22:20:00,29.55,1007.01,64.5,normal,none
AWS-001,Delhi Safdarjung,2026-08-06 22:30:00,29.11,1006.89,66.1,normal,none
AWS-001,Delhi Safdarjung,2026-08-06 22:40:00,28.71,1006.88,70.0,normal,none
AWS-001,Delhi Safdarjung,2026-08-06 22:50:00,28.21,1006.9,67.8,normal,none
AWS-001,Delhi Safdarjung,2026-08-06 23:00:00,28.44,1007.13,69.7,normal,none
AWS-001,Delhi Safdarjung,2026-08-06 23:10:00,28.08,1007.12,69.7,normal,none
AWS-001,Delhi Safdarjung,2026-08-06 23:20:00,27.42,1006.86,69.7,normal,none
AWS-001,Delhi Safdarjung,2026-08-06 23:30:00,26.99,1006.99,69.7,normal,none
AWS-001,Delhi Safdarjung,2026-08-06 23:40:00,26.83,1007.01,68.0,normal,none
AWS-001,Delhi Safdarjung,2026-08-06 23:50:00,26.84,1007.21,71.3,normal,none
AWS-001,Delhi Safdarjung,2026-08-07 00:00:00,25.87,1007.35,69.0,normal,none
AWS-001,Delhi Safdarjung,2026-08-07 00:10:00,25.8,1006.99,70.4,normal,none
AWS-001,Delhi Safdarjung,2026-08-07 00:20:00,26.43,1007.79,72.0,normal,none
AWS-001,Delhi Safdarjung,2026-08-07 00:30:00,26.08,1007.34,70.8,normal,none
AWS-001,Delhi Safdarjung,2026-08-07 00:40:00,25.37,1007.08,72.3,normal,none
AWS-001,Delhi Safdarjung,2026-08-07 00:50:00,26.63,1007.55,70.7,normal,none
AWS-001,Delhi Safdarjung,2026-08-07 01:00:00,25.32,1006.87,74.8,normal,none
AWS-001,Delhi Safdarjung,2026-08-07 01:10:00,25.84,1007.79,72.3,normal,none
AWS-001,Delhi Safdarjung,2026-08-07 01:20:00,24.89,1007.76,74.8,normal,none
AWS-001,Delhi Safdarjung,2026-08-07 01:30:00,25.13,1007.86,74.3,normal,none
AWS-001,Delhi Safdarjung,2026-08-07 01:40:00,25.7,1008.1,72.1,normal,none
AWS-001,Delhi Safdarjung,2026-08-07 01:50:00,25.12,1007.47,72.8,normal,none
AWS-001,Delhi Safdarjung,2026-08-07 02:00:00,25.49,1008.32,71.5,normal,none
AWS-001,Delhi Safdarjung,2026-08-07 02:10:00,25.33,1008.21,75.0,normal,none
AWS-001,Delhi Safdarjung,2026-08-07 02:20:00,24.94,1008.49,72.8,normal,none
AWS-001,Delhi Safdarjung,2026-08-07 02:30:00,25.22,1008.38,73.1,normal,none
AWS-001,Delhi Safdarjung,2026-08-07 02:40:00,25.28,1008.48,72.7,normal,none
AWS-001,Delhi Safdarjung,2026-08-07 02:50:00,25.96,1007.73,68.7,normal,none
AWS-001,Delhi Safdarjung,2026-08-07 03:00:00,25.27,1008.37,74.9,normal,none
AWS-001,Delhi Safdarjung,2026-08-07 03:10:00,25.67,1008.41,74.4,normal,none
AWS-001,Delhi Safdarjung,2026-08-07 03:20:00,25.54,1008.33,74.8,normal,none
AWS-001,Delhi Safdarjung,2026-08-07 03:30:00,25.57,1008.7,74.7,normal,none
AWS-001,Delhi Safdarjung,2026-08-07 03:40:00,24.97,1008.47,71.9,normal,none
AWS-001,Delhi Safdarjung,2026-08-07 03:50:00,25.34,1008.94,70.5,normal,none
AWS-001,Delhi Safdarjung,2026-08-07 04:00:00,24.97,1008.94,73.1,normal,none
AWS-001,Delhi Safdarjung,2026-08-07 04:10:00,26.15,1008.76,71.5,normal,none
AWS-001,Delhi Safdarjung,2026-08-07 04:20:00,25.31,1008.59,72.9,normal,none
AWS-001,Delhi Safdarjung,2026-08-07 04:30:00,26.61,1009.29,70.6,normal,none
AWS-001,Delhi Safdarjung,2026-08-07 04:40:00,26.88,1009.54,72.7,normal,none
AWS-001,Delhi Safdarjung,2026-08-07 04:50:00,27.05,1009.36,71.4,normal,none
AWS-001,Delhi Safdarjung,2026-08-07 05:00:00,26.65,1009.15,68.5,normal,none
AWS-001,Delhi Safdarjung,2026-08-07 05:10:00,26.35,1009.64,70.4,normal,none
AWS-001,Delhi Safdarjung,2026-08-07 05:20:00,27.16,1009.28,67.8,normal,none
AWS-001,Delhi Safdarjung,2026-08-07 05:30:00,27.37,1009.24,71.4,normal,none
AWS-001,Delhi Safdarjung,2026-08-07 05:40:00,27.65,1009.78,68.7,normal,none
AWS-001,Delhi Safdarjung,2026-08-07 05:50:00,27.73,1009.62,66.3,normal,none
AWS-001,Delhi Safdarjung,2026-08-07 06:00:00,27.96,1009.65,68.9,normal,none
AWS-001,Delhi Safdarjung,2026-08-07 06:10:00,28.36,1009.35,68.3,normal,none
AWS-001,Delhi Safdarjung,2026-08-07 06:20:00,28.86,1009.67,68.7,normal,none
AWS-001,Delhi Safdarjung,2026-08-07 06:30:00,28.89,1009.61,65.1,normal,none
AWS-001,Delhi Safdarjung,2026-08-07 06:40:00,29.62,1009.87,66.2,normal,none
AWS-001,Delhi Safdarjung,2026-08-07 06:50:00,29.3,1010.21,65.0,normal,none
AWS-001,Delhi Safdarjung,2026-08-07 07:00:00,30.4,1009.74,64.5,normal,none
AWS-001,Delhi Safdarjung,2026-08-07 07:10:00,30.34,1009.66,62.6,normal,none
AWS-001,Delhi Safdarjung,2026-08-07 07:20:00,31.16,1010.0,62.6,normal,none
AWS-001,Delhi Safdarjung,2026-08-07 07:30:00,31.35,1009.71,63.6,normal,none
AWS-001,Delhi Safdarjung,2026-08-07 07:40:00,31.44,1010.32,63.4,normal,none
AWS-001,Delhi Safdarjung,2026-08-07 07:50:00,31.5,1009.95,61.9,normal,none
AWS-001,Delhi Safdarjung,2026-08-07 08:00:00,31.32,1009.84,61.9,normal,none
AWS-001,Delhi Safdarjung,2026-08-07 08:10:00,32.6,1010.08,59.8,normal,none
AWS-001,Delhi Safdarjung,2026-08-07 08:20:00,32.37,1010.28,60.2,normal,none
AWS-001,Delhi Safdarjung,2026-08-07 08:30:00,33.43,1009.89,58.9,normal,none
AWS-001,Delhi Safdarjung,2026-08-07 08:40:00,32.88,1010.32,58.2,normal,none
AWS-001,Delhi Safdarjung,2026-08-07 08:50:00,33.07,1010.77,58.6,normal,none
AWS-001,Delhi Safdarjung,2026-08-07 09:00:00,32.93,1010.09,55.2,normal,none
AWS-001,Delhi Safdarjung,2026-08-07 09:10:00,34.21,1010.62,55.6,normal,none
AWS-001,Delhi Safdarjung,2026-08-07 09:20:00,34.88,1010.53,57.2,normal,none
AWS-001,Delhi Safdarjung,2026-08-07 09:30:00,35.52,1010.08,53.9,normal,none
AWS-001,Delhi Safdarjung,2026-08-07 09:40:00,35.69,1010.08,54.5,normal,none
AWS-001,Delhi Safdarjung,2026-08-07 09:50:00,36.17,1009.8,52.0,normal,none
AWS-001,Delhi Safdarjung,2026-08-07 10:00:00,35.57,1009.77,54.2,normal,none
AWS-001,Delhi Safdarjung,2026-08-07 10:10:00,36.47,1010.32,54.2,normal,none
AWS-001,Delhi Safdarjung,2026-08-07 10:20:00,36.88,1010.05,52.8,normal,none
AWS-001,Delhi Safdarjung,2026-08-07 10:30:00,36.66,1009.85,53.4,normal,none
AWS-001,Delhi Safdarjung,2026-08-07 10:40:00,37.32,1009.45,50.5,normal,none
AWS-001,Delhi Safdarjung,2026-08-07 10:50:00,37.2,1009.59,51.1,normal,none
AWS-001,Delhi Safdarjung,2026-08-07 11:00:00,37.91,1010.42,49.0,normal,none
AWS-001,Delhi Safdarjung,2026-08-07 11:10:00,37.28,1009.71,49.8,normal,none
AWS-001,Delhi Safdarjung,2026-08-07 11:20:00,38.04,1010.0,48.4,normal,none
AWS-001,Delhi Safdarjung,2026-08-07 11:30:00,38.27,1009.6,49.3,normal,none
AWS-001,Delhi Safdarjung,2026-08-07 11:40:00,38.9,1009.24,46.8,normal,none
AWS-001,Delhi Safdarjung,2026-08-07 11:50:00,39.16,1009.49,49.7,normal,none
AWS-001,Delhi Safdarjung,2026-08-07 12:00:00,39.07,1009.49,48.0,normal,none
AWS-001,Delhi Safdarjung,2026-08-07 12:10:00,39.77,1009.33,48.6,normal,none
AWS-001,Delhi Safdarjung,2026-08-07 12:20:00,39.77,1008.93,47.2,normal,none
AWS-001,Delhi Safdarjung,2026-08-07 12:30:00,39.8,1009.22,47.2,normal,none
AWS-001,Delhi Safdarjung,2026-08-07 12:40:00,39.05,1008.96,46.3,normal,none
AWS-001,Delhi Safdarjung,2026-08-07 12:50:00,40.14,1009.25,45.6,normal,none
AWS-001,Delhi Safdarjung,2026-08-07 13:00:00,40.53,1008.62,45.2,normal,none
AWS-001,Delhi Safdarjung,2026-08-07 13:10:00,40.71,1008.39,46.1,normal,none
AWS-001,Delhi Safdarjung,2026-08-07 13:20:00,41.05,1009.01,44.7,normal,none
AWS-001,Delhi Safdarjung,2026-08-07 13:30:00,41.19,1008.59,44.6,normal,none
AWS-001,Delhi Safdarjung,2026-08-07 13:40:00,40.72,1008.55,43.8,normal,none
AWS-001,Delhi Safdarjung,2026-08-07 13:50:00,40.57,1008.16,44.6,normal,none
AWS-001,Delhi Safdarjung,2026-08-07 14:00:00,40.77,1008.45,46.3,normal,none
AWS-001,Delhi Safdarjung,2026-08-07 14:10:00,40.21,1008.07,44.3,normal,none
AWS-001,Delhi Safdarjung,2026-08-07 14:20:00,40.64,1007.92,47.2,normal,none
AWS-001,Delhi Safdarjung,2026-08-07 14:30:00,41.43,1008.2,42.9,normal,none
AWS-001,Delhi Safdarjung,2026-08-07 14:40:00,40.54,1008.29,44.9,normal,none
AWS-001,Delhi Safdarjung,2026-08-07 14:50:00,40.7,1007.72,46.1,normal,none
AWS-001,Delhi Safdarjung,2026-08-07 15:00:00,40.42,1007.23,46.9,normal,none
AWS-001,Delhi Safdarjung,2026-08-07 15:10:00,41.19,1007.81,44.7,normal,none
AWS-001,Delhi Safdarjung,2026-08-07 15:20:00,40.45,1007.82,44.6,normal,none
AWS-001,Delhi Safdarjung,2026-08-07 15:30:00,40.29,1007.48,46.7,normal,none
AWS-001,Delhi Safdarjung,2026-08-07 15:40:00,40.65,1007.61,45.7,normal,none
AWS-001,Delhi Safdarjung,2026-08-07 15:50:00,40.26,1007.15,47.8,normal,none
AWS-001,Delhi Safdarjung,2026-08-07 16:00:00,40.05,1007.06,45.2,normal,none
AWS-001,Delhi Safdarjung,2026-08-07 16:10:00,39.65,1007.09,46.5,normal,none
AWS-001,Delhi Safdarjung,2026-08-07 16:20:00,40.09,1006.67,49.0,normal,none
AWS-001,Delhi Safdarjung,2026-08-07 16:30:00,39.42,1007.5,46.8,normal,none
AWS-001,Delhi Safdarjung,2026-08-07 16:40:00,39.61,1007.31,47.2,normal,none
AWS-001,Delhi Safdarjung,2026-08-07 16:50:00,38.67,1006.86,48.6,normal,none
AWS-001,Delhi Safdarjung,2026-08-07 17:00:00,38.78,1006.71,46.7,normal,none
AWS-001,Delhi Safdarjung,2026-08-07 17:10:00,39.05,1006.58,47.8,normal,none
AWS-001,Delhi Safdarjung,2026-08-07 17:20:00,38.4,1006.72,48.5,normal,none
AWS-001,Delhi Safdarjung,2026-08-07 17:30:00,38.71,1006.52,46.6,normal,none
AWS-001,Delhi Safdarjung,2026-08-07 17:40:00,37.99,1006.42,50.8,normal,none
AWS-001,Delhi Safdarjung,2026-08-07 17:50:00,38.29,1006.36,49.0,normal,none
AWS-001,Delhi Safdarjung,2026-08-07 18:00:00,37.31,1006.07,51.9,normal,none
AWS-001,Delhi Safdarjung,2026-08-07 18:10:00,36.72,1005.95,51.9,normal,none
AWS-001,Delhi Safdarjung,2026-08-07 18:20:00,36.95,1006.02,54.1,normal,none
AWS-001,Delhi Safdarjung,2026-08-07 18:30:00,35.99,1005.98,53.2,normal,none
AWS-001,Delhi Safdarjung,2026-08-07 18:40:00,36.1,1005.95,51.6,normal,none
AWS-001,Delhi Safdarjung,2026-08-07 18:50:00,36.22,1005.93,54.7,normal,none
AWS-001,Delhi Safdarjung,2026-08-07 19:00:00,35.41,1005.71,55.7,normal,none
AWS-001,Delhi Safdarjung,2026-08-07 19:10:00,35.05,1005.86,54.8,normal,none
AWS-001,Delhi Safdarjung,2026-08-07 19:20:00,34.71,1005.86,55.3,normal,none
AWS-001,Delhi Safdarjung,2026-08-07 19:30:00,34.86,1006.0,55.7,normal,none
AWS-001,Delhi Safdarjung,2026-08-07 19:40:00,33.96,1005.56,56.6,normal,none
AWS-001,Delhi Safdarjung,2026-08-07 19:50:00,33.67,1005.3,57.6,normal,none
AWS-001,Delhi Safdarjung,2026-08-07 20:00:00,33.96,1004.98,58.8,normal,none
AWS-001,Delhi Safdarjung,2026-08-07 20:10:00,33.33,1005.41,58.1,normal,none
AWS-001,Delhi Safdarjung,2026-08-07 20:20:00,32.97,1005.25,58.9,normal,none
AWS-001,Delhi Safdarjung,2026-08-07 20:30:00,32.51,1005.74,59.5,normal,none
AWS-001,Delhi Safdarjung,2026-08-07 20:40:00,32.05,1005.35,61.3,normal,none
AWS-001,Delhi Safdarjung,2026-08-07 20:50:00,32.62,1004.84,62.8,normal,none
AWS-001,Delhi Safdarjung,2026-08-07 21:00:00,31.27,1005.43,63.0,normal,none
AWS-001,Delhi Safdarjung,2026-08-07 21:10:00,31.51,1005.02,61.9,normal,none
AWS-001,Delhi Safdarjung,2026-08-07 21:20:00,30.65,1005.78,62.9,normal,none
AWS-001,Delhi Safdarjung,2026-08-07 21:30:00,30.57,1005.41,62.0,normal,none
AWS-001,Delhi Safdarjung,2026-08-07 21:40:00,30.0,1005.38,63.4,normal,none
AWS-001,Delhi Safdarjung,2026-08-07 21:50:00,29.58,1005.12,64.2,normal,none
AWS-001,Delhi Safdarjung,2026-08-07 22:00:00,29.67,1005.07,63.9,normal,none
AWS-001,Delhi Safdarjung,2026-08-07 22:10:00,29.61,1005.87,66.9,normal,none
AWS-001,Delhi Safdarjung,2026-08-07 22:20:00,29.23,1005.2,66.3,normal,none
AWS-001,Delhi Safdarjung,2026-08-07 22:30:00,28.32,1005.17,66.2,normal,none
AWS-001,Delhi Safdarjung,2026-08-07 22:40:00,27.4,1005.71,65.8,normal,none
AWS-001,Delhi Safdarjung,2026-08-07 22:50:00,27.77,1005.01,66.6,normal,none
AWS-001,Delhi Safdarjung,2026-08-07 23:00:00,27.3,1005.43,65.6,normal,none
AWS-001,Delhi Safdarjung,2026-08-07 23:10:00,27.31,1005.4,67.2,normal,none
AWS-001,Delhi Safdarjung,2026-08-07 23:20:00,26.82,1005.63,68.8,normal,none
AWS-001,Delhi Safdarjung,2026-08-07 23:30:00,26.57,1005.49,72.4,normal,none
AWS-001,Delhi Safdarjung,2026-08-07 23:40:00,25.65,1005.45,70.8,normal,none
AWS-001,Delhi Safdarjung,2026-08-07 23:50:00,25.95,1005.32,70.5,normal,none
AWS-001,Delhi Safdarjung,2026-08-08 00:00:00,26.34,1005.7,72.7,normal,none
AWS-001,Delhi Safdarjung,2026-08-08 00:10:00,25.29,1005.62,71.1,normal,none
AWS-001,Delhi Safdarjung,2026-08-08 00:20:00,25.37,1005.87,69.7,normal,none
AWS-001,Delhi Safdarjung,2026-08-08 00:30:00,25.61,1005.92,74.1,normal,none
AWS-001,Delhi Safdarjung,2026-08-08 00:40:00,25.65,1006.12,72.5,normal,none
AWS-001,Delhi Safdarjung,2026-08-08 00:50:00,25.11,1005.5,70.3,normal,none
AWS-001,Delhi Safdarjung,2026-08-08 01:00:00,24.62,1005.85,74.6,normal,none
AWS-001,Delhi Safdarjung,2026-08-08 01:10:00,24.43,1005.7,73.7,normal,none
AWS-001,Delhi Safdarjung,2026-08-08 01:20:00,23.97,1005.66,74.0,normal,none
AWS-001,Delhi Safdarjung,2026-08-08 01:30:00,23.76,1005.86,74.6,normal,none
AWS-001,Delhi Safdarjung,2026-08-08 01:40:00,24.53,1005.42,73.6,normal,none
AWS-001,Delhi Safdarjung,2026-08-08 01:50:00,24.28,1005.64,74.3,normal,none
AWS-001,Delhi Safdarjung,2026-08-08 02:00:00,24.03,1005.57,77.4,normal,none
AWS-001,Delhi Safdarjung,2026-08-08 02:10:00,24.0,1006.15,74.7,normal,none
AWS-001,Delhi Safdarjung,2026-08-08 02:20:00,24.25,1005.76,74.3,normal,none
AWS-001,Delhi Safdarjung,2026-08-08 02:30:00,24.1,1006.41,74.9,normal,none
AWS-001,Delhi Safdarjung,2026-08-08 02:40:00,23.86,1006.57,74.5,normal,none
AWS-001,Delhi Safdarjung,2026-08-08 02:50:00,24.41,1006.07,74.8,normal,none
AWS-001,Delhi Safdarjung,2026-08-08 03:00:00,23.83,1005.83,74.6,normal,none
AWS-001,Delhi Safdarjung,2026-08-08 03:10:00,24.13,1006.18,74.2,normal,none
AWS-001,Delhi Safdarjung,2026-08-08 03:20:00,24.53,1006.27,74.9,normal,none
AWS-001,Delhi Safdarjung,2026-08-08 03:30:00,24.1,1006.5,73.9,normal,none
AWS-001,Delhi Safdarjung,2026-08-08 03:40:00,23.98,1006.09,74.7,normal,none
AWS-001,Delhi Safdarjung,2026-08-08 03:50:00,23.67,1006.34,73.5,normal,none
AWS-001,Delhi Safdarjung,2026-08-08 04:00:00,24.48,1006.95,75.0,normal,none
AWS-001,Delhi Safdarjung,2026-08-08 04:10:00,24.25,1006.77,74.0,normal,none
AWS-001,Delhi Safdarjung,2026-08-08 04:20:00,24.87,1006.73,72.7,normal,none
AWS-001,Delhi Safdarjung,2026-08-08 04:30:00,24.86,1006.94,73.2,normal,none
AWS-001,Delhi Safdarjung,2026-08-08 04:40:00,24.56,1006.82,72.6,normal,none
AWS-001,Delhi Safdarjung,2026-08-08 04:50:00,25.14,1006.68,72.9,normal,none
AWS-001,Delhi Safdarjung,2026-08-08 05:00:00,25.25,1006.69,73.0,normal,none
AWS-001,Delhi Safdarjung,2026-08-08 05:10:00,25.51,1006.85,73.0,normal,none
AWS-001,Delhi Safdarjung,2026-08-08 05:20:00,25.46,1006.54,72.5,normal,none
AWS-001,Delhi Safdarjung,2026-08-08 05:30:00,26.0,1006.82,69.5,normal,none
AWS-001,Delhi Safdarjung,2026-08-08 05:40:00,26.53,1007.09,70.3,normal,none
AWS-001,Delhi Safdarjung,2026-08-08 05:50:00,27.11,1007.15,70.5,normal,none
AWS-001,Delhi Safdarjung,2026-08-08 06:00:00,26.39,1007.26,70.5,normal,none
AWS-001,Delhi Safdarjung,2026-08-08 06:10:00,26.86,1007.29,68.2,normal,none
AWS-001,Delhi Safdarjung,2026-08-08 06:20:00,27.74,1007.01,68.0,normal,none
AWS-001,Delhi Safdarjung,2026-08-08 06:30:00,27.77,1007.13,66.9,normal,none
AWS-001,Delhi Safdarjung,2026-08-08 06:40:00,27.94,1006.95,67.9,normal,none
AWS-001,Delhi Safdarjung,2026-08-08 06:50:00,27.95,1007.34,66.7,normal,none
AWS-001,Delhi Safdarjung,2026-08-08 07:00:00,29.06,1007.51,66.1,normal,none
AWS-001,Delhi Safdarjung,2026-08-08 07:10:00,29.12,1007.32,66.4,normal,none
AWS-001,Delhi Safdarjung,2026-08-08 07:20:00,29.44,1007.34,65.8,normal,none
AWS-001,Delhi Safdarjung,2026-08-08 07:30:00,29.71,1007.15,65.8,normal,none
AWS-001,Delhi Safdarjung,2026-08-08 07:40:00,30.05,1006.9,66.1,normal,none
AWS-001,Delhi Safdarjung,2026-08-08 07:50:00,30.25,1007.68,61.5,normal,none
AWS-001,Delhi Safdarjung,2026-08-08 08:00:00,30.94,1007.49,63.7,normal,none
AWS-001,Delhi Safdarjung,2026-08-08 08:10:00,30.72,1006.64,64.5,normal,none
AWS-001,Delhi Safdarjung,2026-08-08 08:20:00,30.54,1007.13,60.0,normal,none
AWS-001,Delhi Safdarjung,2026-08-08 08:30:00,31.36,1007.29,60.2,normal,none
AWS-001,Delhi Safdarjung,2026-08-08 08:40:00,31.87,1007.04,60.5,normal,none
AWS-001,Delhi Safdarjung,2026-08-08 08:50:00,32.26,1007.32,60.2,normal,none
AWS-001,Delhi Safdarjung,2026-08-08 09:00:00,32.61,1007.06,58.5,normal,none
AWS-001,Delhi Safdarjung,2026-08-08 09:10:00,32.67,1007.22,56.6,normal,none
AWS-001,Delhi Safdarjung,2026-08-08 09:20:00,32.58,1006.89,59.2,normal,none
AWS-001,Delhi Safdarjung,2026-08-08 09:30:00,32.89,1007.22,58.6,normal,none
AWS-001,Delhi Safdarjung,2026-08-08 09:40:00,33.33,1006.91,54.5,normal,none
AWS-001,Delhi Safdarjung,2026-08-08 09:50:00,33.66,1006.96,56.4,normal,none
AWS-001,Delhi Safdarjung,2026-08-08 10:00:00,34.45,1006.89,55.7,normal,none
AWS-001,Delhi Safdarjung,2026-08-08 10:10:00,34.39,1006.78,55.5,normal,none
AWS-001,Delhi Safdarjung,2026-08-08 10:20:00,34.43,1006.96,57.8,normal,none
AWS-001,Delhi Safdarjung,2026-08-08 10:30:00,34.64,1006.98,54.0,normal,none
AWS-001,Delhi Safdarjung,2026-08-08 10:40:00,35.47,1007.5,55.4,normal,none
AWS-001,Delhi Safdarjung,2026-08-08 10:50:00,35.37,1006.98,52.9,normal,none
AWS-001,Delhi Safdarjung,2026-08-08 11:00:00,36.27,1006.73,50.4,normal,none
AWS-001,Delhi Safdarjung,2026-08-08 11:10:00,36.1,1006.79,54.3,normal,none
AWS-001,Delhi Safdarjung,2026-08-08 11:20:00,36.44,1006.5,50.5,normal,none
AWS-001,Delhi Safdarjung,2026-08-08 11:30:00,36.59,1006.71,53.8,normal,none
AWS-001,Delhi Safdarjung,2026-08-08 11:40:00,37.1,1006.01,50.0,normal,none
AWS-001,Delhi Safdarjung,2026-08-08 11:50:00,36.87,1005.93,51.6,normal,none
AWS-001,Delhi Safdarjung,2026-08-08 12:00:00,37.35,1006.01,49.4,normal,none
AWS-001,Delhi Safdarjung,2026-08-08 12:10:00,38.14,1006.36,51.1,normal,none
AWS-001,Delhi Safdarjung,2026-08-08 12:20:00,37.5,1005.89,48.2,normal,none
AWS-001,Delhi Safdarjung,2026-08-08 12:30:00,37.58,1006.26,48.3,normal,none
AWS-001,Delhi Safdarjung,2026-08-08 12:40:00,37.71,1005.86,49.6,normal,none
AWS-001,Delhi Safdarjung,2026-08-08 12:50:00,37.31,1005.52,45.3,normal,none
AWS-001,Delhi Safdarjung,2026-08-08 13:00:00,37.83,1005.29,48.4,normal,none
AWS-001,Delhi Safdarjung,2026-08-08 13:10:00,38.14,1005.42,48.0,normal,none
AWS-001,Delhi Safdarjung,2026-08-08 13:20:00,38.57,1005.05,48.6,normal,none
AWS-001,Delhi Safdarjung,2026-08-08 13:30:00,38.42,1004.87,47.4,normal,none
AWS-001,Delhi Safdarjung,2026-08-08 13:40:00,38.13,1005.52,47.0,normal,none
AWS-001,Delhi Safdarjung,2026-08-08 13:50:00,38.29,1005.06,48.7,normal,none
AWS-001,Delhi Safdarjung,2026-08-08 14:00:00,38.47,1005.08,46.9,normal,none
AWS-001,Delhi Safdarjung,2026-08-08 14:10:00,38.8,1005.17,47.1,normal,none
AWS-001,Delhi Safdarjung,2026-08-08 14:20:00,38.88,1005.02,46.6,normal,none
AWS-001,Delhi Safdarjung,2026-08-08 14:30:00,38.92,1005.34,46.7,normal,none
AWS-001,Delhi Safdarjung,2026-08-08 14:40:00,39.01,1004.69,46.7,normal,none
AWS-001,Delhi Safdarjung,2026-08-08 14:50:00,39.2,1004.47,47.2,normal,none
AWS-001,Delhi Safdarjung,2026-08-08 15:00:00,38.51,1004.34,46.3,normal,none
AWS-001,Delhi Safdarjung,2026-08-08 15:10:00,39.01,1004.13,47.7,normal,none
AWS-001,Delhi Safdarjung,2026-08-08 15:20:00,38.01,1004.58,48.6,normal,none
AWS-001,Delhi Safdarjung,2026-08-08 15:30:00,39.07,1004.21,48.0,normal,none
AWS-001,Delhi Safdarjung,2026-08-08 15:40:00,37.72,1003.61,49.2,normal,none
AWS-001,Delhi Safdarjung,2026-08-08 15:50:00,39.42,1004.39,48.5,normal,none
AWS-001,Delhi Safdarjung,2026-08-08 16:00:00,38.44,1003.96,49.1,normal,none
AWS-001,Delhi Safdarjung,2026-08-08 16:10:00,37.87,1003.7,49.8,normal,none
AWS-001,Delhi Safdarjung,2026-08-08 16:20:00,37.77,1003.39,50.0,normal,none
AWS-001,Delhi Safdarjung,2026-08-08 16:30:00,37.75,1003.55,48.3,normal,none
AWS-001,Delhi Safdarjung,2026-08-08 16:40:00,37.49,1003.71,51.4,normal,none
AWS-001,Delhi Safdarjung,2026-08-08 16:50:00,37.83,1003.92,50.6,normal,none
AWS-001,Delhi Safdarjung,2026-08-08 17:00:00,37.44,1003.37,51.8,normal,none
AWS-001,Delhi Safdarjung,2026-08-08 17:10:00,36.52,1002.83,52.2,normal,none
AWS-001,Delhi Safdarjung,2026-08-08 17:20:00,36.6,1003.2,51.6,normal,none
AWS-001,Delhi Safdarjung,2026-08-08 17:30:00,36.4,1002.88,51.7,normal,none
AWS-001,Delhi Safdarjung,2026-08-08 17:40:00,35.63,1002.92,54.8,normal,none
AWS-001,Delhi Safdarjung,2026-08-08 17:50:00,35.72,1002.8,52.3,normal,none
AWS-001,Delhi Safdarjung,2026-08-08 18:00:00,35.26,1002.83,54.4,normal,none
AWS-001,Delhi Safdarjung,2026-08-08 18:10:00,35.12,1002.47,54.6,normal,none
AWS-001,Delhi Safdarjung,2026-08-08 18:20:00,34.48,1003.05,55.3,normal,none
AWS-001,Delhi Safdarjung,2026-08-08 18:30:00,34.93,1002.45,53.5,normal,none
AWS-001,Delhi Safdarjung,2026-08-08 18:40:00,34.58,1002.31,55.9,normal,none
AWS-001,Delhi Safdarjung,2026-08-08 18:50:00,33.46,1002.72,58.7,normal,none
AWS-001,Delhi Safdarjung,2026-08-08 19:00:00,32.52,1001.72,58.0,normal,none
AWS-001,Delhi Safdarjung,2026-08-08 19:10:00,33.04,1002.17,57.5,normal,none
AWS-001,Delhi Safdarjung,2026-08-08 19:20:00,33.03,1002.28,58.3,normal,none
AWS-001,Delhi Safdarjung,2026-08-08 19:30:00,32.06,1002.15,59.5,normal,none
AWS-001,Delhi Safdarjung,2026-08-08 19:40:00,32.69,1002.35,59.2,normal,none
AWS-001,Delhi Safdarjung,2026-08-08 19:50:00,31.38,1001.99,62.7,normal,none
AWS-001,Delhi Safdarjung,2026-08-08 20:00:00,31.76,1001.74,61.6,normal,none
AWS-001,Delhi Safdarjung,2026-08-08 20:10:00,30.57,1001.97,61.4,normal,none
AWS-001,Delhi Safdarjung,2026-08-08 20:20:00,30.33,1002.01,60.8,normal,none
AWS-001,Delhi Safdarjung,2026-08-08 20:30:00,30.68,1001.44,63.3,normal,none
AWS-001,Delhi Safdarjung,2026-08-08 20:40:00,30.02,1001.85,64.6,normal,none
AWS-001,Delhi Safdarjung,2026-08-08 20:50:00,29.44,1001.64,65.0,normal,none
AWS-001,Delhi Safdarjung,2026-08-08 21:00:00,28.77,1002.19,66.1,normal,none
AWS-001,Delhi Safdarjung,2026-08-08 21:10:00,28.91,1001.73,66.2,normal,none
AWS-001,Delhi Safdarjung,2026-08-08 21:20:00,28.56,1001.39,67.8,normal,none
AWS-001,Delhi Safdarjung,2026-08-08 21:30:00,28.37,1001.67,67.8,normal,none
AWS-001,Delhi Safdarjung,2026-08-08 21:40:00,27.2,1001.5,69.6,normal,none
AWS-001,Delhi Safdarjung,2026-08-08 21:50:00,27.95,1001.82,69.1,normal,none
AWS-001,Delhi Safdarjung,2026-08-08 22:00:00,27.43,1001.85,68.4,normal,none
AWS-001,Delhi Safdarjung,2026-08-08 22:10:00,27.14,1002.01,69.7,normal,none
AWS-001,Delhi Safdarjung,2026-08-08 22:20:00,26.11,1001.85,70.9,normal,none
AWS-001,Delhi Safdarjung,2026-08-08 22:30:00,26.21,1001.77,72.9,normal,none
AWS-001,Delhi Safdarjung,2026-08-08 22:40:00,24.92,1001.55,70.3,normal,none
AWS-001,Delhi Safdarjung,2026-08-08 22:50:00,25.64,1002.15,72.5,normal,none
AWS-001,Delhi Safdarjung,2026-08-08 23:00:00,24.94,1002.15,74.6,normal,none
AWS-001,Delhi Safdarjung,2026-08-08 23:10:00,24.7,1001.95,74.2,normal,none
AWS-001,Delhi Safdarjung,2026-08-08 23:20:00,25.22,1001.85,74.2,normal,none
AWS-001,Delhi Safdarjung,2026-08-08 23:30:00,24.87,1001.85,72.5,normal,none
AWS-001,Delhi Safdarjung,2026-08-08 23:40:00,23.98,1001.75,72.4,normal,none
AWS-001,Delhi Safdarjung,2026-08-08 23:50:00,24.21,1001.88,72.6,normal,none
AWS-001,Delhi Safdarjung,2026-08-09 00:00:00,24.03,1001.6,74.9,normal,none
AWS-001,Delhi Safdarjung,2026-08-09 00:10:00,23.6,1002.15,75.8,normal,none
AWS-001,Delhi Safdarjung,2026-08-09 00:20:00,23.46,1002.25,74.1,normal,none
AWS-001,Delhi Safdarjung,2026-08-09 00:30:00,22.75,1002.58,76.1,normal,none
AWS-001,Delhi Safdarjung,2026-08-09 00:40:00,22.58,1001.82,76.9,normal,none
AWS-001,Delhi Safdarjung,2026-08-09 00:50:00,22.3,1002.46,77.3,normal,none
AWS-001,Delhi Safdarjung,2026-08-09 01:00:00,22.36,1001.9,76.4,normal,none
AWS-001,Delhi Safdarjung,2026-08-09 01:10:00,22.46,1002.6,77.7,normal,none
AWS-001,Delhi Safdarjung,2026-08-09 01:20:00,21.28,1002.63,77.8,normal,none
AWS-001,Delhi Safdarjung,2026-08-09 01:30:00,21.77,1002.67,78.0,normal,none
AWS-001,Delhi Safdarjung,2026-08-09 01:40:00,21.66,1002.36,76.4,normal,none
AWS-001,Delhi Safdarjung,2026-08-09 01:50:00,21.61,1002.59,77.0,normal,none
AWS-001,Delhi Safdarjung,2026-08-09 02:00:00,21.88,1002.35,77.4,normal,none
AWS-001,Delhi Safdarjung,2026-08-09 02:10:00,21.82,1002.61,78.4,normal,none
AWS-001,Delhi Safdarjung,2026-08-09 02:20:00,21.76,1002.45,79.5,normal,none
AWS-001,Delhi Safdarjung,2026-08-09 02:30:00,21.7,1002.92,75.9,normal,none
AWS-001,Delhi Safdarjung,2026-08-09 02:40:00,21.83,1003.0,77.8,normal,none
AWS-001,Delhi Safdarjung,2026-08-09 02:50:00,22.13,1002.72,78.0,normal,none
AWS-001,Delhi Safdarjung,2026-08-09 03:00:00,22.38,1002.59,80.0,normal,none
AWS-001,Delhi Safdarjung,2026-08-09 03:10:00,22.3,1002.54,78.3,normal,none
AWS-001,Delhi Safdarjung,2026-08-09 03:20:00,21.78,1002.79,79.4,normal,none
AWS-001,Delhi Safdarjung,2026-08-09 03:30:00,22.03,1002.84,75.2,normal,none
AWS-001,Delhi Safdarjung,2026-08-09 03:40:00,21.75,1003.26,76.0,normal,none
AWS-001,Delhi Safdarjung,2026-08-09 03:50:00,21.92,1002.84,78.2,normal,none
AWS-001,Delhi Safdarjung,2026-08-09 04:00:00,21.58,1002.78,79.0,normal,none
AWS-001,Delhi Safdarjung,2026-08-09 04:10:00,21.82,1003.02,76.6,normal,none
AWS-001,Delhi Safdarjung,2026-08-09 04:20:00,22.01,1004.02,77.9,normal,none
AWS-001,Delhi Safdarjung,2026-08-09 04:30:00,22.24,1003.42,77.1,normal,none
AWS-001,Delhi Safdarjung,2026-08-09 04:40:00,22.49,1003.41,77.5,normal,none
AWS-001,Delhi Safdarjung,2026-08-09 04:50:00,22.99,1003.43,76.1,normal,none
AWS-001,Delhi Safdarjung,2026-08-09 05:00:00,22.97,1003.71,77.6,normal,none
AWS-001,Delhi Safdarjung,2026-08-09 05:10:00,23.55,1003.45,74.1,normal,none
AWS-001,Delhi Safdarjung,2026-08-09 05:20:00,23.63,1003.28,74.4,normal,none
AWS-001,Delhi Safdarjung,2026-08-09 05:30:00,23.61,1004.0,74.8,normal,none
AWS-001,Delhi Safdarjung,2026-08-09 05:40:00,23.7,1003.79,73.2,normal,none
AWS-001,Delhi Safdarjung,2026-08-09 05:50:00,24.23,1003.16,74.8,normal,none
AWS-001,Delhi Safdarjung,2026-08-09 06:00:00,24.89,1003.72,72.1,normal,none
AWS-001,Delhi Safdarjung,2026-08-09 06:10:00,24.87,1003.97,74.7,normal,none
AWS-001,Delhi Safdarjung,2026-08-09 06:20:00,25.25,1003.99,72.0,normal,none
AWS-001,Delhi Safdarjung,2026-08-09 06:30:00,25.05,1003.76,72.6,normal,none
AWS-001,Delhi Safdarjung,2026-08-09 06:40:00,24.74,1004.08,70.3,normal,none
AWS-001,Delhi Safdarjung,2026-08-09 06:50:00,25.72,1003.94,69.4,normal,none
AWS-001,Delhi Safdarjung,2026-08-09 07:00:00,26.96,1003.98,70.1,normal,none
AWS-001,Delhi Safdarjung,2026-08-09 07:10:00,26.53,1003.3,70.1,normal,none
AWS-001,Delhi Safdarjung,2026-08-09 07:20:00,26.96,1003.98,68.8,normal,none
AWS-001,Delhi Safdarjung,2026-08-09 07:30:00,26.53,1004.08,67.6,normal,none
AWS-001,Delhi Safdarjung,2026-08-09 07:40:00,28.05,1004.14,68.7,normal,none
AWS-001,Delhi Safdarjung,2026-08-09 07:50:00,27.98,1004.29,67.0,normal,none
AWS-001,Delhi Safdarjung,2026-08-09 08:00:00,28.58,1003.81,66.5,normal,none
AWS-001,Delhi Safdarjung,2026-08-09 08:10:00,28.12,1003.76,66.5,normal,none
AWS-001,Delhi Safdarjung,2026-08-09 08:20:00,29.15,1004.08,66.7,normal,none
AWS-001,Delhi Safdarjung,2026-08-09 08:30:00,30.66,1003.97,64.2,normal,none
AWS-001,Delhi Safdarjung,2026-08-09 08:40:00,29.92,1003.9,62.7,normal,none
AWS-001,Delhi Safdarjung,2026-08-09 08:50:00,30.51,1004.22,64.9,normal,none
AWS-001,Delhi Safdarjung,2026-08-09 09:00:00,30.0,1004.23,61.5,normal,none
AWS-001,Delhi Safdarjung,2026-08-09 09:10:00,30.58,1004.27,61.4,normal,none
AWS-001,Delhi Safdarjung,2026-08-09 09:20:00,30.43,1004.0,62.3,normal,none
AWS-001,Delhi Safdarjung,2026-08-09 09:30:00,31.55,1004.07,61.1,normal,none
AWS-001,Delhi Safdarjung,2026-08-09 09:40:00,31.58,1003.92,60.8,normal,none
AWS-001,Delhi Safdarjung,2026-08-09 09:50:00,31.59,1004.27,59.5,normal,none
AWS-001,Delhi Safdarjung,2026-08-09 10:00:00,32.79,1003.91,59.5,normal,none
AWS-001,Delhi Safdarjung,2026-08-09 10:10:00,31.84,1003.85,60.2,normal,none
AWS-001,Delhi Safdarjung,2026-08-09 10:20:00,32.6,1004.0,57.4,normal,none
AWS-001,Delhi Safdarjung,2026-08-09 10:30:00,33.3,1003.44,59.2,normal,none
AWS-001,Delhi Safdarjung,2026-08-09 10:40:00,33.34,1004.23,57.2,normal,none
AWS-001,Delhi Safdarjung,2026-08-09 10:50:00,33.74,1003.6,56.4,normal,none
AWS-001,Delhi Safdarjung,2026-08-09 11:00:00,34.18,1003.67,55.9,normal,none
AWS-001,Delhi Safdarjung,2026-08-09 11:10:00,35.01,1004.14,54.6,normal,none
AWS-001,Delhi Safdarjung,2026-08-09 11:20:00,34.09,1003.12,55.7,normal,none
AWS-001,Delhi Safdarjung,2026-08-09 11:30:00,35.06,1003.28,55.4,normal,none
AWS-001,Delhi Safdarjung,2026-08-09 11:40:00,34.71,1003.42,53.0,normal,none
AWS-001,Delhi Safdarjung,2026-08-09 11:50:00,35.45,1003.57,54.1,normal,none
AWS-001,Delhi Safdarjung,2026-08-09 12:00:00,34.87,1003.37,52.7,normal,none
AWS-001,Delhi Safdarjung,2026-08-09 12:10:00,36.25,1003.22,54.1,normal,none
AWS-001,Delhi Safdarjung,2026-08-09 12:20:00,35.73,1002.83,51.6,normal,none
AWS-001,Delhi Safdarjung,2026-08-09 12:30:00,36.15,1002.98,51.6,normal,none
AWS-001,Delhi Safdarjung,2026-08-09 12:40:00,36.51,1002.97,52.1,normal,none
AWS-001,Delhi Safdarjung,2026-08-09 12:50:00,36.36,1003.09,51.1,normal,none
AWS-001,Delhi Safdarjung,2026-08-09 13:00:00,36.02,1002.44,49.5,normal,none
AWS-001,Delhi Safdarjung,2026-08-09 13:10:00,36.86,1002.71,53.1,normal,none
AWS-001,Delhi Safdarjung,2026-08-09 13:20:00,36.76,1002.64,49.7,normal,none
AWS-001,Delhi Safdarjung,2026-08-09 13:30:00,37.35,1002.68,51.2,normal,none
AWS-001,Delhi Safdarjung,2026-08-09 13:40:00,36.2,1002.51,51.5,normal,none
AWS-001,Delhi Safdarjung,2026-08-09 13:50:00,37.28,1002.3,50.2,normal,none
AWS-001,Delhi Safdarjung,2026-08-09 14:00:00,37.45,1002.67,50.5,normal,none
AWS-001,Delhi Safdarjung,2026-08-09 14:10:00,36.87,1001.87,51.1,normal,none
AWS-001,Delhi Safdarjung,2026-08-09 14:20:00,37.01,1002.19,52.5,normal,none
AWS-001,Delhi Safdarjung,2026-08-09 14:30:00,36.52,1002.1,50.2,normal,none
AWS-001,Delhi Safdarjung,2026-08-09 14:40:00,36.77,1002.46,51.6,normal,none
AWS-001,Delhi Safdarjung,2026-08-09 14:50:00,36.48,1001.85,52.6,normal,none
AWS-001,Delhi Safdarjung,2026-08-09 15:00:00,37.26,1001.89,50.6,normal,none
AWS-001,Delhi Safdarjung,2026-08-09 15:10:00,37.52,1001.53,51.6,normal,none
AWS-001,Delhi Safdarjung,2026-08-09 15:20:00,36.87,1001.73,49.1,normal,none
AWS-001,Delhi Safdarjung,2026-08-09 15:30:00,36.93,1001.68,52.7,normal,none
AWS-001,Delhi Safdarjung,2026-08-09 15:40:00,36.6,1001.61,52.0,normal,none
AWS-001,Delhi Safdarjung,2026-08-09 15:50:00,37.08,1001.88,53.5,normal,none
AWS-001,Delhi Safdarjung,2026-08-09 16:00:00,36.46,1000.77,52.5,normal,none
AWS-001,Delhi Safdarjung,2026-08-09 16:10:00,36.75,1001.08,53.1,normal,none
AWS-001,Delhi Safdarjung,2026-08-09 16:20:00,36.02,1001.1,53.3,normal,none
AWS-001,Delhi Safdarjung,2026-08-09 16:30:00,36.13,1001.1,53.6,normal,none
AWS-001,Delhi Safdarjung,2026-08-09 16:40:00,35.44,1000.7,52.8,normal,none
AWS-001,Delhi Safdarjung,2026-08-09 16:50:00,35.72,1000.73,54.0,normal,none
AWS-001,Delhi Safdarjung,2026-08-09 17:00:00,35.13,1001.03,53.4,normal,none
AWS-001,Delhi Safdarjung,2026-08-09 17:10:00,35.91,1000.59,52.9,normal,none
AWS-001,Delhi Safdarjung,2026-08-09 17:20:00,35.4,1000.57,54.3,normal,none
AWS-001,Delhi Safdarjung,2026-08-09 17:30:00,35.26,1000.82,55.0,normal,none
AWS-001,Delhi Safdarjung,2026-08-09 17:40:00,34.36,1000.68,55.6,normal,none
AWS-001,Delhi Safdarjung,2026-08-09 17:50:00,33.86,1000.11,57.8,normal,none
AWS-001,Delhi Safdarjung,2026-08-09 18:00:00,34.18,1000.34,57.0,normal,none
AWS-001,Delhi Safdarjung,2026-08-09 18:10:00,33.63,1000.31,56.9,normal,none
AWS-001,Delhi Safdarjung,2026-08-09 18:20:00,33.03,1000.42,55.3,normal,none
AWS-001,Delhi Safdarjung,2026-08-09 18:30:00,32.41,1000.33,56.8,normal,none
AWS-001,Delhi Safdarjung,2026-08-09 18:40:00,32.5,1000.07,58.8,normal,none
AWS-001,Delhi Safdarjung,2026-08-09 18:50:00,32.46,999.63,58.7,normal,none
AWS-001,Delhi Safdarjung,2026-08-09 19:00:00,32.53,1000.17,59.6,normal,none
AWS-001,Delhi Safdarjung,2026-08-09 19:10:00,32.08,1000.02,59.8,normal,none
AWS-001,Delhi Safdarjung,2026-08-09 19:20:00,30.78,1000.22,60.4,normal,none
AWS-001,Delhi Safdarjung,2026-08-09 19:30:00,31.25,999.78,61.9,normal,none
AWS-001,Delhi Safdarjung,2026-08-09 19:40:00,30.94,999.71,64.7,normal,none
AWS-001,Delhi Safdarjung,2026-08-09 19:50:00,31.27,999.67,63.3,normal,none
AWS-001,Delhi Safdarjung,2026-08-09 20:00:00,29.93,1000.1,66.2,normal,none
AWS-001,Delhi Safdarjung,2026-08-09 20:10:00,30.29,999.63,62.1,normal,none
AWS-001,Delhi Safdarjung,2026-08-09 20:20:00,29.27,999.73,64.1,normal,none
AWS-001,Delhi Safdarjung,2026-08-09 20:30:00,28.6,1000.28,65.1,normal,none
AWS-001,Delhi Safdarjung,2026-08-09 20:40:00,28.8,999.64,65.4,normal,none
AWS-001,Delhi Safdarjung,2026-08-09 20:50:00,28.31,999.55,66.2,normal,none
AWS-001,Delhi Safdarjung,2026-08-09 21:00:00,28.23,999.65,66.9,normal,none
AWS-001,Delhi Safdarjung,2026-08-09 21:10:00,27.65,1000.01,69.1,normal,none
AWS-001,Delhi Safdarjung,2026-08-09 21:20:00,26.76,999.81,69.1,normal,none
AWS-001,Delhi Safdarjung,2026-08-09 21:30:00,26.75,999.58,68.8,normal,none
AWS-001,Delhi Safdarjung,2026-08-09 21:40:00,27.07,999.78,69.8,normal,none
AWS-001,Delhi Safdarjung,2026-08-09 21:50:00,26.27,999.67,70.7,normal,none
AWS-001,Delhi Safdarjung,2026-08-09 22:00:00,25.84,999.48,69.8,normal,none
AWS-001,Delhi Safdarjung,2026-08-09 22:10:00,25.78,999.76,72.6,normal,none
AWS-001,Delhi Safdarjung,2026-08-09 22:20:00,25.21,999.54,71.7,normal,none
AWS-001,Delhi Safdarjung,2026-08-09 22:30:00,25.01,999.88,73.4,normal,none
AWS-001,Delhi Safdarjung,2026-08-09 22:40:00,25.2,999.98,74.1,normal,none
AWS-001,Delhi Safdarjung,2026-08-09 22:50:00,24.26,999.6,73.6,normal,none
AWS-001,Delhi Safdarjung,2026-08-09 23:00:00,23.35,999.95,72.7,normal,none
AWS-001,Delhi Safdarjung,2026-08-09 23:10:00,23.18,1000.04,74.3,normal,none
AWS-001,Delhi Safdarjung,2026-08-09 23:20:00,24.19,1000.3,74.3,normal,none
AWS-001,Delhi Safdarjung,2026-08-09 23:30:00,23.56,1000.63,72.4,normal,none
AWS-001,Delhi Safdarjung,2026-08-09 23:40:00,22.77,1000.13,74.1,normal,none
AWS-001,Delhi Safdarjung,2026-08-09 23:50:00,22.35,1000.17,75.8,normal,none
AWS-001,Delhi Safdarjung,2026-08-10 00:00:00,22.29,1000.65,75.9,normal,none
AWS-001,Delhi Safdarjung,2026-08-10 00:10:00,22.48,1000.51,76.4,normal,none
AWS-001,Delhi Safdarjung,2026-08-10 00:20:00,22.97,1000.44,76.9,normal,none
AWS-001,Delhi Safdarjung,2026-08-10 00:30:00,22.18,1000.37,76.5,normal,none
AWS-001,Delhi Safdarjung,2026-08-10 00:40:00,21.94,1000.56,79.2,normal,none
AWS-001,Delhi Safdarjung,2026-08-10 00:50:00,22.09,1000.18,79.5,normal,none
AWS-001,Delhi Safdarjung,2026-08-10 01:00:00,21.37,1000.81,78.5,normal,none
AWS-001,Delhi Safdarjung,2026-08-10 01:10:00,21.35,1001.4,78.6,normal,none
AWS-001,Delhi Safdarjung,2026-08-10 01:20:00,21.15,1000.85,78.0,normal,none
AWS-001,Delhi Safdarjung,2026-08-10 01:30:00,21.55,1000.59,79.5,normal,none
AWS-001,Delhi Safdarjung,2026-08-10 01:40:00,21.37,1000.95,78.2,normal,none
AWS-001,Delhi Safdarjung,2026-08-10 01:50:00,20.83,1000.76,78.0,normal,none
AWS-001,Delhi Safdarjung,2026-08-10 02:00:00,21.75,1000.74,77.5,normal,none
AWS-001,Delhi Safdarjung,2026-08-10 02:10:00,21.63,1001.32,76.7,normal,none
AWS-001,Delhi Safdarjung,2026-08-10 02:20:00,21.39,1001.34,79.7,normal,none
AWS-001,Delhi Safdarjung,2026-08-10 02:30:00,21.0,1000.9,78.9,normal,none
AWS-001,Delhi Safdarjung,2026-08-10 02:40:00,21.11,1001.25,77.4,normal,none
AWS-001,Delhi Safdarjung,2026-08-10 02:50:00,20.83,1001.32,80.2,normal,none
AWS-001,Delhi Safdarjung,2026-08-10 03:00:00,21.58,1001.48,78.7,normal,none
AWS-001,Delhi Safdarjung,2026-08-10 03:10:00,21.38,1001.3,80.1,normal,none
AWS-001,Delhi Safdarjung,2026-08-10 03:20:00,21.2,1002.24,79.4,normal,none
AWS-001,Delhi Safdarjung,2026-08-10 03:30:00,21.5,1001.85,79.2,normal,none
AWS-001,Delhi Safdarjung,2026-08-10 03:40:00,21.76,1001.52,76.0,normal,none
AWS-001,Delhi Safdarjung,2026-08-10 03:50:00,21.69,1002.21,77.6,normal,none
AWS-001,Delhi Safdarjung,2026-08-10 04:00:00,21.4,1002.03,78.5,normal,none
AWS-001,Delhi Safdarjung,2026-08-10 04:10:00,22.29,1002.04,80.3,normal,none
AWS-001,Delhi Safdarjung,2026-08-10 04:20:00,22.69,1002.02,76.2,normal,none
AWS-001,Delhi Safdarjung,2026-08-10 04:30:00,22.28,1002.08,78.3,normal,none
AWS-001,Delhi Safdarjung,2026-08-10 04:40:00,22.12,1002.42,75.3,normal,none
AWS-001,Delhi Safdarjung,2026-08-10 04:50:00,23.45,1002.47,75.6,normal,none
AWS-001,Delhi Safdarjung,2026-08-10 05:00:00,22.93,1002.47,77.5,normal,none
AWS-001,Delhi Safdarjung,2026-08-10 05:10:00,23.18,1002.34,74.3,normal,none
AWS-001,Delhi Safdarjung,2026-08-10 05:20:00,23.94,1002.53,75.9,normal,none
AWS-001,Delhi Safdarjung,2026-08-10 05:30:00,23.73,1002.83,75.1,normal,none
AWS-001,Delhi Safdarjung,2026-08-10 05:40:00,24.05,1002.25,76.6,normal,none
AWS-001,Delhi Safdarjung,2026-08-10 05:50:00,24.75,1002.71,75.5,normal,none
AWS-001,Delhi Safdarjung,2026-08-10 06:00:00,24.57,1003.1,74.5,normal,none
AWS-001,Delhi Safdarjung,2026-08-10 06:10:00,25.06,1002.86,73.6,normal,none
AWS-001,Delhi Safdarjung,2026-08-10 06:20:00,25.27,1002.9,72.7,normal,none
AWS-001,Delhi Safdarjung,2026-08-10 06:30:00,25.78,1002.83,71.1,normal,none
AWS-001,Delhi Safdarjung,2026-08-10 06:40:00,25.89,1003.22,71.5,normal,none
AWS-001,Delhi Safdarjung,2026-08-10 06:50:00,26.7,1003.19,70.9,normal,none
AWS-001,Delhi Safdarjung,2026-08-10 07:00:00,25.74,1003.02,69.8,normal,none
AWS-001,Delhi Safdarjung,2026-08-10 07:10:00,26.47,1003.61,67.4,normal,none
AWS-001,Delhi Safdarjung,2026-08-10 07:20:00,27.12,1003.38,66.1,normal,none
AWS-001,Delhi Safdarjung,2026-08-10 07:30:00,27.36,1003.25,67.4,normal,none
AWS-001,Delhi Safdarjung,2026-08-10 07:40:00,27.15,1003.4,67.1,normal,none
AWS-001,Delhi Safdarjung,2026-08-10 07:50:00,27.93,1003.38,68.9,normal,none
AWS-001,Delhi Safdarjung,2026-08-10 08:00:00,28.12,1002.98,65.2,normal,none
AWS-001,Delhi Safdarjung,2026-08-10 08:10:00,28.5,1003.48,66.9,normal,none
AWS-001,Delhi Safdarjung,2026-08-10 08:20:00,29.51,1003.49,64.9,normal,none
AWS-001,Delhi Safdarjung,2026-08-10 08:30:00,29.64,1003.42,64.1,normal,none
AWS-001,Delhi Safdarjung,2026-08-10 08:40:00,29.79,1003.53,63.5,normal,none
AWS-001,Delhi Safdarjung,2026-08-10 08:50:00,30.15,1003.3,62.6,normal,none
AWS-001,Delhi Safdarjung,2026-08-10 09:00:00,30.42,1003.57,60.2,normal,none
AWS-001,Delhi Safdarjung,2026-08-10 09:10:00,31.04,1003.77,62.3,normal,none
AWS-001,Delhi Safdarjung,2026-08-10 09:20:00,31.01,1003.39,62.5,normal,none
AWS-001,Delhi Safdarjung,2026-08-10 09:30:00,31.11,1003.92,60.3,normal,none
AWS-001,Delhi Safdarjung,2026-08-10 09:40:00,32.27,1003.67,62.5,normal,none
AWS-001,Delhi Safdarjung,2026-08-10 09:50:00,32.24,1003.98,59.6,normal,none
AWS-001,Delhi Safdarjung,2026-08-10 10:00:00,33.05,1004.0,55.6,normal,none
AWS-001,Delhi Safdarjung,2026-08-10 10:10:00,33.13,1003.52,58.5,normal,none
AWS-001,Delhi Safdarjung,2026-08-10 10:20:00,33.13,1003.26,57.7,normal,none
AWS-001,Delhi Safdarjung,2026-08-10 10:30:00,33.88,1003.16,57.7,normal,none
AWS-001,Delhi Safdarjung,2026-08-10 10:40:00,33.98,1003.28,54.7,normal,none
AWS-001,Delhi Safdarjung,2026-08-10 10:50:00,34.26,1003.83,56.2,normal,none
AWS-001,Delhi Safdarjung,2026-08-10 11:00:00,34.04,1003.56,54.7,normal,none
AWS-001,Delhi Safdarjung,2026-08-10 11:10:00,34.76,1003.7,52.5,normal,none
AWS-001,Delhi Safdarjung,2026-08-10 11:20:00,35.31,1003.33,54.1,normal,none
AWS-001,Delhi Safdarjung,2026-08-10 11:30:00,35.26,1003.39,53.5,normal,none
AWS-001,Delhi Safdarjung,2026-08-10 11:40:00,35.45,1003.54,52.0,normal,none
AWS-001,Delhi Safdarjung,2026-08-10 11:50:00,35.75,1003.36,53.0,normal,none
AWS-001,Delhi Safdarjung,2026-08-10 12:00:00,36.8,1003.23,52.6,normal,none
AWS-001,Delhi Safdarjung,2026-08-10 12:10:00,36.29,1003.33,54.1,normal,none
AWS-001,Delhi Safdarjung,2026-08-10 12:20:00,37.43,1002.98,52.1,normal,none
AWS-001,Delhi Safdarjung,2026-08-10 12:30:00,36.46,1003.12,51.9,normal,none
AWS-001,Delhi Safdarjung,2026-08-10 12:40:00,37.0,1003.12,50.7,normal,none
AWS-001,Delhi Safdarjung,2026-08-10 12:50:00,37.34,1002.52,50.1,normal,none
AWS-001,Delhi Safdarjung,2026-08-10 13:00:00,37.43,1003.37,48.7,normal,none
AWS-001,Delhi Safdarjung,2026-08-10 13:10:00,37.66,1002.92,49.0,normal,none
AWS-001,Delhi Safdarjung,2026-08-10 13:20:00,37.57,1003.32,48.7,normal,none
AWS-001,Delhi Safdarjung,2026-08-10 13:30:00,37.5,1002.34,52.9,normal,none
AWS-001,Delhi Safdarjung,2026-08-10 13:40:00,37.32,1002.26,49.5,normal,none
AWS-001,Delhi Safdarjung,2026-08-10 13:50:00,38.21,1002.83,49.6,normal,none
AWS-001,Delhi Safdarjung,2026-08-10 14:00:00,38.44,1002.43,48.8,normal,none
AWS-001,Delhi Safdarjung,2026-08-10 14:10:00,38.33,1003.07,49.1,normal,none
AWS-001,Delhi Safdarjung,2026-08-10 14:20:00,38.78,1003.03,49.7,normal,none
AWS-001,Delhi Safdarjung,2026-08-10 14:30:00,38.41,1002.28,46.8,normal,none
AWS-001,Delhi Safdarjung,2026-08-10 14:40:00,38.36,1002.07,49.7,normal,none
AWS-001,Delhi Safdarjung,2026-08-10 14:50:00,38.29,1002.58,47.8,normal,none
AWS-001,Delhi Safdarjung,2026-08-10 15:00:00,38.69,1002.17,47.6,normal,none
AWS-001,Delhi Safdarjung,2026-08-10 15:10:00,38.64,1002.13,50.5,normal,none
AWS-001,Delhi Safdarjung,2026-08-10 15:20:00,38.2,1001.98,48.7,normal,none
AWS-001,Delhi Safdarjung,2026-08-10 15:30:00,37.7,1002.24,49.8,normal,none
AWS-001,Delhi Safdarjung,2026-08-10 15:40:00,38.39,1001.75,50.3,normal,none
AWS-001,Delhi Safdarjung,2026-08-10 15:50:00,38.04,1002.11,51.0,normal,none
AWS-001,Delhi Safdarjung,2026-08-10 16:00:00,37.92,1001.94,49.1,normal,none
AWS-001,Delhi Safdarjung,2026-08-10 16:10:00,37.1,1002.23,51.5,normal,none
AWS-001,Delhi Safdarjung,2026-08-10 16:20:00,36.7,1001.68,51.4,normal,none
AWS-001,Delhi Safdarjung,2026-08-10 16:30:00,36.97,1002.09,50.5,normal,none
AWS-001,Delhi Safdarjung,2026-08-10 16:40:00,37.19,1001.5,48.3,normal,none
AWS-001,Delhi Safdarjung,2026-08-10 16:50:00,37.04,1001.62,50.6,normal,none
AWS-001,Delhi Safdarjung,2026-08-10 17:00:00,37.17,1001.32,52.0,normal,none
AWS-001,Delhi Safdarjung,2026-08-10 17:10:00,36.76,1001.93,53.5,normal,none
AWS-001,Delhi Safdarjung,2026-08-10 17:20:00,36.22,1001.77,53.0,normal,none
AWS-001,Delhi Safdarjung,2026-08-10 17:30:00,35.77,1001.41,53.6,normal,none
AWS-001,Delhi Safdarjung,2026-08-10 17:40:00,35.85,1001.53,53.6,normal,none
AWS-001,Delhi Safdarjung,2026-08-10 17:50:00,35.5,1001.51,52.6,normal,none
AWS-001,Delhi Safdarjung,2026-08-10 18:00:00,34.67,1001.36,54.5,normal,none
AWS-001,Delhi Safdarjung,2026-08-10 18:10:00,35.13,1001.72,54.9,normal,none
AWS-001,Delhi Safdarjung,2026-08-10 18:20:00,35.28,1000.93,56.3,normal,none
AWS-001,Delhi Safdarjung,2026-08-10 18:30:00,34.58,1001.35,55.5,normal,none
AWS-001,Delhi Safdarjung,2026-08-10 18:40:00,34.1,1001.07,55.9,normal,none
AWS-001,Delhi Safdarjung,2026-08-10 18:50:00,33.62,1000.63,56.3,normal,none
AWS-001,Delhi Safdarjung,2026-08-10 19:00:00,33.78,1001.05,58.1,normal,none
AWS-001,Delhi Safdarjung,2026-08-10 19:10:00,33.43,1000.74,54.7,normal,none
AWS-001,Delhi Safdarjung,2026-08-10 19:20:00,32.76,1001.47,59.0,normal,none
AWS-001,Delhi Safdarjung,2026-08-10 19:30:00,32.83,1000.71,59.2,normal,none
AWS-001,Delhi Safdarjung,2026-08-10 19:40:00,32.08,1000.88,60.4,normal,none
AWS-001,Delhi Safdarjung,2026-08-10 19:50:00,32.22,1001.08,58.7,normal,none
AWS-001,Delhi Safdarjung,2026-08-10 20:00:00,31.47,1000.94,60.5,normal,none
AWS-001,Delhi Safdarjung,2026-08-10 20:10:00,31.54,1000.98,62.3,normal,none
AWS-001,Delhi Safdarjung,2026-08-10 20:20:00,30.39,1001.25,60.4,normal,none
AWS-001,Delhi Safdarjung,2026-08-10 20:30:00,29.97,1001.52,63.7,normal,none
AWS-001,Delhi Safdarjung,2026-08-10 20:40:00,30.13,1000.83,63.7,normal,none
AWS-001,Delhi Safdarjung,2026-08-10 20:50:00,29.6,1001.11,64.7,normal,none
AWS-001,Delhi Safdarjung,2026-08-10 21:00:00,29.7,1001.11,60.8,normal,none
AWS-001,Delhi Safdarjung,2026-08-10 21:10:00,29.58,1001.19,65.1,normal,none
AWS-001,Delhi Safdarjung,2026-08-10 21:20:00,28.08,1001.06,67.1,normal,none
AWS-001,Delhi Safdarjung,2026-08-10 21:30:00,28.51,1000.88,66.5,normal,none
AWS-001,Delhi Safdarjung,2026-08-10 21:40:00,28.29,1001.22,65.5,normal,none
AWS-001,Delhi Safdarjung,2026-08-10 21:50:00,28.06,1001.33,66.5,normal,none
AWS-001,Delhi Safdarjung,2026-08-10 22:00:00,27.5,1001.49,67.6,normal,none
AWS-001,Delhi Safdarjung,2026-08-10 22:10:00,26.87,1001.36,67.9,normal,none
AWS-001,Delhi Safdarjung,2026-08-10 22:20:00,27.45,1001.35,66.8,normal,none
AWS-001,Delhi Safdarjung,2026-08-10 22:30:00,26.96,1001.9,71.8,normal,none
AWS-001,Delhi Safdarjung,2026-08-10 22:40:00,26.97,1001.28,69.2,normal,none
AWS-001,Delhi Safdarjung,2026-08-10 22:50:00,25.93,1001.2,70.1,normal,none
AWS-001,Delhi Safdarjung,2026-08-10 23:00:00,26.09,1001.61,69.0,normal,none
AWS-001,Delhi Safdarjung,2026-08-10 23:10:00,25.91,1002.26,73.7,normal,none
AWS-001,Delhi Safdarjung,2026-08-10 23:20:00,25.61,1001.63,71.9,normal,none
AWS-001,Delhi Safdarjung,2026-08-10 23:30:00,24.98,1001.84,74.8,normal,none
AWS-001,Delhi Safdarjung,2026-08-10 23:40:00,25.6,1002.15,71.6,normal,none
AWS-001,Delhi Safdarjung,2026-08-10 23:50:00,25.35,1001.94,73.8,normal,none
AWS-001,Delhi Safdarjung,2026-08-11 00:00:00,25.0,1001.99,74.8,normal,none
AWS-001,Delhi Safdarjung,2026-08-11 00:10:00,24.28,1002.11,74.4,normal,none
AWS-001,Delhi Safdarjung,2026-08-11 00:20:00,24.19,1002.38,74.9,normal,none
AWS-001,Delhi Safdarjung,2026-08-11 00:30:00,24.65,1002.21,76.1,normal,none
AWS-001,Delhi Safdarjung,2026-08-11 00:40:00,23.81,1002.6,75.9,normal,none
AWS-001,Delhi Safdarjung,2026-08-11 00:50:00,23.74,1001.85,74.0,normal,none
AWS-001,Delhi Safdarjung,2026-08-11 01:00:00,23.72,1002.25,73.8,normal,none
AWS-001,Delhi Safdarjung,2026-08-11 01:10:00,23.78,1002.55,76.6,normal,none
AWS-001,Delhi Safdarjung,2026-08-11 01:20:00,23.05,1002.71,76.3,normal,none
AWS-001,Delhi Safdarjung,2026-08-11 01:30:00,22.84,1002.81,76.3,normal,none
AWS-001,Delhi Safdarjung,2026-08-11 01:40:00,22.69,1002.79,76.2,normal,none
AWS-001,Delhi Safdarjung,2026-08-11 01:50:00,22.84,1002.96,76.8,normal,none
AWS-001,Delhi Safdarjung,2026-08-11 02:00:00,22.67,1003.09,75.8,normal,none
AWS-001,Delhi Safdarjung,2026-08-11 02:10:00,23.82,1003.49,75.4,normal,none
AWS-001,Delhi Safdarjung,2026-08-11 02:20:00,23.47,1003.5,76.7,normal,none
AWS-001,Delhi Safdarjung,2026-08-11 02:30:00,23.29,1002.95,76.1,normal,none
AWS-001,Delhi Safdarjung,2026-08-11 02:40:00,23.71,1003.57,73.4,normal,none
AWS-001,Delhi Safdarjung,2026-08-11 02:50:00,23.91,1003.74,76.4,normal,none
AWS-001,Delhi Safdarjung,2026-08-11 03:00:00,23.57,1003.9,75.5,normal,none
AWS-001,Delhi Safdarjung,2026-08-11 03:10:00,23.3,1003.56,74.1,normal,none
AWS-001,Delhi Safdarjung,2026-08-11 03:20:00,24.02,1003.8,78.4,normal,none
AWS-001,Delhi Safdarjung,2026-08-11 03:30:00,23.58,1004.22,75.5,normal,none
AWS-001,Delhi Safdarjung,2026-08-11 03:40:00,24.21,1004.28,76.4,normal,none
AWS-001,Delhi Safdarjung,2026-08-11 03:50:00,24.17,1004.09,73.7,normal,none
AWS-001,Delhi Safdarjung,2026-08-11 04:00:00,23.65,1004.57,76.9,normal,none
AWS-001,Delhi Safdarjung,2026-08-11 04:10:00,24.47,1004.22,74.2,normal,none
AWS-001,Delhi Safdarjung,2026-08-11 04:20:00,24.35,1004.52,72.8,normal,none
AWS-001,Delhi Safdarjung,2026-08-11 04:30:00,24.3,1004.23,74.4,normal,none
AWS-001,Delhi Safdarjung,2026-08-11 04:40:00,24.52,1004.56,71.6,normal,none
AWS-001,Delhi Safdarjung,2026-08-11 04:50:00,24.59,1004.55,71.7,normal,none
AWS-001,Delhi Safdarjung,2026-08-11 05:00:00,25.56,1005.2,74.2,normal,none
AWS-001,Delhi Safdarjung,2026-08-11 05:10:00,25.45,1004.96,71.3,normal,none
AWS-001,Delhi Safdarjung,2026-08-11 05:20:00,25.83,1005.14,72.4,normal,none
AWS-001,Delhi Safdarjung,2026-08-11 05:30:00,26.3,1004.83,71.7,normal,none
AWS-001,Delhi Safdarjung,2026-08-11 05:40:00,26.15,1005.48,70.8,normal,none
AWS-001,Delhi Safdarjung,2026-08-11 05:50:00,26.36,1005.36,70.3,normal,none
AWS-001,Delhi Safdarjung,2026-08-11 06:00:00,26.38,1005.54,69.0,normal,none
AWS-001,Delhi Safdarjung,2026-08-11 06:10:00,27.19,1005.39,70.0,normal,none
AWS-001,Delhi Safdarjung,2026-08-11 06:20:00,27.35,1005.68,67.5,normal,none
AWS-001,Delhi Safdarjung,2026-08-11 06:30:00,27.96,1005.49,69.3,normal,none
AWS-001,Delhi Safdarjung,2026-08-11 06:40:00,28.05,1005.7,68.2,normal,none
AWS-001,Delhi Safdarjung,2026-08-11 06:50:00,29.1,1005.61,67.4,normal,none
AWS-001,Delhi Safdarjung,2026-08-11 07:00:00,28.77,1005.5,65.2,normal,none
AWS-001,Delhi Safdarjung,2026-08-11 07:10:00,28.59,1005.48,66.6,normal,none
AWS-001,Delhi Safdarjung,2026-08-11 07:20:00,29.15,1005.89,65.4,normal,none
AWS-001,Delhi Safdarjung,2026-08-11 07:30:00,30.07,1005.81,66.6,normal,none
AWS-001,Delhi Safdarjung,2026-08-11 07:40:00,29.1,1005.82,65.5,normal,none
AWS-001,Delhi Safdarjung,2026-08-11 07:50:00,30.8,1005.97,63.7,normal,none
AWS-001,Delhi Safdarjung,2026-08-11 08:00:00,30.26,1006.13,60.3,normal,none
AWS-001,Delhi Safdarjung,2026-08-11 08:10:00,31.28,1005.7,66.1,normal,none
AWS-001,Delhi Safdarjung,2026-08-11 08:20:00,31.1,1006.81,61.1,normal,none
AWS-001,Delhi Safdarjung,2026-08-11 08:30:00,32.35,1006.15,59.5,normal,none
AWS-001,Delhi Safdarjung,2026-08-11 08:40:00,32.29,1005.94,60.4,normal,none
AWS-001,Delhi Safdarjung,2026-08-11 08:50:00,32.32,1006.32,59.1,normal,none
AWS-001,Delhi Safdarjung,2026-08-11 09:00:00,33.46,1006.56,57.7,normal,none
AWS-001,Delhi Safdarjung,2026-08-11 09:10:00,33.14,1006.13,57.6,normal,none
AWS-001,Delhi Safdarjung,2026-08-11 09:20:00,33.8,1006.32,57.4,normal,none
AWS-001,Delhi Safdarjung,2026-08-11 09:30:00,34.4,1006.34,55.1,normal,none
AWS-001,Delhi Safdarjung,2026-08-11 09:40:00,34.17,1006.47,55.9,normal,none
AWS-001,Delhi Safdarjung,2026-08-11 09:50:00,34.45,1006.59,54.7,normal,none
AWS-001,Delhi Safdarjung,2026-08-11 10:00:00,34.94,1006.58,53.5,normal,none
AWS-001,Delhi Safdarjung,2026-08-11 10:10:00,35.17,1006.25,53.7,normal,none
AWS-001,Delhi Safdarjung,2026-08-11 10:20:00,35.3,1006.41,54.5,normal,none
AWS-001,Delhi Safdarjung,2026-08-11 10:30:00,35.69,1006.57,52.0,normal,none
AWS-001,Delhi Safdarjung,2026-08-11 10:40:00,35.82,1006.45,51.2,normal,none
AWS-001,Delhi Safdarjung,2026-08-11 10:50:00,36.92,1006.65,52.5,normal,none
AWS-001,Delhi Safdarjung,2026-08-11 11:00:00,36.9,1006.75,52.6,normal,none
AWS-001,Delhi Safdarjung,2026-08-11 11:10:00,37.6,1006.4,52.3,normal,none
AWS-001,Delhi Safdarjung,2026-08-11 11:20:00,37.67,1006.08,51.1,normal,none
AWS-001,Delhi Safdarjung,2026-08-11 11:30:00,38.26,1006.83,48.0,normal,none
AWS-001,Delhi Safdarjung,2026-08-11 11:40:00,37.93,1006.14,50.6,normal,none
AWS-001,Delhi Safdarjung,2026-08-11 11:50:00,38.49,1006.4,48.7,normal,none
AWS-001,Delhi Safdarjung,2026-08-11 12:00:00,38.57,1006.38,47.2,normal,none
AWS-001,Delhi Safdarjung,2026-08-11 12:10:00,38.42,1006.65,48.9,normal,none
AWS-001,Delhi Safdarjung,2026-08-11 12:20:00,39.17,1006.58,48.6,normal,none
AWS-001,Delhi Safdarjung,2026-08-11 12:30:00,39.42,1006.21,48.4,normal,none
AWS-001,Delhi Safdarjung,2026-08-11 12:40:00,39.14,1006.07,48.8,normal,none
AWS-001,Delhi Safdarjung,2026-08-11 12:50:00,39.71,1006.12,48.3,normal,none
AWS-001,Delhi Safdarjung,2026-08-11 13:00:00,39.39,1006.39,46.5,normal,none
AWS-001,Delhi Safdarjung,2026-08-11 13:10:00,40.13,1005.8,47.0,normal,none
AWS-001,Delhi Safdarjung,2026-08-11 13:20:00,40.09,1005.5,45.3,normal,none
AWS-001,Delhi Safdarjung,2026-08-11 13:30:00,41.11,1006.02,46.4,normal,none
AWS-001,Delhi Safdarjung,2026-08-11 13:40:00,40.4,1006.17,47.0,normal,none
AWS-001,Delhi Safdarjung,2026-08-11 13:50:00,40.35,1005.85,46.8,normal,none
AWS-001,Delhi Safdarjung,2026-08-11 14:00:00,40.26,1005.56,45.7,normal,none
AWS-001,Delhi Safdarjung,2026-08-11 14:10:00,39.94,1005.97,45.1,normal,none
AWS-001,Delhi Safdarjung,2026-08-11 14:20:00,40.63,1005.28,42.6,normal,none
AWS-001,Delhi Safdarjung,2026-08-11 14:30:00,40.59,1005.57,43.5,normal,none
AWS-001,Delhi Safdarjung,2026-08-11 14:40:00,40.32,1005.38,44.5,normal,none
AWS-001,Delhi Safdarjung,2026-08-11 14:50:00,40.98,1005.75,45.6,normal,none
AWS-001,Delhi Safdarjung,2026-08-11 15:00:00,40.16,1005.08,44.3,normal,none
AWS-001,Delhi Safdarjung,2026-08-11 15:10:00,40.19,1005.08,45.4,normal,none
AWS-001,Delhi Safdarjung,2026-08-11 15:20:00,40.19,1006.0,46.2,normal,none
AWS-001,Delhi Safdarjung,2026-08-11 15:30:00,40.44,1005.13,46.7,normal,none
AWS-001,Delhi Safdarjung,2026-08-11 15:40:00,40.09,1005.12,45.7,normal,none
AWS-001,Delhi Safdarjung,2026-08-11 15:50:00,39.81,1005.54,45.8,normal,none
AWS-001,Delhi Safdarjung,2026-08-11 16:00:00,40.44,1005.44,46.2,normal,none
AWS-001,Delhi Safdarjung,2026-08-11 16:10:00,39.51,1004.88,46.1,normal,none
AWS-001,Delhi Safdarjung,2026-08-11 16:20:00,39.26,1005.2,46.6,normal,none
AWS-001,Delhi Safdarjung,2026-08-11 16:30:00,39.36,1004.56,45.2,normal,none
AWS-001,Delhi Safdarjung,2026-08-11 16:40:00,39.38,1004.69,46.3,normal,none
AWS-001,Delhi Safdarjung,2026-08-11 16:50:00,38.85,1004.89,47.0,normal,none
AWS-001,Delhi Safdarjung,2026-08-11 17:00:00,38.49,1004.51,46.7,normal,none
AWS-001,Delhi Safdarjung,2026-08-11 17:10:00,37.86,1005.18,46.4,normal,none
AWS-001,Delhi Safdarjung,2026-08-11 17:20:00,39.22,1005.04,48.7,normal,none
AWS-001,Delhi Safdarjung,2026-08-11 17:30:00,38.42,1005.05,49.6,normal,none
AWS-001,Delhi Safdarjung,2026-08-11 17:40:00,37.89,1004.59,47.8,normal,none
AWS-001,Delhi Safdarjung,2026-08-11 17:50:00,38.08,1004.89,49.8,normal,none
AWS-001,Delhi Safdarjung,2026-08-11 18:00:00,37.57,1004.35,51.4,normal,none
AWS-001,Delhi Safdarjung,2026-08-11 18:10:00,37.05,1004.86,49.7,normal,none
AWS-001,Delhi Safdarjung,2026-08-11 18:20:00,36.96,1004.63,51.4,normal,none
AWS-001,Delhi Safdarjung,2026-08-11 18:30:00,36.25,1004.5,52.7,normal,none
AWS-001,Delhi Safdarjung,2026-08-11 18:40:00,36.87,1004.04,54.1,normal,none
AWS-001,Delhi Safdarjung,2026-08-11 18:50:00,36.08,1004.68,51.6,normal,none
AWS-001,Delhi Safdarjung,2026-08-11 19:00:00,35.57,1004.07,55.1,normal,none
AWS-001,Delhi Safdarjung,2026-08-11 19:10:00,35.82,1004.51,56.3,normal,none
AWS-001,Delhi Safdarjung,2026-08-11 19:20:00,35.56,1004.59,57.7,normal,none
AWS-001,Delhi Safdarjung,2026-08-11 19:30:00,35.26,1004.88,55.9,normal,none
AWS-001,Delhi Safdarjung,2026-08-11 19:40:00,34.28,1004.54,56.9,normal,none
AWS-001,Delhi Safdarjung,2026-08-11 19:50:00,34.39,1004.31,58.2,normal,none
AWS-001,Delhi Safdarjung,2026-08-11 20:00:00,33.73,1004.31,56.5,normal,none
AWS-001,Delhi Safdarjung,2026-08-11 20:10:00,33.09,1004.48,58.2,normal,none
AWS-001,Delhi Safdarjung,2026-08-11 20:20:00,32.63,1004.42,56.8,normal,none
AWS-001,Delhi Safdarjung,2026-08-11 20:30:00,32.44,1004.97,58.7,normal,none
AWS-001,Delhi Safdarjung,2026-08-11 20:40:00,32.06,1005.02,61.0,normal,none
AWS-001,Delhi Safdarjung,2026-08-11 20:50:00,31.76,1004.26,60.8,normal,none
AWS-001,Delhi Safdarjung,2026-08-11 21:00:00,31.69,1004.49,60.4,normal,none
AWS-001,Delhi Safdarjung,2026-08-11 21:10:00,30.96,1004.33,62.6,normal,none
AWS-001,Delhi Safdarjung,2026-08-11 21:20:00,31.66,1005.33,63.4,normal,none
AWS-001,Delhi Safdarjung,2026-08-11 21:30:00,30.77,1004.38,62.6,normal,none
AWS-001,Delhi Safdarjung,2026-08-11 21:40:00,30.38,1004.35,64.7,normal,none
AWS-001,Delhi Safdarjung,2026-08-11 21:50:00,30.78,1004.78,63.4,normal,none
AWS-001,Delhi Safdarjung,2026-08-11 22:00:00,29.9,1004.71,64.4,normal,none
AWS-001,Delhi Safdarjung,2026-08-11 22:10:00,29.53,1004.65,65.4,normal,none
AWS-001,Delhi Safdarjung,2026-08-11 22:20:00,28.99,1004.68,64.9,normal,none
AWS-001,Delhi Safdarjung,2026-08-11 22:30:00,28.61,1004.92,65.4,normal,none
AWS-001,Delhi Safdarjung,2026-08-11 22:40:00,28.56,1004.73,65.6,normal,none
AWS-001,Delhi Safdarjung,2026-08-11 22:50:00,27.59,1004.89,69.5,normal,none
AWS-001,Delhi Safdarjung,2026-08-11 23:00:00,28.12,1005.06,68.9,normal,none
AWS-001,Delhi Safdarjung,2026-08-11 23:10:00,27.77,1005.31,70.7,normal,none
AWS-001,Delhi Safdarjung,2026-08-11 23:20:00,27.43,1004.9,69.8,normal,none
AWS-001,Delhi Safdarjung,2026-08-11 23:30:00,27.62,1005.17,70.5,normal,none
AWS-001,Delhi Safdarjung,2026-08-11 23:40:00,26.79,1004.89,70.3,normal,none
AWS-001,Delhi Safdarjung,2026-08-11 23:50:00,26.59,1005.18,69.9,normal,none
AWS-001,Delhi Safdarjung,2026-08-12 00:00:00,26.74,1005.39,70.7,normal,none
AWS-001,Delhi Safdarjung,2026-08-12 00:10:00,26.07,1006.04,71.3,normal,none
AWS-001,Delhi Safdarjung,2026-08-12 00:20:00,26.33,1005.67,70.0,normal,none
AWS-001,Delhi Safdarjung,2026-08-12 00:30:00,26.07,1005.73,71.5,normal,none
AWS-001,Delhi Safdarjung,2026-08-12 00:40:00,26.09,1005.97,72.1,normal,none
AWS-001,Delhi Safdarjung,2026-08-12 00:50:00,25.85,1006.22,72.3,normal,none
AWS-001,Delhi Safdarjung,2026-08-12 01:00:00,25.65,1006.3,72.3,normal,none
AWS-001,Delhi Safdarjung,2026-08-12 01:10:00,25.06,1006.41,74.9,normal,none
AWS-001,Delhi Safdarjung,2026-08-12 01:20:00,24.56,1006.5,75.1,normal,none
AWS-001,Delhi Safdarjung,2026-08-12 01:30:00,25.32,1006.53,72.3,normal,none
AWS-001,Delhi Safdarjung,2026-08-12 01:40:00,24.45,1006.1,71.8,normal,none
AWS-001,Delhi Safdarjung,2026-08-12 01:50:00,25.22,1006.09,73.0,normal,none
AWS-001,Delhi Safdarjung,2026-08-12 02:00:00,25.7,1006.12,75.8,normal,none
AWS-001,Delhi Safdarjung,2026-08-12 02:10:00,24.76,1006.7,71.9,normal,none
AWS-001,Delhi Safdarjung,2026-08-12 02:20:00,25.12,1007.03,74.1,normal,none
AWS-001,Delhi Safdarjung,2026-08-12 02:30:00,25.13,1006.69,74.6,normal,none
AWS-001,Delhi Safdarjung,2026-08-12 02:40:00,24.54,1007.43,73.3,normal,none
AWS-001,Delhi Safdarjung,2026-08-12 02:50:00,25.44,1007.17,74.2,normal,none
AWS-001,Delhi Safdarjung,2026-08-12 03:00:00,24.83,1007.11,71.7,normal,none
AWS-001,Delhi Safdarjung,2026-08-12 03:10:00,25.03,1007.39,74.4,normal,none
AWS-001,Delhi Safdarjung,2026-08-12 03:20:00,25.48,1006.86,73.8,normal,none
AWS-001,Delhi Safdarjung,2026-08-12 03:30:00,25.03,1007.02,73.4,normal,none
AWS-001,Delhi Safdarjung,2026-08-12 03:40:00,25.9,1007.19,71.9,normal,none
AWS-001,Delhi Safdarjung,2026-08-12 03:50:00,25.06,1007.7,71.8,normal,none
AWS-001,Delhi Safdarjung,2026-08-12 04:00:00,25.66,1007.35,71.7,normal,none
AWS-001,Delhi Safdarjung,2026-08-12 04:10:00,24.99,1007.67,70.6,normal,none
AWS-001,Delhi Safdarjung,2026-08-12 04:20:00,26.43,1008.25,73.6,normal,none
AWS-001,Delhi Safdarjung,2026-08-12 04:30:00,26.22,1008.31,72.2,normal,none
AWS-001,Delhi Safdarjung,2026-08-12 04:40:00,26.39,1007.87,70.8,normal,none
AWS-001,Delhi Safdarjung,2026-08-12 04:50:00,26.78,1008.65,71.3,normal,none
AWS-001,Delhi Safdarjung,2026-08-12 05:00:00,26.36,1008.58,69.8,normal,none
AWS-001,Delhi Safdarjung,2026-08-12 05:10:00,27.11,1007.87,70.6,normal,none
AWS-001,Delhi Safdarjung,2026-08-12 05:20:00,27.3,1008.19,68.5,normal,none
AWS-001,Delhi Safdarjung,2026-08-12 05:30:00,27.35,1008.4,69.2,normal,none
AWS-001,Delhi Safdarjung,2026-08-12 05:40:00,27.95,1008.71,68.4,normal,none
AWS-001,Delhi Safdarjung,2026-08-12 05:50:00,27.83,1009.2,68.3,normal,none
AWS-001,Delhi Safdarjung,2026-08-12 06:00:00,27.6,1008.53,67.5,normal,none
AWS-001,Delhi Safdarjung,2026-08-12 06:10:00,28.46,1008.82,68.1,normal,none
AWS-001,Delhi Safdarjung,2026-08-12 06:20:00,29.71,1008.49,66.2,normal,none
AWS-001,Delhi Safdarjung,2026-08-12 06:30:00,28.8,1009.16,66.9,normal,none
AWS-001,Delhi Safdarjung,2026-08-12 06:40:00,29.23,1008.74,67.4,normal,none
AWS-001,Delhi Safdarjung,2026-08-12 06:50:00,29.37,1009.06,65.6,normal,none
AWS-001,Delhi Safdarjung,2026-08-12 07:00:00,29.79,1009.16,64.7,normal,none
AWS-001,Delhi Safdarjung,2026-08-12 07:10:00,30.24,1009.44,62.5,normal,none
AWS-001,Delhi Safdarjung,2026-08-12 07:20:00,30.76,1009.41,64.0,normal,none
AWS-001,Delhi Safdarjung,2026-08-12 07:30:00,31.08,1009.26,62.9,normal,none
AWS-001,Delhi Safdarjung,2026-08-12 07:40:00,30.99,1009.29,62.3,normal,none
AWS-001,Delhi Safdarjung,2026-08-12 07:50:00,31.38,1009.68,63.6,normal,none
AWS-001,Delhi Safdarjung,2026-08-12 08:00:00,31.8,1009.55,62.3,normal,none
AWS-001,Delhi Safdarjung,2026-08-12 08:10:00,32.59,1009.26,60.8,normal,none
AWS-001,Delhi Safdarjung,2026-08-12 08:20:00,32.37,1009.17,59.6,normal,none
AWS-001,Delhi Safdarjung,2026-08-12 08:30:00,33.73,1008.97,60.2,normal,none
AWS-001,Delhi Safdarjung,2026-08-12 08:40:00,33.35,1009.75,59.0,normal,none
AWS-001,Delhi Safdarjung,2026-08-12 08:50:00,33.85,1008.98,58.2,normal,none
AWS-001,Delhi Safdarjung,2026-08-12 09:00:00,33.8,1009.32,54.7,normal,none
AWS-001,Delhi Safdarjung,2026-08-12 09:10:00,34.57,1009.65,56.7,normal,none
AWS-001,Delhi Safdarjung,2026-08-12 09:20:00,34.73,1009.86,55.5,normal,none
AWS-001,Delhi Safdarjung,2026-08-12 09:30:00,34.99,1009.17,54.4,normal,none
AWS-001,Delhi Safdarjung,2026-08-12 09:40:00,35.78,1009.41,54.9,normal,none
AWS-001,Delhi Safdarjung,2026-08-12 09:50:00,35.97,1010.06,55.5,normal,none
AWS-001,Delhi Safdarjung,2026-08-12 10:00:00,36.52,1009.18,51.9,normal,none
AWS-001,Delhi Safdarjung,2026-08-12 10:10:00,36.51,1009.13,54.0,normal,none
AWS-001,Delhi Safdarjung,2026-08-12 10:20:00,36.53,1009.48,50.9,normal,none
AWS-001,Delhi Safdarjung,2026-08-12 10:30:00,36.44,1009.79,50.8,normal,none
AWS-001,Delhi Safdarjung,2026-08-12 10:40:00,37.59,1009.53,48.6,normal,none
AWS-001,Delhi Safdarjung,2026-08-12 10:50:00,36.8,1009.72,50.6,normal,none
AWS-001,Delhi Safdarjung,2026-08-12 11:00:00,38.64,1009.62,49.1,normal,none
AWS-001,Delhi Safdarjung,2026-08-12 11:10:00,37.61,1009.75,49.1,normal,none
AWS-001,Delhi Safdarjung,2026-08-12 11:20:00,38.26,1009.79,48.5,normal,none
AWS-001,Delhi Safdarjung,2026-08-12 11:30:00,39.6,1010.0,49.1,normal,none
AWS-001,Delhi Safdarjung,2026-08-12 11:40:00,38.42,1008.99,48.2,normal,none
AWS-001,Delhi Safdarjung,2026-08-12 11:50:00,39.29,1008.8,47.8,normal,none
AWS-001,Delhi Safdarjung,2026-08-12 12:00:00,38.89,1009.37,48.1,normal,none
AWS-001,Delhi Safdarjung,2026-08-12 12:10:00,40.09,1008.94,47.0,normal,none
AWS-001,Delhi Safdarjung,2026-08-12 12:20:00,39.92,1009.16,48.5,normal,none
AWS-001,Delhi Safdarjung,2026-08-12 12:30:00,39.5,1009.07,46.1,normal,none
AWS-001,Delhi Safdarjung,2026-08-12 12:40:00,40.05,1009.05,46.8,normal,none
AWS-001,Delhi Safdarjung,2026-08-12 12:50:00,40.87,1008.54,45.9,normal,none
AWS-001,Delhi Safdarjung,2026-08-12 13:00:00,40.56,1009.03,47.2,normal,none
AWS-001,Delhi Safdarjung,2026-08-12 13:10:00,40.74,1009.18,45.6,normal,none
AWS-001,Delhi Safdarjung,2026-08-12 13:20:00,39.91,1009.45,46.4,normal,none
AWS-001,Delhi Safdarjung,2026-08-12 13:30:00,40.51,1009.29,44.7,normal,none
AWS-001,Delhi Safdarjung,2026-08-12 13:40:00,40.49,1008.59,45.9,normal,none
AWS-001,Delhi Safdarjung,2026-08-12 13:50:00,40.48,1008.51,45.1,normal,none
AWS-001,Delhi Safdarjung,2026-08-12 14:00:00,41.36,1008.08,46.4,normal,none
AWS-001,Delhi Safdarjung,2026-08-12 14:10:00,41.07,1009.01,44.0,normal,none
AWS-001,Delhi Safdarjung,2026-08-12 14:20:00,40.42,1008.71,45.8,normal,none
AWS-001,Delhi Safdarjung,2026-08-12 14:30:00,41.22,1008.37,46.2,normal,none
AWS-001,Delhi Safdarjung,2026-08-12 14:40:00,40.58,1008.2,45.0,normal,none
AWS-001,Delhi Safdarjung,2026-08-12 14:50:00,40.75,1008.03,41.5,normal,none
AWS-001,Delhi Safdarjung,2026-08-12 15:00:00,40.18,1008.42,46.4,normal,none
AWS-001,Delhi Safdarjung,2026-08-12 15:10:00,40.4,1008.49,45.3,normal,none
AWS-001,Delhi Safdarjung,2026-08-12 15:20:00,41.02,1008.45,45.9,normal,none
AWS-001,Delhi Safdarjung,2026-08-12 15:30:00,40.28,1008.35,45.7,normal,none
AWS-001,Delhi Safdarjung,2026-08-12 15:40:00,39.99,1008.54,43.8,normal,none
AWS-001,Delhi Safdarjung,2026-08-12 15:50:00,40.0,1007.71,47.0,normal,none
AWS-001,Delhi Safdarjung,2026-08-12 16:00:00,40.03,1007.73,47.8,normal,none
AWS-001,Delhi Safdarjung,2026-08-12 16:10:00,39.93,1007.41,47.8,normal,none
AWS-001,Delhi Safdarjung,2026-08-12 16:20:00,39.69,1007.28,45.3,normal,none
AWS-001,Delhi Safdarjung,2026-08-12 16:30:00,39.17,1007.18,46.3,normal,none
AWS-001,Delhi Safdarjung,2026-08-12 16:40:00,39.73,1007.36,46.7,normal,none
AWS-001,Delhi Safdarjung,2026-08-12 16:50:00,39.37,1007.67,48.9,normal,none
AWS-001,Delhi Safdarjung,2026-08-12 17:00:00,39.23,1007.61,48.5,normal,none
AWS-001,Delhi Safdarjung,2026-08-12 17:10:00,39.13,1007.83,48.5,normal,none
AWS-001,Delhi Safdarjung,2026-08-12 17:20:00,38.16,1007.6,49.2,normal,none
AWS-001,Delhi Safdarjung,2026-08-12 17:30:00,38.37,1007.27,49.2,normal,none
AWS-001,Delhi Safdarjung,2026-08-12 17:40:00,38.15,1006.97,49.6,normal,none
AWS-001,Delhi Safdarjung,2026-08-12 17:50:00,38.4,1007.42,50.7,normal,none
AWS-001,Delhi Safdarjung,2026-08-12 18:00:00,38.11,1006.91,50.2,normal,none
AWS-001,Delhi Safdarjung,2026-08-12 18:10:00,37.33,1006.59,50.7,normal,none
AWS-001,Delhi Safdarjung,2026-08-12 18:20:00,36.65,1006.75,52.1,normal,none
AWS-001,Delhi Safdarjung,2026-08-12 18:30:00,36.59,1006.82,52.3,normal,none
AWS-001,Delhi Safdarjung,2026-08-12 18:40:00,36.4,1006.66,52.9,normal,none
AWS-001,Delhi Safdarjung,2026-08-12 18:50:00,36.07,1006.92,53.6,normal,none
AWS-001,Delhi Safdarjung,2026-08-12 19:00:00,35.72,1007.09,55.7,normal,none
AWS-001,Delhi Safdarjung,2026-08-12 19:10:00,34.68,1006.66,54.6,normal,none
AWS-001,Delhi Safdarjung,2026-08-12 19:20:00,34.82,1006.65,55.0,normal,none
AWS-001,Delhi Safdarjung,2026-08-12 19:30:00,34.92,1006.86,54.8,normal,none
AWS-001,Delhi Safdarjung,2026-08-12 19:40:00,34.02,1007.13,55.6,normal,none
AWS-001,Delhi Safdarjung,2026-08-12 19:50:00,34.03,1006.9,56.3,normal,none
AWS-001,Delhi Safdarjung,2026-08-12 20:00:00,33.51,1006.83,57.9,normal,none
AWS-001,Delhi Safdarjung,2026-08-12 20:10:00,33.15,1007.12,59.2,normal,none
AWS-001,Delhi Safdarjung,2026-08-12 20:20:00,32.89,1006.67,59.2,normal,none
AWS-001,Delhi Safdarjung,2026-08-12 20:30:00,32.46,1006.51,59.3,normal,none
AWS-001,Delhi Safdarjung,2026-08-12 20:40:00,31.97,1007.06,60.4,normal,none
AWS-001,Delhi Safdarjung,2026-08-12 20:50:00,31.57,1007.04,59.9,normal,none
AWS-001,Delhi Safdarjung,2026-08-12 21:00:00,30.91,1006.75,62.9,normal,none
AWS-001,Delhi Safdarjung,2026-08-12 21:10:00,30.5,1007.2,62.9,normal,none
AWS-001,Delhi Safdarjung,2026-08-12 21:20:00,30.76,1006.74,61.4,normal,none
AWS-001,Delhi Safdarjung,2026-08-12 21:30:00,30.26,1007.05,60.7,normal,none
AWS-001,Delhi Safdarjung,2026-08-12 21:40:00,29.52,1007.04,63.8,normal,none
AWS-001,Delhi Safdarjung,2026-08-12 21:50:00,29.39,1006.62,65.1,normal,none
AWS-001,Delhi Safdarjung,2026-08-12 22:00:00,29.35,1006.52,64.0,normal,none
AWS-001,Delhi Safdarjung,2026-08-12 22:10:00,29.47,1007.23,67.8,normal,none
AWS-001,Delhi Safdarjung,2026-08-12 22:20:00,28.77,1006.46,67.3,normal,none
AWS-001,Delhi Safdarjung,2026-08-12 22:30:00,28.24,1006.14,66.2,normal,none
AWS-001,Delhi Safdarjung,2026-08-12 22:40:00,28.23,1006.81,66.3,normal,none
AWS-001,Delhi Safdarjung,2026-08-12 22:50:00,28.26,1006.99,67.9,normal,none
AWS-001,Delhi Safdarjung,2026-08-12 23:00:00,27.62,1007.18,67.6,normal,none
AWS-001,Delhi Safdarjung,2026-08-12 23:10:00,27.15,1006.46,68.6,normal,none
AWS-001,Delhi Safdarjung,2026-08-12 23:20:00,27.11,1006.97,71.5,normal,none
AWS-001,Delhi Safdarjung,2026-08-12 23:30:00,26.6,1006.72,71.9,normal,none
AWS-001,Delhi Safdarjung,2026-08-12 23:40:00,25.86,1007.2,70.7,normal,none
AWS-001,Delhi Safdarjung,2026-08-12 23:50:00,25.69,1007.09,71.2,normal,none
AWS-001,Delhi Safdarjung,2026-08-13 00:00:00,25.39,1006.88,71.6,normal,none
AWS-001,Delhi Safdarjung,2026-08-13 00:10:00,25.93,1006.83,73.9,normal,none
AWS-001,Delhi Safdarjung,2026-08-13 00:20:00,24.86,1007.8,70.1,normal,none
AWS-001,Delhi Safdarjung,2026-08-13 00:30:00,25.32,1007.74,70.7,normal,none
AWS-001,Delhi Safdarjung,2026-08-13 00:40:00,24.82,1007.69,72.1,normal,none
AWS-001,Delhi Safdarjung,2026-08-13 00:50:00,24.61,1007.3,72.7,normal,none
AWS-001,Delhi Safdarjung,2026-08-13 01:00:00,24.18,1007.34,74.8,normal,none
AWS-001,Delhi Safdarjung,2026-08-13 01:10:00,24.97,1007.94,74.6,normal,none
AWS-001,Delhi Safdarjung,2026-08-13 01:20:00,24.91,1007.44,72.6,normal,none
AWS-001,Delhi Safdarjung,2026-08-13 01:30:00,24.49,1007.34,70.8,normal,none
AWS-001,Delhi Safdarjung,2026-08-13 01:40:00,23.99,1007.89,73.9,normal,none
AWS-001,Delhi Safdarjung,2026-08-13 01:50:00,23.92,1007.98,75.6,normal,none
AWS-001,Delhi Safdarjung,2026-08-13 02:00:00,24.31,1007.96,73.3,normal,none
AWS-001,Delhi Safdarjung,2026-08-13 02:10:00,23.82,1008.06,76.1,normal,none
AWS-001,Delhi Safdarjung,2026-08-13 02:20:00,23.37,1008.48,74.9,normal,none
AWS-001,Delhi Safdarjung,2026-08-13 02:30:00,23.27,1008.26,76.3,normal,none
AWS-001,Delhi Safdarjung,2026-08-13 02:40:00,23.76,1008.24,73.2,normal,none
AWS-001,Delhi Safdarjung,2026-08-13 02:50:00,23.46,1008.6,75.2,normal,none
AWS-001,Delhi Safdarjung,2026-08-13 03:00:00,23.6,1008.31,75.1,normal,none
AWS-001,Delhi Safdarjung,2026-08-13 03:10:00,24.34,1008.18,74.1,normal,none
AWS-001,Delhi Safdarjung,2026-08-13 03:20:00,24.36,1008.25,73.1,normal,none
AWS-001,Delhi Safdarjung,2026-08-13 03:30:00,24.29,1008.54,74.6,normal,none
AWS-001,Delhi Safdarjung,2026-08-13 03:40:00,24.21,1008.66,74.2,normal,none
AWS-001,Delhi Safdarjung,2026-08-13 03:50:00,24.44,1008.71,73.8,normal,none
AWS-001,Delhi Safdarjung,2026-08-13 04:00:00,25.06,1009.07,73.3,normal,none
AWS-001,Delhi Safdarjung,2026-08-13 04:10:00,24.61,1009.15,73.6,normal,none
AWS-001,Delhi Safdarjung,2026-08-13 04:20:00,25.42,1009.75,72.3,normal,none
AWS-001,Delhi Safdarjung,2026-08-13 04:30:00,25.16,1008.87,71.2,normal,none
AWS-001,Delhi Safdarjung,2026-08-13 04:40:00,24.96,1008.91,72.4,normal,none
AWS-001,Delhi Safdarjung,2026-08-13 04:50:00,25.63,1009.42,73.3,normal,none
AWS-001,Delhi Safdarjung,2026-08-13 05:00:00,25.28,1009.84,71.5,normal,none
AWS-001,Delhi Safdarjung,2026-08-13 05:10:00,26.17,1009.73,72.2,normal,none
AWS-001,Delhi Safdarjung,2026-08-13 05:20:00,25.2,1009.25,72.5,normal,none
AWS-001,Delhi Safdarjung,2026-08-13 05:30:00,26.52,1009.77,72.3,normal,none
AWS-001,Delhi Safdarjung,2026-08-13 05:40:00,26.09,1009.55,70.6,normal,none
AWS-001,Delhi Safdarjung,2026-08-13 05:50:00,27.0,1009.59,71.0,normal,none
AWS-001,Delhi Safdarjung,2026-08-13 06:00:00,26.89,1009.37,70.8,normal,none
AWS-001,Delhi Safdarjung,2026-08-13 06:10:00,27.11,1009.61,67.1,normal,none
AWS-001,Delhi Safdarjung,2026-08-13 06:20:00,27.62,1009.38,67.0,normal,none
AWS-001,Delhi Safdarjung,2026-08-13 06:30:00,27.59,1009.71,67.2,normal,none
AWS-001,Delhi Safdarjung,2026-08-13 06:40:00,27.85,1009.56,65.7,normal,none
AWS-001,Delhi Safdarjung,2026-08-13 06:50:00,28.31,1010.06,66.6,normal,none
AWS-001,Delhi Safdarjung,2026-08-13 07:00:00,27.82,1009.78,66.1,normal,none
AWS-001,Delhi Safdarjung,2026-08-13 07:10:00,28.63,1009.76,67.2,normal,none
AWS-001,Delhi Safdarjung,2026-08-13 07:20:00,29.62,1009.91,64.9,normal,none
AWS-001,Delhi Safdarjung,2026-08-13 07:30:00,29.22,1009.62,64.7,normal,none
AWS-001,Delhi Safdarjung,2026-08-13 07:40:00,29.61,1009.98,62.9,normal,none
AWS-001,Delhi Safdarjung,2026-08-13 07:50:00,30.02,1010.0,64.0,normal,none
AWS-001,Delhi Safdarjung,2026-08-13 08:00:00,30.71,1009.83,63.1,normal,none
AWS-001,Delhi Safdarjung,2026-08-13 08:10:00,30.94,1009.88,60.7,normal,none
AWS-001,Delhi Safdarjung,2026-08-13 08:20:00,30.81,1010.03,63.3,normal,none
AWS-001,Delhi Safdarjung,2026-08-13 08:30:00,31.18,1009.74,61.7,normal,none
AWS-001,Delhi Safdarjung,2026-08-13 08:40:00,31.41,1009.82,61.0,normal,none
AWS-001,Delhi Safdarjung,2026-08-13 08:50:00,33.01,1009.89,58.4,normal,none
AWS-001,Delhi Safdarjung,2026-08-13 09:00:00,32.29,1009.62,61.9,normal,none
AWS-001,Delhi Safdarjung,2026-08-13 09:10:00,33.16,1010.06,58.4,normal,none
AWS-001,Delhi Safdarjung,2026-08-13 09:20:00,32.95,1010.02,58.5,normal,none
AWS-001,Delhi Safdarjung,2026-08-13 09:30:00,33.67,1009.78,57.0,normal,none
AWS-001,Delhi Safdarjung,2026-08-13 09:40:00,33.9,1009.92,57.0,normal,none
AWS-001,Delhi Safdarjung,2026-08-13 09:50:00,34.16,1009.99,56.9,normal,none
AWS-001,Delhi Safdarjung,2026-08-13 10:00:00,34.92,1010.29,54.8,normal,none
AWS-001,Delhi Safdarjung,2026-08-13 10:10:00,34.71,1009.74,56.7,normal,none
AWS-001,Delhi Safdarjung,2026-08-13 10:20:00,35.45,1009.61,57.4,normal,none
AWS-001,Delhi Safdarjung,2026-08-13 10:30:00,35.26,1009.55,56.2,normal,none
AWS-001,Delhi Safdarjung,2026-08-13 10:40:00,35.1,1009.89,54.1,normal,none
AWS-001,Delhi Safdarjung,2026-08-13 10:50:00,35.19,1009.89,54.9,normal,none
AWS-001,Delhi Safdarjung,2026-08-13 11:00:00,36.11,1009.34,54.5,normal,none
AWS-001,Delhi Safdarjung,2026-08-13 11:10:00,35.94,1009.52,52.3,normal,none
AWS-001,Delhi Safdarjung,2026-08-13 11:20:00,36.64,1009.4,50.6,normal,none
AWS-001,Delhi Safdarjung,2026-08-13 11:30:00,37.28,1009.28,53.5,normal,none
AWS-001,Delhi Safdarjung,2026-08-13 11:40:00,36.53,1009.8,50.4,normal,none
AWS-001,Delhi Safdarjung,2026-08-13 11:50:00,37.08,1009.03,50.7,normal,none
AWS-001,Delhi Safdarjung,2026-08-13 12:00:00,37.84,1009.4,48.3,normal,none
AWS-001,Delhi Safdarjung,2026-08-13 12:10:00,37.09,1009.62,50.5,normal,none
AWS-001,Delhi Safdarjung,2026-08-13 12:20:00,37.19,1008.9,50.6,normal,none
AWS-001,Delhi Safdarjung,2026-08-13 12:30:00,38.11,1008.86,48.8,normal,none
AWS-001,Delhi Safdarjung,2026-08-13 12:40:00,37.86,1009.07,49.6,normal,none
AWS-001,Delhi Safdarjung,2026-08-13 12:50:00,38.57,1008.43,50.3,normal,none
AWS-001,Delhi Safdarjung,2026-08-13 13:00:00,38.3,1009.53,49.7,normal,none
AWS-001,Delhi Safdarjung,2026-08-13 13:10:00,38.65,1008.56,48.1,normal,none
AWS-001,Delhi Safdarjung,2026-08-13 13:20:00,38.19,1008.87,46.8,normal,none
AWS-001,Delhi Safdarjung,2026-08-13 13:30:00,38.4,1008.55,48.0,normal,none
AWS-001,Delhi Safdarjung,2026-08-13 13:40:00,38.99,1008.46,46.4,normal,none
AWS-001,Delhi Safdarjung,2026-08-13 13:50:00,38.84,1007.98,48.5,normal,none
AWS-001,Delhi Safdarjung,2026-08-13 14:00:00,38.91,1008.2,47.6,normal,none
AWS-001,Delhi Safdarjung,2026-08-13 14:10:00,39.13,1007.95,48.5,normal,none
AWS-001,Delhi Safdarjung,2026-08-13 14:20:00,38.16,1008.23,48.0,normal,none
AWS-001,Delhi Safdarjung,2026-08-13 14:30:00,38.29,1007.73,46.6,normal,none
AWS-001,Delhi Safdarjung,2026-08-13 14:40:00,38.45,1007.98,48.0,normal,none
AWS-001,Delhi Safdarjung,2026-08-13 14:50:00,38.54,1008.48,47.2,normal,none
AWS-001,Delhi Safdarjung,2026-08-13 15:00:00,38.6,1008.01,47.8,normal,none
AWS-001,Delhi Safdarjung,2026-08-13 15:10:00,38.65,1007.23,46.9,normal,none
AWS-001,Delhi Safdarjung,2026-08-13 15:20:00,39.01,1008.04,50.2,normal,none
AWS-001,Delhi Safdarjung,2026-08-13 15:30:00,38.36,1007.86,47.3,normal,none
AWS-001,Delhi Safdarjung,2026-08-13 15:40:00,38.83,1007.65,48.8,normal,none
AWS-001,Delhi Safdarjung,2026-08-13 15:50:00,38.0,1007.11,48.7,normal,none
AWS-001,Delhi Safdarjung,2026-08-13 16:00:00,37.97,1006.89,49.6,normal,none
AWS-001,Delhi Safdarjung,2026-08-13 16:10:00,38.38,1006.98,49.1,normal,none
AWS-001,Delhi Safdarjung,2026-08-13 16:20:00,37.49,1006.82,49.3,normal,none
AWS-001,Delhi Safdarjung,2026-08-13 16:30:00,37.68,1007.11,48.6,normal,none
AWS-001,Delhi Safdarjung,2026-08-13 16:40:00,37.11,1006.53,49.5,normal,none
AWS-001,Delhi Safdarjung,2026-08-13 16:50:00,37.11,1006.88,52.3,normal,none
AWS-001,Delhi Safdarjung,2026-08-13 17:00:00,36.64,1007.04,52.2,normal,none
AWS-001,Delhi Safdarjung,2026-08-13 17:10:00,37.28,1006.81,51.5,normal,none
AWS-001,Delhi Safdarjung,2026-08-13 17:20:00,36.68,1006.17,53.3,normal,none
AWS-001,Delhi Safdarjung,2026-08-13 17:30:00,36.36,1006.6,53.1,normal,none
AWS-001,Delhi Safdarjung,2026-08-13 17:40:00,35.84,1006.4,50.3,normal,none
AWS-001,Delhi Safdarjung,2026-08-13 17:50:00,35.46,1006.34,52.3,normal,none
AWS-001,Delhi Safdarjung,2026-08-13 18:00:00,35.21,1006.34,55.4,normal,none
AWS-001,Delhi Safdarjung,2026-08-13 18:10:00,35.36,1006.4,53.3,normal,none
AWS-001,Delhi Safdarjung,2026-08-13 18:20:00,35.25,1005.24,56.8,normal,none
AWS-001,Delhi Safdarjung,2026-08-13 18:30:00,34.14,1005.97,56.4,normal,none
AWS-001,Delhi Safdarjung,2026-08-13 18:40:00,34.27,1006.2,58.1,normal,none
AWS-001,Delhi Safdarjung,2026-08-13 18:50:00,33.28,1005.97,57.6,normal,none
AWS-001,Delhi Safdarjung,2026-08-13 19:00:00,33.17,1005.84,57.9,normal,none
AWS-001,Delhi Safdarjung,2026-08-13 19:10:00,32.33,1005.99,58.3,normal,none
AWS-001,Delhi Safdarjung,2026-08-13 19:20:00,32.96,1006.0,58.1,normal,none
AWS-001,Delhi Safdarjung,2026-08-13 19:30:00,32.32,1005.49,59.0,normal,none
AWS-001,Delhi Safdarjung,2026-08-13 19:40:00,32.23,1006.25,58.8,normal,none
AWS-001,Delhi Safdarjung,2026-08-13 19:50:00,31.33,1005.54,59.3,normal,none
AWS-001,Delhi Safdarjung,2026-08-13 20:00:00,31.48,1005.52,61.6,normal,none
AWS-001,Delhi Safdarjung,2026-08-13 20:10:00,30.82,1005.56,61.3,normal,none
AWS-001,Delhi Safdarjung,2026-08-13 20:20:00,30.21,1005.87,62.0,normal,none
AWS-001,Delhi Safdarjung,2026-08-13 20:30:00,29.57,1005.12,62.7,normal,none
AWS-001,Delhi Safdarjung,2026-08-13 20:40:00,30.05,1005.22,62.4,normal,none
AWS-001,Delhi Safdarjung,2026-08-13 20:50:00,29.53,1005.82,66.5,normal,none
AWS-001,Delhi Safdarjung,2026-08-13 21:00:00,29.41,1005.39,64.3,normal,none
AWS-001,Delhi Safdarjung,2026-08-13 21:10:00,28.55,1005.44,65.1,normal,none
AWS-001,Delhi Safdarjung,2026-08-13 21:20:00,27.4,1005.51,65.5,normal,none
AWS-001,Delhi Safdarjung,2026-08-13 21:30:00,27.72,1005.21,66.9,normal,none
AWS-001,Delhi Safdarjung,2026-08-13 21:40:00,27.63,1005.32,66.8,normal,none
AWS-001,Delhi Safdarjung,2026-08-13 21:50:00,26.95,1005.35,67.5,normal,none
AWS-001,Delhi Safdarjung,2026-08-13 22:00:00,27.15,1005.15,71.1,normal,none
AWS-001,Delhi Safdarjung,2026-08-13 22:10:00,26.91,1005.37,68.2,normal,none
AWS-001,Delhi Safdarjung,2026-08-13 22:20:00,26.29,1005.37,69.3,normal,none
AWS-001,Delhi Safdarjung,2026-08-13 22:30:00,26.02,1005.33,72.4,normal,none
AWS-001,Delhi Safdarjung,2026-08-13 22:40:00,25.89,1005.24,72.0,normal,none
AWS-001,Delhi Safdarjung,2026-08-13 22:50:00,25.35,1005.35,71.5,normal,none
AWS-001,Delhi Safdarjung,2026-08-13 23:00:00,25.27,1005.68,71.7,normal,none
AWS-001,Delhi Safdarjung,2026-08-13 23:10:00,24.6,1005.34,73.4,normal,none
AWS-001,Delhi Safdarjung,2026-08-13 23:20:00,24.68,1005.53,74.1,normal,none
AWS-001,Delhi Safdarjung,2026-08-13 23:30:00,23.85,1005.03,72.8,normal,none
AWS-001,Delhi Safdarjung,2026-08-13 23:40:00,24.89,1005.14,73.7,normal,none
AWS-001,Delhi Safdarjung,2026-08-13 23:50:00,24.02,1005.37,74.9,normal,none
AWS-001,Delhi Safdarjung,2026-08-14 00:00:00,22.98,1005.25,75.8,normal,none
AWS-001,Delhi Safdarjung,2026-08-14 00:10:00,23.62,1005.21,74.2,normal,none
AWS-001,Delhi Safdarjung,2026-08-14 00:20:00,23.36,1005.61,78.8,normal,none
AWS-001,Delhi Safdarjung,2026-08-14 00:30:00,23.0,1005.95,76.2,normal,none
AWS-001,Delhi Safdarjung,2026-08-14 00:40:00,22.61,1005.34,75.5,normal,none
AWS-001,Delhi Safdarjung,2026-08-14 00:50:00,22.44,1005.51,75.8,normal,none
AWS-001,Delhi Safdarjung,2026-08-14 01:00:00,23.34,1006.17,77.4,normal,none
AWS-001,Delhi Safdarjung,2026-08-14 01:10:00,21.93,1005.56,77.9,normal,none
AWS-001,Delhi Safdarjung,2026-08-14 01:20:00,22.14,1005.8,76.6,normal,none
AWS-001,Delhi Safdarjung,2026-08-14 01:30:00,22.31,1006.01,77.7,normal,none
AWS-001,Delhi Safdarjung,2026-08-14 01:40:00,21.89,1005.6,78.8,normal,none
AWS-001,Delhi Safdarjung,2026-08-14 01:50:00,21.85,1006.02,79.6,normal,none
AWS-001,Delhi Safdarjung,2026-08-14 02:00:00,22.13,1006.27,78.6,normal,none
AWS-001,Delhi Safdarjung,2026-08-14 02:10:00,21.62,1006.2,81.0,normal,none
AWS-001,Delhi Safdarjung,2026-08-14 02:20:00,21.44,1006.44,79.5,normal,none
AWS-001,Delhi Safdarjung,2026-08-14 02:30:00,21.82,1006.39,77.6,normal,none
AWS-001,Delhi Safdarjung,2026-08-14 02:40:00,21.49,1006.41,77.7,normal,none
AWS-001,Delhi Safdarjung,2026-08-14 02:50:00,22.16,1006.04,78.5,normal,none
AWS-001,Delhi Safdarjung,2026-08-14 03:00:00,21.53,1006.26,79.6,normal,none
AWS-001,Delhi Safdarjung,2026-08-14 03:10:00,21.81,1007.04,79.7,normal,none
AWS-001,Delhi Safdarjung,2026-08-14 03:20:00,21.31,1006.39,76.5,normal,none
AWS-001,Delhi Safdarjung,2026-08-14 03:30:00,21.52,1006.78,77.0,normal,none
AWS-001,Delhi Safdarjung,2026-08-14 03:40:00,22.07,1006.77,77.6,normal,none
AWS-001,Delhi Safdarjung,2026-08-14 03:50:00,21.82,1006.04,76.0,normal,none
AWS-001,Delhi Safdarjung,2026-08-14 04:00:00,21.91,1006.87,77.7,normal,none
AWS-001,Delhi Safdarjung,2026-08-14 04:10:00,22.94,1007.18,79.3,normal,none
AWS-001,Delhi Safdarjung,2026-08-14 04:20:00,22.55,1006.72,75.9,normal,none
AWS-001,Delhi Safdarjung,2026-08-14 04:30:00,22.27,1006.64,77.4,normal,none
AWS-001,Delhi Safdarjung,2026-08-14 04:40:00,22.88,1006.97,76.6,normal,none
AWS-001,Delhi Safdarjung,2026-08-14 04:50:00,22.93,1006.44,72.7,normal,none
AWS-001,Delhi Safdarjung,2026-08-14 05:00:00,22.93,1006.75,74.3,normal,none
AWS-001,Delhi Safdarjung,2026-08-14 05:10:00,23.51,1007.13,74.1,normal,none
AWS-001,Delhi Safdarjung,2026-08-14 05:20:00,23.22,1007.31,74.1,normal,none
AWS-001,Delhi Safdarjung,2026-08-14 05:30:00,23.16,1007.15,76.1,normal,none
AWS-001,Delhi Safdarjung,2026-08-14 05:40:00,24.32,1006.86,74.9,normal,none
AWS-001,Delhi Safdarjung,2026-08-14 05:50:00,24.09,1006.9,75.3,normal,none
AWS-001,Delhi Safdarjung,2026-08-14 06:00:00,25.1,1007.52,72.8,normal,none
AWS-001,Delhi Safdarjung,2026-08-14 06:10:00,25.18,1007.22,72.7,normal,none
AWS-001,Delhi Safdarjung,2026-08-14 06:20:00,25.45,1007.38,71.7,normal,none
AWS-001,Delhi Safdarjung,2026-08-14 06:30:00,25.02,1007.46,69.7,normal,none
AWS-001,Delhi Safdarjung,2026-08-14 06:40:00,26.04,1007.15,72.1,normal,none
AWS-001,Delhi Safdarjung,2026-08-14 06:50:00,26.4,1006.77,70.5,normal,none
AWS-001,Delhi Safdarjung,2026-08-14 07:00:00,25.98,1007.43,70.8,normal,none
AWS-001,Delhi Safdarjung,2026-08-14 07:10:00,26.75,1007.22,68.7,normal,none
AWS-001,Delhi Safdarjung,2026-08-14 07:20:00,27.58,1007.51,68.9,normal,none
AWS-001,Delhi Safdarjung,2026-08-14 07:30:00,27.14,1007.26,68.6,normal,none
AWS-001,Delhi Safdarjung,2026-08-14 07:40:00,27.78,1007.27,68.1,normal,none
AWS-001,Delhi Safdarjung,2026-08-14 07:50:00,27.96,1007.28,67.6,normal,none
AWS-001,Delhi Safdarjung,2026-08-14 08:00:00,28.36,1007.43,65.7,normal,none
AWS-001,Delhi Safdarjung,2026-08-14 08:10:00,28.76,1007.7,65.6,normal,none
AWS-001,Delhi Safdarjung,2026-08-14 08:20:00,28.46,1007.39,63.5,normal,none
AWS-001,Delhi Safdarjung,2026-08-14 08:30:00,28.68,1007.32,65.1,normal,none
AWS-001,Delhi Safdarjung,2026-08-14 08:40:00,29.41,1007.46,63.5,normal,none
AWS-001,Delhi Safdarjung,2026-08-14 08:50:00,29.34,1007.37,63.2,normal,none
AWS-001,Delhi Safdarjung,2026-08-14 09:00:00,30.7,1006.95,63.9,normal,none
AWS-001,Delhi Safdarjung,2026-08-14 09:10:00,30.84,1007.29,58.8,normal,none
AWS-001,Delhi Safdarjung,2026-08-14 09:20:00,31.14,1006.99,58.9,normal,none
AWS-001,Delhi Safdarjung,2026-08-14 09:30:00,30.82,1007.12,59.7,normal,none
AWS-001,Delhi Safdarjung,2026-08-14 09:40:00,31.92,1006.67,62.9,normal,none
AWS-001,Delhi Safdarjung,2026-08-14 09:50:00,32.45,1006.81,59.3,normal,none
AWS-001,Delhi Safdarjung,2026-08-14 10:00:00,32.18,1006.89,59.1,normal,none
AWS-001,Delhi Safdarjung,2026-08-14 10:10:00,31.95,1006.97,57.7,normal,none
AWS-001,Delhi Safdarjung,2026-08-14 10:20:00,33.0,1007.3,57.7,normal,none
AWS-001,Delhi Safdarjung,2026-08-14 10:30:00,33.06,1006.67,57.1,normal,none
AWS-001,Delhi Safdarjung,2026-08-14 10:40:00,33.53,1006.6,54.0,normal,none
AWS-001,Delhi Safdarjung,2026-08-14 10:50:00,33.97,1006.83,56.2,normal,none
AWS-001,Delhi Safdarjung,2026-08-14 11:00:00,33.75,1007.39,56.5,normal,none
AWS-001,Delhi Safdarjung,2026-08-14 11:10:00,34.03,1007.2,55.7,normal,none
AWS-001,Delhi Safdarjung,2026-08-14 11:20:00,35.05,1006.59,57.1,normal,none
AWS-001,Delhi Safdarjung,2026-08-14 11:30:00,34.77,1006.76,51.8,normal,none
AWS-001,Delhi Safdarjung,2026-08-14 11:40:00,34.91,1006.59,55.4,normal,none
AWS-001,Delhi Safdarjung,2026-08-14 11:50:00,34.79,1006.59,53.8,normal,none
AWS-001,Delhi Safdarjung,2026-08-14 12:00:00,35.52,1006.19,53.0,normal,none
AWS-001,Delhi Safdarjung,2026-08-14 12:10:00,35.89,1006.3,52.0,normal,none
AWS-001,Delhi Safdarjung,2026-08-14 12:20:00,35.45,1006.3,53.8,normal,none
AWS-001,Delhi Safdarjung,2026-08-14 12:30:00,36.08,1005.96,50.8,normal,none
AWS-001,Delhi Safdarjung,2026-08-14 12:40:00,36.72,1005.72,51.8,normal,none
AWS-001,Delhi Safdarjung,2026-08-14 12:50:00,36.64,1006.02,51.9,normal,none
AWS-001,Delhi Safdarjung,2026-08-14 13:00:00,36.44,1005.36,51.8,normal,none
AWS-001,Delhi Safdarjung,2026-08-14 13:10:00,36.62,1005.92,49.7,normal,none
AWS-001,Delhi Safdarjung,2026-08-14 13:20:00,36.44,1005.44,52.6,normal,none
AWS-001,Delhi Safdarjung,2026-08-14 13:30:00,36.85,1005.46,52.0,normal,none
AWS-001,Delhi Safdarjung,2026-08-14 13:40:00,37.06,1005.45,49.9,normal,none
AWS-001,Delhi Safdarjung,2026-08-14 13:50:00,36.03,1005.32,50.9,normal,none
AWS-001,Delhi Safdarjung,2026-08-14 14:00:00,37.44,1005.23,51.2,normal,none
AWS-001,Delhi Safdarjung,2026-08-14 14:10:00,37.0,1004.94,49.5,normal,none
AWS-001,Delhi Safdarjung,2026-08-14 14:20:00,37.13,1005.09,52.2,normal,none
AWS-001,Delhi Safdarjung,2026-08-14 14:30:00,36.8,1004.99,51.2,normal,none
AWS-001,Delhi Safdarjung,2026-08-14 14:40:00,36.94,1005.08,50.0,normal,none
AWS-001,Delhi Safdarjung,2026-08-14 14:50:00,36.98,1004.12,48.8,normal,none
AWS-001,Delhi Safdarjung,2026-08-14 15:00:00,37.28,1004.47,48.6,normal,none
AWS-001,Delhi Safdarjung,2026-08-14 15:10:00,36.98,1004.37,51.3,normal,none
AWS-001,Delhi Safdarjung,2026-08-14 15:20:00,37.32,1004.42,50.7,normal,none
AWS-001,Delhi Safdarjung,2026-08-14 15:30:00,36.56,1003.97,48.5,normal,none
AWS-001,Delhi Safdarjung,2026-08-14 15:40:00,37.25,1004.32,48.8,normal,none
AWS-001,Delhi Safdarjung,2026-08-14 15:50:00,36.36,1004.23,51.4,normal,none
AWS-001,Delhi Safdarjung,2026-08-14 16:00:00,36.58,1003.62,51.0,normal,none
AWS-001,Delhi Safdarjung,2026-08-14 16:10:00,36.71,1003.94,51.4,normal,none
AWS-001,Delhi Safdarjung,2026-08-14 16:20:00,36.16,1003.62,52.2,normal,none
AWS-001,Delhi Safdarjung,2026-08-14 16:30:00,35.74,1003.28,52.2,normal,none
AWS-001,Delhi Safdarjung,2026-08-14 16:40:00,35.72,1004.04,52.2,normal,none
AWS-001,Delhi Safdarjung,2026-08-14 16:50:00,35.95,1003.27,52.5,normal,none
AWS-001,Delhi Safdarjung,2026-08-14 17:00:00,35.33,1003.52,53.1,normal,none
AWS-001,Delhi Safdarjung,2026-08-14 17:10:00,34.61,1003.37,54.5,normal,none
AWS-001,Delhi Safdarjung,2026-08-14 17:20:00,35.12,1003.14,52.6,normal,none
AWS-001,Delhi Safdarjung,2026-08-14 17:30:00,34.68,1003.03,53.4,normal,none
AWS-001,Delhi Safdarjung,2026-08-14 17:40:00,34.96,1003.06,57.0,normal,none
AWS-001,Delhi Safdarjung,2026-08-14 17:50:00,34.3,1002.66,56.4,normal,none
AWS-001,Delhi Safdarjung,2026-08-14 18:00:00,34.03,1002.83,55.8,normal,none
AWS-001,Delhi Safdarjung,2026-08-14 18:10:00,33.5,1002.63,55.9,normal,none
AWS-001,Delhi Safdarjung,2026-08-14 18:20:00,33.75,1002.67,58.5,normal,none
AWS-001,Delhi Safdarjung,2026-08-14 18:30:00,33.19,1002.33,59.4,normal,none
AWS-001,Delhi Safdarjung,2026-08-14 18:40:00,32.76,1003.03,57.8,normal,none
AWS-001,Delhi Safdarjung,2026-08-14 18:50:00,32.4,1002.37,58.6,normal,none
AWS-001,Delhi Safdarjung,2026-08-14 19:00:00,32.14,1002.22,57.5,normal,none
AWS-001,Delhi Safdarjung,2026-08-14 19:10:00,32.07,1002.48,61.8,normal,none
AWS-001,Delhi Safdarjung,2026-08-14 19:20:00,30.89,1002.66,60.5,normal,none
AWS-001,Delhi Safdarjung,2026-08-14 19:30:00,31.39,1001.93,60.2,normal,none
AWS-001,Delhi Safdarjung,2026-08-14 19:40:00,30.96,1002.44,64.6,normal,none
AWS-001,Delhi Safdarjung,2026-08-14 19:50:00,30.73,1002.05,63.9,normal,none
AWS-001,Delhi Safdarjung,2026-08-14 20:00:00,30.09,1002.12,63.5,normal,none
AWS-001,Delhi Safdarjung,2026-08-14 20:10:00,30.1,1001.97,62.2,normal,none
AWS-001,Delhi Safdarjung,2026-08-14 20:20:00,29.49,1001.64,63.5,normal,none
AWS-001,Delhi Safdarjung,2026-08-14 20:30:00,28.55,1001.97,63.6,normal,none
AWS-001,Delhi Safdarjung,2026-08-14 20:40:00,28.87,1001.58,64.5,normal,none
AWS-001,Delhi Safdarjung,2026-08-14 20:50:00,28.26,1001.72,64.4,normal,none
AWS-001,Delhi Safdarjung,2026-08-14 21:00:00,27.84,1001.68,67.6,normal,none
AWS-001,Delhi Safdarjung,2026-08-14 21:10:00,28.22,1001.6,67.2,normal,none
AWS-001,Delhi Safdarjung,2026-08-14 21:20:00,27.61,1001.69,67.2,normal,none
AWS-001,Delhi Safdarjung,2026-08-14 21:30:00,26.89,1001.81,69.9,normal,none
AWS-001,Delhi Safdarjung,2026-08-14 21:40:00,26.05,1001.64,70.1,normal,none
AWS-001,Delhi Safdarjung,2026-08-14 21:50:00,26.64,1001.87,71.1,normal,none
AWS-001,Delhi Safdarjung,2026-08-14 22:00:00,26.13,1001.5,70.4,normal,none
AWS-001,Delhi Safdarjung,2026-08-14 22:10:00,25.97,1001.68,71.6,normal,none
AWS-001,Delhi Safdarjung,2026-08-14 22:20:00,24.78,1001.94,70.7,normal,none
AWS-001,Delhi Safdarjung,2026-08-14 22:30:00,24.86,1001.81,71.8,normal,none
AWS-001,Delhi Safdarjung,2026-08-14 22:40:00,24.69,1001.61,71.5,normal,none
AWS-001,Delhi Safdarjung,2026-08-14 22:50:00,24.63,1001.7,71.8,normal,none
AWS-001,Delhi Safdarjung,2026-08-14 23:00:00,23.9,1002.29,73.9,normal,none
AWS-001,Delhi Safdarjung,2026-08-14 23:10:00,23.61,1001.74,73.7,normal,none
AWS-001,Delhi Safdarjung,2026-08-14 23:20:00,24.2,1001.73,72.4,normal,none
AWS-001,Delhi Safdarjung,2026-08-14 23:30:00,23.6,1002.03,76.1,normal,none
AWS-001,Delhi Safdarjung,2026-08-14 23:40:00,22.66,1001.58,75.9,normal,none
AWS-001,Delhi Safdarjung,2026-08-14 23:50:00,23.19,1002.19,75.5,normal,none
AWS-001,Delhi Safdarjung,2026-08-15 00:00:00,22.38,1001.37,77.0,normal,none
AWS-001,Delhi Safdarjung,2026-08-15 00:10:00,22.37,1001.56,76.4,normal,none
AWS-001,Delhi Safdarjung,2026-08-15 00:20:00,22.66,1002.27,78.0,normal,none
AWS-001,Delhi Safdarjung,2026-08-15 00:30:00,22.1,1001.6,78.5,normal,none
AWS-001,Delhi Safdarjung,2026-08-15 00:40:00,21.57,1002.05,76.9,normal,none
AWS-001,Delhi Safdarjung,2026-08-15 00:50:00,21.61,1002.46,75.9,normal,none
AWS-001,Delhi Safdarjung,2026-08-15 01:00:00,21.62,1001.75,79.0,normal,none
AWS-001,Delhi Safdarjung,2026-08-15 01:10:00,21.75,1001.81,79.9,normal,none
AWS-001,Delhi Safdarjung,2026-08-15 01:20:00,21.65,1002.33,76.8,normal,none
AWS-001,Delhi Safdarjung,2026-08-15 01:30:00,21.19,1002.46,77.8,normal,none
AWS-001,Delhi Safdarjung,2026-08-15 01:40:00,21.22,1002.81,79.8,normal,none
AWS-001,Delhi Safdarjung,2026-08-15 01:50:00,21.33,1002.29,79.7,normal,none
AWS-001,Delhi Safdarjung,2026-08-15 02:00:00,21.15,1002.35,79.4,normal,none
AWS-001,Delhi Safdarjung,2026-08-15 02:10:00,21.1,1002.6,77.5,normal,none
AWS-001,Delhi Safdarjung,2026-08-15 02:20:00,21.7,1002.46,78.7,normal,none
AWS-001,Delhi Safdarjung,2026-08-15 02:30:00,20.85,1002.94,80.0,normal,none
AWS-001,Delhi Safdarjung,2026-08-15 02:40:00,21.08,1002.68,81.6,normal,none
AWS-001,Delhi Safdarjung,2026-08-15 02:50:00,21.78,1003.1,79.6,normal,none
AWS-001,Delhi Safdarjung,2026-08-15 03:00:00,21.5,1003.07,79.4,normal,none
AWS-001,Delhi Safdarjung,2026-08-15 03:10:00,21.0,1002.6,77.8,normal,none
AWS-001,Delhi Safdarjung,2026-08-15 03:20:00,22.42,1002.77,77.2,normal,none
AWS-001,Delhi Safdarjung,2026-08-15 03:30:00,21.62,1003.27,79.5,normal,none
AWS-001,Delhi Safdarjung,2026-08-15 03:40:00,22.21,1003.5,78.3,normal,none
AWS-001,Delhi Safdarjung,2026-08-15 03:50:00,21.8,1002.99,78.9,normal,none
AWS-001,Delhi Safdarjung,2026-08-15 04:00:00,21.23,1003.37,78.4,normal,none
AWS-001,Delhi Safdarjung,2026-08-15 04:10:00,21.93,1002.9,77.2,normal,none
AWS-001,Delhi Safdarjung,2026-08-15 04:20:00,22.7,1003.45,77.3,normal,none
AWS-001,Delhi Safdarjung,2026-08-15 04:30:00,21.93,1003.6,76.1,normal,none
AWS-001,Delhi Safdarjung,2026-08-15 04:40:00,22.79,1003.48,75.3,normal,none
AWS-001,Delhi Safdarjung,2026-08-15 04:50:00,23.33,1003.87,77.7,normal,none
AWS-001,Delhi Safdarjung,2026-08-15 05:00:00,22.57,1003.89,75.6,normal,none
AWS-001,Delhi Safdarjung,2026-08-15 05:10:00,23.85,1003.95,75.1,normal,none
AWS-001,Delhi Safdarjung,2026-08-15 05:20:00,23.56,1003.69,76.8,normal,none
AWS-001,Delhi Safdarjung,2026-08-15 05:30:00,23.8,1003.71,76.5,normal,none
AWS-001,Delhi Safdarjung,2026-08-15 05:40:00,24.33,1003.98,73.2,normal,none
AWS-001,Delhi Safdarjung,2026-08-15 05:50:00,24.08,1003.76,72.4,normal,none
AWS-001,Delhi Safdarjung,2026-08-15 06:00:00,24.7,1003.97,71.9,normal,none
AWS-001,Delhi Safdarjung,2026-08-15 06:10:00,24.92,1003.58,69.9,normal,none
AWS-001,Delhi Safdarjung,2026-08-15 06:20:00,25.18,1003.72,73.8,normal,none
AWS-001,Delhi Safdarjung,2026-08-15 06:30:00,25.77,1003.89,71.6,normal,none
AWS-001,Delhi Safdarjung,2026-08-15 06:40:00,25.4,1003.77,71.2,normal,none
AWS-001,Delhi Safdarjung,2026-08-15 06:50:00,26.46,1004.08,68.9,normal,none
AWS-001,Delhi Safdarjung,2026-08-15 07:00:00,26.63,1003.97,68.8,normal,none
AWS-001,Delhi Safdarjung,2026-08-15 07:10:00,26.7,1004.01,70.6,normal,none
AWS-001,Delhi Safdarjung,2026-08-15 07:20:00,26.86,1003.74,67.3,normal,none
AWS-001,Delhi Safdarjung,2026-08-15 07:30:00,26.72,1003.68,67.3,normal,none
AWS-001,Delhi Safdarjung,2026-08-15 07:40:00,28.43,1004.13,70.6,normal,none
AWS-001,Delhi Safdarjung,2026-08-15 07:50:00,28.65,1004.2,66.9,normal,none
AWS-001,Delhi Safdarjung,2026-08-15 08:00:00,28.27,1003.68,65.0,normal,none
AWS-001,Delhi Safdarjung,2026-08-15 08:10:00,28.45,1003.97,64.7,normal,none
AWS-001,Delhi Safdarjung,2026-08-15 08:20:00,28.93,1004.11,63.6,normal,none
AWS-001,Delhi Safdarjung,2026-08-15 08:30:00,29.58,1004.1,64.7,normal,none
AWS-001,Delhi Safdarjung,2026-08-15 08:40:00,29.76,1004.33,63.5,normal,none
AWS-001,Delhi Safdarjung,2026-08-15 08:50:00,30.11,1003.44,63.5,normal,none
AWS-001,Delhi Safdarjung,2026-08-15 09:00:00,30.98,1004.0,63.7,normal,none
AWS-001,Delhi Safdarjung,2026-08-15 09:10:00,31.44,1004.58,61.9,normal,none
AWS-001,Delhi Safdarjung,2026-08-15 09:20:00,30.92,1003.92,61.2,normal,none
AWS-001,Delhi Safdarjung,2026-08-15 09:30:00,31.95,1004.18,60.1,normal,none
AWS-001,Delhi Safdarjung,2026-08-15 09:40:00,31.75,1003.98,59.0,normal,none
AWS-001,Delhi Safdarjung,2026-08-15 09:50:00,32.14,1003.85,58.3,normal,none
AWS-001,Delhi Safdarjung,2026-08-15 10:00:00,32.18,1003.68,58.7,normal,none
AWS-001,Delhi Safdarjung,2026-08-15 10:10:00,33.09,1003.79,57.9,normal,none
AWS-001,Delhi Safdarjung,2026-08-15 10:20:00,33.67,1004.34,56.5,normal,none
AWS-001,Delhi Safdarjung,2026-08-15 10:30:00,33.26,1003.69,55.2,normal,none
AWS-001,Delhi Safdarjung,2026-08-15 10:40:00,33.9,1003.54,55.9,normal,none
AWS-001,Delhi Safdarjung,2026-08-15 10:50:00,34.52,1003.69,55.3,normal,none
AWS-001,Delhi Safdarjung,2026-08-15 11:00:00,34.05,1003.91,53.4,normal,none
AWS-001,Delhi Safdarjung,2026-08-15 11:10:00,34.55,1003.45,55.0,normal,none
AWS-001,Delhi Safdarjung,2026-08-15 11:20:00,35.35,1003.49,54.3,normal,none
AWS-001,Delhi Safdarjung,2026-08-15 11:30:00,35.5,1003.78,53.9,normal,none
AWS-001,Delhi Safdarjung,2026-08-15 11:40:00,35.33,1003.48,53.0,normal,none
AWS-001,Delhi Safdarjung,2026-08-15 11:50:00,36.4,1003.38,52.4,normal,none
AWS-001,Delhi Safdarjung,2026-08-15 12:00:00,36.58,1002.95,51.4,normal,none
AWS-001,Delhi Safdarjung,2026-08-15 12:10:00,36.29,1003.36,52.8,normal,none
AWS-001,Delhi Safdarjung,2026-08-15 12:20:00,36.54,1003.06,52.5,normal,none
AWS-001,Delhi Safdarjung,2026-08-15 12:30:00,36.61,1002.76,50.4,normal,none
AWS-001,Delhi Safdarjung,2026-08-15 12:40:00,37.27,1002.71,50.1,normal,none
AWS-001,Delhi Safdarjung,2026-08-15 12:50:00,36.71,1002.65,51.2,normal,none
AWS-001,Delhi Safdarjung,2026-08-15 13:00:00,37.23,1002.8,51.6,normal,none
AWS-001,Delhi Safdarjung,2026-08-15 13:10:00,37.3,1002.45,50.5,normal,none
AWS-001,Delhi Safdarjung,2026-08-15 13:20:00,37.62,1002.62,50.0,normal,none
AWS-001,Delhi Safdarjung,2026-08-15 13:30:00,37.98,1002.54,51.8,normal,none
AWS-001,Delhi Safdarjung,2026-08-15 13:40:00,37.96,1002.37,49.9,normal,none
AWS-001,Delhi Safdarjung,2026-08-15 13:50:00,38.28,1002.02,50.7,normal,none
AWS-001,Delhi Safdarjung,2026-08-15 14:00:00,37.72,1002.51,50.5,normal,none
AWS-001,Delhi Safdarjung,2026-08-15 14:10:00,38.29,1001.57,46.1,normal,none
AWS-001,Delhi Safdarjung,2026-08-15 14:20:00,37.88,1002.55,49.3,normal,none
AWS-001,Delhi Safdarjung,2026-08-15 14:30:00,38.32,1002.21,48.7,normal,none
AWS-001,Delhi Safdarjung,2026-08-15 14:40:00,38.46,1001.77,50.0,normal,none
AWS-001,Delhi Safdarjung,2026-08-15 14:50:00,37.68,1001.46,49.6,normal,none
AWS-001,Delhi Safdarjung,2026-08-15 15:00:00,38.19,1002.31,48.5,normal,none
AWS-001,Delhi Safdarjung,2026-08-15 15:10:00,37.87,1001.24,50.3,normal,none
AWS-001,Delhi Safdarjung,2026-08-15 15:20:00,37.73,1001.33,50.7,normal,none
AWS-001,Delhi Safdarjung,2026-08-15 15:30:00,37.65,1001.75,48.9,normal,none
AWS-001,Delhi Safdarjung,2026-08-15 15:40:00,37.83,1001.58,48.8,normal,none
AWS-001,Delhi Safdarjung,2026-08-15 15:50:00,37.24,1001.55,49.0,normal,none
AWS-001,Delhi Safdarjung,2026-08-15 16:00:00,38.16,1001.09,50.1,normal,none
AWS-001,Delhi Safdarjung,2026-08-15 16:10:00,37.77,1000.76,47.5,normal,none
AWS-001,Delhi Safdarjung,2026-08-15 16:20:00,36.96,1001.57,53.1,normal,none
AWS-001,Delhi Safdarjung,2026-08-15 16:30:00,36.91,1000.93,51.0,normal,none
AWS-001,Delhi Safdarjung,2026-08-15 16:40:00,37.56,1000.73,52.4,normal,none
AWS-001,Delhi Safdarjung,2026-08-15 16:50:00,36.99,1000.38,50.6,normal,none
AWS-001,Delhi Safdarjung,2026-08-15 17:00:00,37.37,1000.36,50.7,normal,none
AWS-001,Delhi Safdarjung,2026-08-15 17:10:00,36.39,1000.24,51.8,normal,none
AWS-001,Delhi Safdarjung,2026-08-15 17:20:00,36.09,1000.52,50.4,normal,none
AWS-001,Delhi Safdarjung,2026-08-15 17:30:00,36.37,1000.32,54.6,normal,none
AWS-001,Delhi Safdarjung,2026-08-15 17:40:00,35.79,1000.27,54.5,normal,none
AWS-001,Delhi Safdarjung,2026-08-15 17:50:00,35.35,1000.48,53.6,normal,none
AWS-001,Delhi Safdarjung,2026-08-15 18:00:00,35.57,1000.19,53.4,normal,none
AWS-001,Delhi Safdarjung,2026-08-15 18:10:00,35.59,1000.38,55.8,normal,none
AWS-001,Delhi Safdarjung,2026-08-15 18:20:00,34.7,1000.55,54.1,normal,none
AWS-001,Delhi Safdarjung,2026-08-15 18:30:00,34.75,1000.14,57.6,normal,none
AWS-001,Delhi Safdarjung,2026-08-15 18:40:00,34.58,1000.12,56.4,normal,none
AWS-001,Delhi Safdarjung,2026-08-15 18:50:00,33.94,1000.02,56.8,normal,none
AWS-001,Delhi Safdarjung,2026-08-15 19:00:00,33.47,999.92,57.1,normal,none
AWS-001,Delhi Safdarjung,2026-08-15 19:10:00,33.18,999.64,56.9,normal,none
AWS-001,Delhi Safdarjung,2026-08-15 19:20:00,32.77,999.4,60.5,normal,none
AWS-001,Delhi Safdarjung,2026-08-15 19:30:00,32.65,1000.0,61.1,normal,none
AWS-001,Delhi Safdarjung,2026-08-15 19:40:00,32.76,999.83,59.7,normal,none
AWS-001,Delhi Safdarjung,2026-08-15 19:50:00,31.99,999.57,61.5,normal,none
AWS-001,Delhi Safdarjung,2026-08-15 20:00:00,31.11,999.53,61.5,normal,none
AWS-001,Delhi Safdarjung,2026-08-15 20:10:00,31.57,999.67,62.3,normal,none
AWS-001,Delhi Safdarjung,2026-08-15 20:20:00,30.75,999.77,62.5,normal,none
AWS-001,Delhi Safdarjung,2026-08-15 20:30:00,30.46,1000.02,63.9,normal,none
AWS-001,Delhi Safdarjung,2026-08-15 20:40:00,30.67,999.81,63.7,normal,none
AWS-001,Delhi Safdarjung,2026-08-15 20:50:00,29.52,999.41,62.8,normal,none
AWS-001,Delhi Safdarjung,2026-08-15 21:00:00,29.71,999.58,61.8,normal,none
AWS-001,Delhi Safdarjung,2026-08-15 21:10:00,29.09,999.55,63.7,normal,none
AWS-001,Delhi Safdarjung,2026-08-15 21:20:00,29.77,999.93,67.1,normal,none
AWS-001,Delhi Safdarjung,2026-08-15 21:30:00,28.61,999.94,63.7,normal,none
AWS-001,Delhi Safdarjung,2026-08-15 21:40:00,27.95,999.91,69.4,normal,none
AWS-001,Delhi Safdarjung,2026-08-15 21:50:00,27.91,999.18,65.4,normal,none
AWS-001,Delhi Safdarjung,2026-08-15 22:00:00,27.41,999.4,67.9,normal,none
AWS-001,Delhi Safdarjung,2026-08-15 22:10:00,27.04,999.95,68.0,normal,none
AWS-001,Delhi Safdarjung,2026-08-15 22:20:00,26.7,999.41,68.9,normal,none
AWS-001,Delhi Safdarjung,2026-08-15 22:30:00,26.83,999.65,69.4,normal,none
AWS-001,Delhi Safdarjung,2026-08-15 22:40:00,26.58,999.92,71.8,normal,none
AWS-001,Delhi Safdarjung,2026-08-15 22:50:00,26.72,999.99,70.0,normal,none
AWS-001,Delhi Safdarjung,2026-08-15 23:00:00,25.92,999.45,69.7,normal,none
AWS-001,Delhi Safdarjung,2026-08-15 23:10:00,25.6,1000.05,71.1,normal,none
AWS-001,Delhi Safdarjung,2026-08-15 23:20:00,25.85,999.9,70.8,normal,none
AWS-001,Delhi Safdarjung,2026-08-15 23:30:00,25.58,999.95,72.1,normal,none
AWS-001,Delhi Safdarjung,2026-08-15 23:40:00,24.56,999.81,71.1,normal,none
AWS-001,Delhi Safdarjung,2026-08-15 23:50:00,25.44,1000.33,73.8,normal,none
