station_id,station_name,timestamp,temperature,pressure,humidity,label,fault_type
AWS-004,Kolkata Alipore,2026-08-01 00:00:00,25.26,1009.99,87.6,normal,none
AWS-004,Kolkata Alipore,2026-08-01 00:10:00,24.22,1009.98,88.9,normal,none
AWS-004,Kolkata Alipore,2026-08-01 00:20:00,25.16,1009.82,87.9,normal,none
AWS-004,Kolkata Alipore,2026-08-01 00:30:00,24.45,1010.09,89.8,normal,none
AWS-004,Kolkata Alipore,2026-08-01 00:40:00,24.76,1010.22,88.2,normal,none
AWS-004,Kolkata Alipore,2026-08-01 00:50:00,24.07,1009.84,89.2,normal,none
AWS-004,Kolkata Alipore,2026-08-01 01:00:00,23.33,1010.31,89.0,normal,none
AWS-004,Kolkata Alipore,2026-08-01 01:10:00,24.37,1010.21,88.3,normal,none
AWS-004,Kolkata Alipore,2026-08-01 01:20:00,23.64,1010.74,89.1,normal,none
AWS-004,Kolkata Alipore,2026-08-01 01:30:00,24.4,1009.96,89.8,normal,none
AWS-004,Kolkata Alipore,2026-08-01 01:40:00,23.9,1010.33,89.2,normal,none
AWS-004,Kolkata Alipore,2026-08-01 01:50:00,24.05,1010.46,90.3,normal,none
AWS-004,Kolkata Alipore,2026-08-01 02:00:00,24.04,1010.96,87.9,normal,none
AWS-004,Kolkata Alipore,2026-08-01 02:10:00,23.65,1010.52,89.4,normal,none
AWS-004,Kolkata Alipore,2026-08-01 02:20:00,24.2,1010.58,90.0,normal,none
AWS-004,Kolkata Alipore,2026-08-01 02:30:00,23.87,1010.96,89.2,normal,none
AWS-004,Kolkata Alipore,2026-08-01 02:40:00,24.5,1010.66,88.2,normal,none
AWS-004,Kolkata Alipore,2026-08-01 02:50:00,24.64,1010.74,88.8,normal,none
AWS-004,Kolkata Alipore,2026-08-01 03:00:00,24.64,1011.06,88.3,normal,none
AWS-004,Kolkata Alipore,2026-08-01 03:10:00,24.2,1011.15,90.5,normal,none
AWS-004,Kolkata Alipore,2026-08-01 03:20:00,24.9,1010.9,86.8,normal,none
AWS-004,Kolkata Alipore,2026-08-01 03:30:00,24.57,1011.08,90.0,normal,none
AWS-004,Kolkata Alipore,2026-08-01 03:40:00,24.46,1011.05,87.3,normal,none
AWS-004,Kolkata Alipore,2026-08-01 03:50:00,24.58,1011.05,86.1,normal,none
AWS-004,Kolkata Alipore,2026-08-01 04:00:00,24.86,1011.4,89.0,normal,none
AWS-004,Kolkata Alipore,2026-08-01 04:10:00,25.04,1011.13,90.2,normal,none
AWS-004,Kolkata Alipore,2026-08-01 04:20:00,25.0,1011.31,89.0,normal,none
AWS-004,Kolkata Alipore,2026-08-01 04:30:00,24.77,1011.61,86.2,normal,none
AWS-004,Kolkata Alipore,2026-08-01 04:40:00,25.16,1011.36,87.3,normal,none
AWS-004,Kolkata Alipore,2026-08-01 04:50:00,24.95,1011.7,86.3,normal,none
AWS-004,Kolkata Alipore,2026-08-01 05:00:00,25.84,1011.91,86.1,normal,none
AWS-004,Kolkata Alipore,2026-08-01 05:10:00,25.18,1011.67,88.0,normal,none
AWS-004,Kolkata Alipore,2026-08-01 05:20:00,25.99,1011.7,85.1,normal,none
AWS-004,Kolkata Alipore,2026-08-01 05:30:00,25.67,1011.64,83.8,normal,none
AWS-004,Kolkata Alipore,2026-08-01 05:40:00,25.86,1011.96,83.3,normal,none
AWS-004,Kolkata Alipore,2026-08-01 05:50:00,27.1,1012.26,85.0,normal,none
AWS-004,Kolkata Alipore,2026-08-01 06:00:00,26.44,1012.14,85.1,normal,none
AWS-004,Kolkata Alipore,2026-08-01 06:10:00,27.22,1012.37,83.0,normal,none
AWS-004,Kolkata Alipore,2026-08-01 06:20:00,27.3,1011.95,85.3,normal,none
AWS-004,Kolkata Alipore,2026-08-01 06:30:00,27.39,1012.34,82.3,normal,none
AWS-004,Kolkata Alipore,2026-08-01 06:40:00,27.9,1012.42,83.4,normal,none
AWS-004,Kolkata Alipore,2026-08-01 06:50:00,27.74,1012.16,81.3,normal,none
AWS-004,Kolkata Alipore,2026-08-01 07:00:00,28.34,1012.52,81.9,normal,none
AWS-004,Kolkata Alipore,2026-08-01 07:10:00,28.73,1012.43,81.9,normal,none
AWS-004,Kolkata Alipore,2026-08-01 07:20:00,28.66,1012.63,79.1,normal,none
AWS-004,Kolkata Alipore,2026-08-01 07:30:00,28.81,1012.24,79.4,normal,none
AWS-004,Kolkata Alipore,2026-08-01 07:40:00,29.33,1012.26,79.9,normal,none
AWS-004,Kolkata Alipore,2026-08-01 07:50:00,29.39,1013.01,80.9,normal,none
AWS-004,Kolkata Alipore,2026-08-01 08:00:00,29.72,1012.48,78.3,normal,none
AWS-004,Kolkata Alipore,2026-08-01 08:10:00,30.4,1013.08,77.6,normal,none
AWS-004,Kolkata Alipore,2026-08-01 08:20:00,30.6,1012.49,78.5,normal,none
AWS-004,Kolkata Alipore,2026-08-01 08:30:00,30.32,1012.56,78.7,normal,none
AWS-004,Kolkata Alipore,2026-08-01 08:40:00,30.88,1012.39,75.6,normal,none
AWS-004,Kolkata Alipore,2026-08-01 08:50:00,31.9,1012.13,76.2,normal,none
AWS-004,Kolkata Alipore,2026-08-01 09:00:00,31.62,1012.5,76.5,normal,none
AWS-004,Kolkata Alipore,2026-08-01 09:10:00,32.01,1012.8,76.8,normal,none
AWS-004,Kolkata Alipore,2026-08-01 09:20:00,31.37,1012.22,75.4,normal,none
AWS-004,Kolkata Alipore,2026-08-01 09:30:00,32.58,1011.95,75.8,normal,none
AWS-004,Kolkata Alipore,2026-08-01 09:40:00,32.49,1012.58,73.0,normal,none
AWS-004,Kolkata Alipore,2026-08-01 09:50:00,32.76,1012.74,74.4,normal,none
AWS-004,Kolkata Alipore,2026-08-01 10:00:00,32.71,1012.31,72.3,normal,none
AWS-004,Kolkata Alipore,2026-08-01 10:10:00,32.89,1012.11,73.9,normal,none
AWS-004,Kolkata Alipore,2026-08-01 10:20:00,33.52,1012.17,73.7,normal,none
AWS-004,Kolkata Alipore,2026-08-01 10:30:00,33.66,1012.0,72.5,normal,none
AWS-004,Kolkata Alipore,2026-08-01 10:40:00,34.18,1012.07,70.9,normal,none
AWS-004,Kolkata Alipore,2026-08-01 10:50:00,34.6,1012.12,72.5,normal,none
AWS-004,Kolkata Alipore,2026-08-01 11:00:00,34.46,1012.64,68.3,normal,none
AWS-004,Kolkata Alipore,2026-08-01 11:10:00,34.47,1011.83,68.9,normal,none
AWS-004,Kolkata Alipore,2026-08-01 11:20:00,35.27,1012.29,68.4,normal,none
AWS-004,Kolkata Alipore,2026-08-01 11:30:00,35.02,1011.76,70.5,normal,none
AWS-004,Kolkata Alipore,2026-08-01 11:40:00,36.08,1012.17,67.6,normal,none
AWS-004,Kolkata Alipore,2026-08-01 11:50:00,36.1,1011.64,67.9,normal,none
AWS-004,Kolkata Alipore,2026-08-01 12:00:00,35.7,1011.77,68.9,normal,none
AWS-004,Kolkata Alipore,2026-08-01 12:10:00,35.35,1011.78,68.9,normal,none
AWS-004,Kolkata Alipore,2026-08-01 12:20:00,35.6,1011.88,67.4,normal,none
AWS-004,Kolkata Alipore,2026-08-01 12:30:00,36.1,1011.55,67.0,normal,none
AWS-004,Kolkata Alipore,2026-08-01 12:40:00,36.04,1011.69,66.7,normal,none
AWS-004,Kolkata Alipore,2026-08-01 12:50:00,36.93,1011.57,67.3,normal,none
AWS-004,Kolkata Alipore,2026-08-01 13:00:00,36.9,1011.25,66.6,normal,none
AWS-004,Kolkata Alipore,2026-08-01 13:10:00,36.72,1011.62,68.9,normal,none
AWS-004,Kolkata Alipore,2026-08-01 13:20:00,36.34,1011.19,66.9,normal,none
AWS-004,Kolkata Alipore,2026-08-01 13:30:00,36.94,1011.18,65.5,normal,none
AWS-004,Kolkata Alipore,2026-08-01 13:40:00,36.62,1010.79,66.5,normal,none
AWS-004,Kolkata Alipore,2026-08-01 13:50:00,36.95,1010.84,66.1,normal,none
AWS-004,Kolkata Alipore,2026-08-01 14:00:00,36.88,1010.99,68.1,normal,none
AWS-004,Kolkata Alipore,2026-08-01 14:10:00,37.5,1011.1,67.2,normal,none
AWS-004,Kolkata Alipore,2026-08-01 14:20:00,37.14,1010.18,65.7,normal,none
AWS-004,Kolkata Alipore,2026-08-01 14:30:00,37.13,1010.47,64.6,normal,none
AWS-004,Kolkata Alipore,2026-08-01 14:40:00,37.42,1010.28,65.1,normal,none
AWS-004,Kolkata Alipore,2026-08-01 14:50:00,36.75,1009.92,67.0,normal,none
AWS-004,Kolkata Alipore,2026-08-01 15:00:00,37.78,1010.6,66.0,normal,none
AWS-004,Kolkata Alipore,2026-08-01 15:10:00,36.66,1010.19,66.1,normal,none
AWS-004,Kolkata Alipore,2026-08-01 15:20:00,37.1,1009.99,67.2,normal,none
AWS-004,Kolkata Alipore,2026-08-01 15:30:00,37.1,1010.35,67.0,normal,none
AWS-004,Kolkata Alipore,2026-08-01 15:40:00,36.79,1009.62,66.1,normal,none
AWS-004,Kolkata Alipore,2026-08-01 15:50:00,37.6,1009.38,65.7,normal,none
AWS-004,Kolkata Alipore,2026-08-01 16:00:00,36.94,1009.5,66.7,normal,none
AWS-004,Kolkata Alipore,2026-08-01 16:10:00,37.03,1008.68,67.1,normal,none
AWS-004,Kolkata Alipore,2026-08-01 16:20:00,36.27,1009.5,67.9,normal,none
AWS-004,Kolkata Alipore,2026-08-01 16:30:00,36.26,1009.68,67.1,normal,none
AWS-004,Kolkata Alipore,2026-08-01 16:40:00,36.88,1009.06,67.0,normal,none
AWS-004,Kolkata Alipore,2026-08-01 16:50:00,36.21,1009.05,66.2,normal,none
AWS-004,Kolkata Alipore,2026-08-01 17:00:00,36.31,1009.03,68.6,normal,none
AWS-004,Kolkata Alipore,2026-08-01 17:10:00,35.83,1009.07,67.1,normal,none
AWS-004,Kolkata Alipore,2026-08-01 17:20:00,35.05,1009.15,69.2,normal,none
AWS-004,Kolkata Alipore,2026-08-01 17:30:00,35.71,1008.79,70.1,normal,none
AWS-004,Kolkata Alipore,2026-08-01 17:40:00,36.16,1008.58,67.7,normal,none
AWS-004,Kolkata Alipore,2026-08-01 17:50:00,35.45,1008.39,70.9,normal,none
AWS-004,Kolkata Alipore,2026-08-01 18:00:00,35.0,1008.77,70.9,normal,none
AWS-004,Kolkata Alipore,2026-08-01 18:10:00,34.86,1008.63,69.5,normal,none
AWS-004,Kolkata Alipore,2026-08-01 18:20:00,33.95,1008.59,68.9,normal,none
AWS-004,Kolkata Alipore,2026-08-01 18:30:00,34.74,1008.46,69.3,normal,none
AWS-004,Kolkata Alipore,2026-08-01 18:40:00,34.36,1008.01,71.0,normal,none
AWS-004,Kolkata Alipore,2026-08-01 18:50:00,34.02,1008.59,71.0,normal,none
AWS-004,Kolkata Alipore,2026-08-01 19:00:00,33.58,1008.4,71.4,normal,none
AWS-004,Kolkata Alipore,2026-08-01 19:10:00,33.99,1008.23,73.4,normal,none
AWS-004,Kolkata Alipore,2026-08-01 19:20:00,33.69,1008.64,73.1,normal,none
AWS-004,Kolkata Alipore,2026-08-01 19:30:00,33.32,1008.53,73.0,normal,none
AWS-004,Kolkata Alipore,2026-08-01 19:40:00,32.98,1008.28,75.1,normal,none
AWS-004,Kolkata Alipore,2026-08-01 19:50:00,32.67,1008.05,72.2,normal,none
AWS-004,Kolkata Alipore,2026-08-01 20:00:00,31.99,1008.25,75.8,normal,none
AWS-004,Kolkata Alipore,2026-08-01 20:10:00,32.03,1008.09,74.7,normal,none
AWS-004,Kolkata Alipore,2026-08-01 20:20:00,31.52,1007.92,75.5,normal,none
AWS-004,Kolkata Alipore,2026-08-01 20:30:00,31.99,1008.53,76.6,normal,none
AWS-004,Kolkata Alipore,2026-08-01 20:40:00,31.12,1007.56,79.1,normal,none
AWS-004,Kolkata Alipore,2026-08-01 20:50:00,31.33,1007.76,78.0,normal,none
AWS-004,Kolkata Alipore,2026-08-01 21:00:00,30.91,1007.91,78.6,normal,none
AWS-004,Kolkata Alipore,2026-08-01 21:10:00,30.72,1008.09,78.2,normal,none
AWS-004,Kolkata Alipore,2026-08-01 21:20:00,30.05,1007.68,80.7,normal,none
AWS-004,Kolkata Alipore,2026-08-01 21:30:00,30.44,1007.2,77.9,normal,none
AWS-004,Kolkata Alipore,2026-08-01 21:40:00,29.5,1007.86,81.7,normal,none
AWS-004,Kolkata Alipore,2026-08-01 21:50:00,29.52,1007.85,80.0,normal,none
AWS-004,Kolkata Alipore,2026-08-01 22:00:00,29.56,1007.8,81.5,normal,none
AWS-004,Kolkata Alipore,2026-08-01 22:10:00,29.13,1007.65,80.1,normal,none
AWS-004,Kolkata Alipore,2026-08-01 22:20:00,28.65,1007.53,80.9,normal,none
AWS-004,Kolkata Alipore,2026-08-01 22:30:00,28.58,1007.59,81.1,normal,none
AWS-004,Kolkata Alipore,2026-08-01 22:40:00,28.75,1007.35,82.0,normal,none
AWS-004,Kolkata Alipore,2026-08-01 22:50:00,27.81,1007.64,84.7,normal,none
AWS-004,Kolkata Alipore,2026-08-01 23:00:00,28.23,1007.86,83.2,normal,none
AWS-004,Kolkata Alipore,2026-08-01 23:10:00,27.88,1008.0,83.2,normal,none
AWS-004,Kolkata Alipore,2026-08-01 23:20:00,27.71,1008.5,86.3,normal,none
AWS-004,Kolkata Alipore,2026-08-01 23:30:00,27.1,1008.19,84.4,normal,none
AWS-004,Kolkata Alipore,2026-08-01 23:40:00,27.09,1008.03,82.8,normal,none
AWS-004,Kolkata Alipore,2026-08-01 23:50:00,27.3,1008.33,83.9,normal,none
AWS-004,Kolkata Alipore,2026-08-02 00:00:00,27.4,1008.19,84.9,normal,none
AWS-004,Kolkata Alipore,2026-08-02 00:10:00,26.43,1008.0,85.5,normal,none
AWS-004,Kolkata Alipore,2026-08-02 00:20:00,26.32,1007.9,86.8,normal,none
AWS-004,Kolkata Alipore,2026-08-02 00:30:00,26.1,1008.13,86.1,normal,none
AWS-004,Kolkata Alipore,2026-08-02 00:40:00,26.51,1007.83,86.7,normal,none
AWS-004,Kolkata Alipore,2026-08-02 00:50:00,26.47,1007.75,83.6,normal,none
AWS-004,Kolkata Alipore,2026-08-02 01:00:00,26.04,1008.09,87.7,normal,none
AWS-004,Kolkata Alipore,2026-08-02 01:10:00,25.43,1008.25,87.1,normal,none
AWS-004,Kolkata Alipore,2026-08-02 01:20:00,25.5,1008.94,86.9,normal,none
AWS-004,Kolkata Alipore,2026-08-02 01:30:00,26.02,1008.59,87.6,normal,none
AWS-004,Kolkata Alipore,2026-08-02 01:40:00,25.88,1008.67,85.8,normal,none
AWS-004,Kolkata Alipore,2026-08-02 01:50:00,25.83,1008.14,84.4,normal,none
AWS-004,Kolkata Alipore,2026-08-02 02:00:00,26.09,1009.07,85.9,normal,none
AWS-004,Kolkata Alipore,2026-08-02 02:10:00,25.57,1008.56,86.1,normal,none
AWS-004,Kolkata Alipore,2026-08-02 02:20:00,25.47,1008.87,86.5,normal,none
AWS-004,Kolkata Alipore,2026-08-02 02:30:00,26.03,1008.65,87.0,normal,none
AWS-004,Kolkata Alipore,2026-08-02 02:40:00,25.09,1008.84,89.5,normal,none
AWS-004,Kolkata Alipore,2026-08-02 02:50:00,25.35,1009.0,86.7,normal,none
AWS-004,Kolkata Alipore,2026-08-02 03:00:00,25.87,1009.2,84.5,normal,none
AWS-004,Kolkata Alipore,2026-08-02 03:10:00,25.47,1009.07,87.8,normal,none
AWS-004,Kolkata Alipore,2026-08-02 03:20:00,25.84,1009.21,87.7,normal,none
AWS-004,Kolkata Alipore,2026-08-02 03:30:00,25.94,1008.95,84.8,normal,none
AWS-004,Kolkata Alipore,2026-08-02 03:40:00,26.08,1008.98,88.4,normal,none
AWS-004,Kolkata Alipore,2026-08-02 03:50:00,26.34,1009.15,86.8,normal,none
AWS-004,Kolkata Alipore,2026-08-02 04:00:00,25.87,1008.87,84.0,normal,none
AWS-004,Kolkata Alipore,2026-08-02 04:10:00,26.61,1009.27,86.3,normal,none
AWS-004,Kolkata Alipore,2026-08-02 04:20:00,26.02,1009.17,88.0,normal,none
AWS-004,Kolkata Alipore,2026-08-02 04:30:00,26.22,1009.23,84.1,normal,none
AWS-004,Kolkata Alipore,2026-08-02 04:40:00,27.0,1009.5,86.3,normal,none
AWS-004,Kolkata Alipore,2026-08-02 04:50:00,26.99,1009.41,84.3,normal,none
AWS-004,Kolkata Alipore,2026-08-02 05:00:00,26.55,1009.46,86.2,normal,none
AWS-004,Kolkata Alipore,2026-08-02 05:10:00,27.29,1009.21,86.2,normal,none
AWS-004,Kolkata Alipore,2026-08-02 05:20:00,27.27,1009.63,83.6,normal,none
AWS-004,Kolkata Alipore,2026-08-02 05:30:00,26.94,1009.59,83.6,normal,none
AWS-004,Kolkata Alipore,2026-08-02 05:40:00,27.85,1009.9,83.8,normal,none
AWS-004,Kolkata Alipore,2026-08-02 05:50:00,28.37,1009.8,81.7,normal,none
AWS-004,Kolkata Alipore,2026-08-02 06:00:00,27.62,1009.7,81.4,normal,none
AWS-004,Kolkata Alipore,2026-08-02 06:10:00,28.51,1009.56,82.7,normal,none
AWS-004,Kolkata Alipore,2026-08-02 06:20:00,28.93,1009.82,80.7,normal,none
AWS-004,Kolkata Alipore,2026-08-02 06:30:00,28.47,1009.61,80.6,normal,none
AWS-004,Kolkata Alipore,2026-08-02 06:40:00,29.14,1009.89,81.6,normal,none
AWS-004,Kolkata Alipore,2026-08-02 06:50:00,29.26,1009.55,81.7,normal,none
AWS-004,Kolkata Alipore,2026-08-02 07:00:00,29.48,1009.84,79.9,normal,none
AWS-004,Kolkata Alipore,2026-08-02 07:10:00,29.69,1009.95,80.9,normal,none
AWS-004,Kolkata Alipore,2026-08-02 07:20:00,29.75,1009.68,79.2,normal,none
AWS-004,Kolkata Alipore,2026-08-02 07:30:00,30.32,1009.63,78.1,normal,none
AWS-004,Kolkata Alipore,2026-08-02 07:40:00,30.08,1010.13,79.9,normal,none
AWS-004,Kolkata Alipore,2026-08-02 07:50:00,30.26,1009.99,78.2,normal,none
AWS-004,Kolkata Alipore,2026-08-02 08:00:00,31.45,1009.94,77.4,normal,none
AWS-004,Kolkata Alipore,2026-08-02 08:10:00,31.52,1010.03,78.9,normal,none
AWS-004,Kolkata Alipore,2026-08-02 08:20:00,31.35,1010.28,76.7,normal,none
AWS-004,Kolkata Alipore,2026-08-02 08:30:00,31.49,1009.65,76.7,normal,none
AWS-004,Kolkata Alipore,2026-08-02 08:40:00,32.74,1009.79,74.8,normal,none
AWS-004,Kolkata Alipore,2026-08-02 08:50:00,31.99,1009.73,73.7,normal,none
AWS-004,Kolkata Alipore,2026-08-02 09:00:00,32.96,1010.14,74.7,normal,none
AWS-004,Kolkata Alipore,2026-08-02 09:10:00,33.3,1009.8,75.3,normal,none
AWS-004,Kolkata Alipore,2026-08-02 09:20:00,32.85,1010.1,74.6,normal,none
AWS-004,Kolkata Alipore,2026-08-02 09:30:00,33.03,1009.7,72.4,normal,none
AWS-004,Kolkata Alipore,2026-08-02 09:40:00,33.59,1009.9,71.4,normal,none
AWS-004,Kolkata Alipore,2026-08-02 09:50:00,33.87,1009.47,72.8,normal,none
AWS-004,Kolkata Alipore,2026-08-02 10:00:00,34.03,1009.72,73.6,normal,none
AWS-004,Kolkata Alipore,2026-08-02 10:10:00,33.83,1009.19,70.9,normal,none
AWS-004,Kolkata Alipore,2026-08-02 10:20:00,34.25,1009.4,70.9,normal,none
AWS-004,Kolkata Alipore,2026-08-02 10:30:00,33.75,1009.45,71.1,normal,none
AWS-004,Kolkata Alipore,2026-08-02 10:40:00,34.89,1009.33,71.7,normal,none
AWS-004,Kolkata Alipore,2026-08-02 10:50:00,35.08,1009.52,69.9,normal,none
AWS-004,Kolkata Alipore,2026-08-02 11:00:00,35.6,1009.27,70.0,normal,none
AWS-004,Kolkata Alipore,2026-08-02 11:10:00,35.98,1008.95,67.9,normal,none
AWS-004,Kolkata Alipore,2026-08-02 11:20:00,35.19,1008.81,69.4,normal,none
AWS-004,Kolkata Alipore,2026-08-02 11:30:00,36.59,1008.72,70.6,normal,none
AWS-004,Kolkata Alipore,2026-08-02 11:40:00,36.3,1008.9,69.3,normal,none
AWS-004,Kolkata Alipore,2026-08-02 11:50:00,36.37,1008.58,68.5,normal,none
AWS-004,Kolkata Alipore,2026-08-02 12:00:00,36.26,1008.38,67.2,normal,none
AWS-004,Kolkata Alipore,2026-08-02 12:10:00,36.69,1008.37,66.8,normal,none
AWS-004,Kolkata Alipore,2026-08-02 12:20:00,36.82,1008.62,66.6,normal,none
AWS-004,Kolkata Alipore,2026-08-02 12:30:00,36.27,1008.34,67.6,normal,none
AWS-004,Kolkata Alipore,2026-08-02 12:40:00,37.1,1007.88,64.8,normal,none
AWS-004,Kolkata Alipore,2026-08-02 12:50:00,37.06,1008.35,65.3,normal,none
AWS-004,Kolkata Alipore,2026-08-02 13:00:00,37.12,1008.34,66.1,normal,none
AWS-004,Kolkata Alipore,2026-08-02 13:10:00,37.83,1008.18,67.0,normal,none
AWS-004,Kolkata Alipore,2026-08-02 13:20:00,37.38,1008.05,65.2,normal,none
AWS-004,Kolkata Alipore,2026-08-02 13:30:00,37.24,1008.3,66.2,normal,none
AWS-004,Kolkata Alipore,2026-08-02 13:40:00,37.52,1008.1,65.4,normal,none
AWS-004,Kolkata Alipore,2026-08-02 13:50:00,37.11,1007.53,66.8,normal,none
AWS-004,Kolkata Alipore,2026-08-02 14:00:00,37.48,1007.5,63.3,normal,none
AWS-004,Kolkata Alipore,2026-08-02 14:10:00,37.91,1007.1,64.3,normal,none
AWS-004,Kolkata Alipore,2026-08-02 14:20:00,37.43,1007.08,66.0,normal,none
AWS-004,Kolkata Alipore,2026-08-02 14:30:00,37.04,1007.43,67.3,normal,none
AWS-004,Kolkata Alipore,2026-08-02 14:40:00,37.29,1007.21,66.2,normal,none
AWS-004,Kolkata Alipore,2026-08-02 14:50:00,37.54,1006.84,67.2,normal,none
AWS-004,Kolkata Alipore,2026-08-02 15:00:00,37.14,1006.35,66.8,normal,none
AWS-004,Kolkata Alipore,2026-08-02 15:10:00,37.69,1006.83,66.0,normal,none
AWS-004,Kolkata Alipore,2026-08-02 15:20:00,37.2,1006.37,65.3,normal,none
AWS-004,Kolkata Alipore,2026-08-02 15:30:00,36.79,1006.78,62.7,normal,none
AWS-004,Kolkata Alipore,2026-08-02 15:40:00,36.73,1006.3,65.3,normal,none
AWS-004,Kolkata Alipore,2026-08-02 15:50:00,37.6,1006.8,66.3,normal,none
AWS-004,Kolkata Alipore,2026-08-02 16:00:00,36.86,1006.21,68.1,normal,none
AWS-004,Kolkata Alipore,2026-08-02 16:10:00,36.98,1006.63,66.9,normal,none
AWS-004,Kolkata Alipore,2026-08-02 16:20:00,37.2,1006.57,66.0,normal,none
AWS-004,Kolkata Alipore,2026-08-02 16:30:00,36.65,1006.02,67.6,normal,none
AWS-004,Kolkata Alipore,2026-08-02 16:40:00,36.1,1006.3,67.3,normal,none
AWS-004,Kolkata Alipore,2026-08-02 16:50:00,36.75,1006.0,65.4,normal,none
AWS-004,Kolkata Alipore,2026-08-02 17:00:00,36.15,1005.96,68.6,normal,none
AWS-004,Kolkata Alipore,2026-08-02 17:10:00,35.86,1005.5,68.5,normal,none
AWS-004,Kolkata Alipore,2026-08-02 17:20:00,35.76,1006.25,66.2,normal,none
AWS-004,Kolkata Alipore,2026-08-02 17:30:00,35.51,1005.57,69.4,normal,none
AWS-004,Kolkata Alipore,2026-08-02 17:40:00,35.46,1005.32,70.2,normal,none
AWS-004,Kolkata Alipore,2026-08-02 17:50:00,35.4,1005.46,72.2,normal,none
AWS-004,Kolkata Alipore,2026-08-02 18:00:00,35.03,1005.77,70.0,normal,none
AWS-004,Kolkata Alipore,2026-08-02 18:10:00,34.71,1004.84,71.0,normal,none
AWS-004,Kolkata Alipore,2026-08-02 18:20:00,34.2,1005.04,69.4,normal,none
AWS-004,Kolkata Alipore,2026-08-02 18:30:00,34.08,1005.41,70.7,normal,none
AWS-004,Kolkata Alipore,2026-08-02 18:40:00,33.59,1004.83,71.2,normal,none
AWS-004,Kolkata Alipore,2026-08-02 18:50:00,34.1,1005.32,70.3,normal,none
AWS-004,Kolkata Alipore,2026-08-02 19:00:00,34.4,1004.68,70.1,normal,none
AWS-004,Kolkata Alipore,2026-08-02 19:10:00,33.39,1004.62,71.3,normal,none
AWS-004,Kolkata Alipore,2026-08-02 19:20:00,33.39,1004.96,73.6,normal,none
AWS-004,Kolkata Alipore,2026-08-02 19:30:00,32.85,1005.17,72.2,normal,none
AWS-004,Kolkata Alipore,2026-08-02 19:40:00,32.61,1004.91,76.1,normal,none
AWS-004,Kolkata Alipore,2026-08-02 19:50:00,32.43,1004.5,75.6,normal,none
AWS-004,Kolkata Alipore,2026-08-02 20:00:00,32.62,1004.95,77.0,normal,none
AWS-004,Kolkata Alipore,2026-08-02 20:10:00,31.69,1004.49,77.6,normal,none
AWS-004,Kolkata Alipore,2026-08-02 20:20:00,31.88,1004.81,75.8,normal,none
AWS-004,Kolkata Alipore,2026-08-02 20:30:00,31.24,1004.34,76.5,normal,none
AWS-004,Kolkata Alipore,2026-08-02 20:40:00,31.33,1004.51,76.0,normal,none
AWS-004,Kolkata Alipore,2026-08-02 20:50:00,30.94,1004.01,76.5,normal,none
AWS-004,Kolkata Alipore,2026-08-02 21:00:00,30.32,1004.54,77.7,normal,none
AWS-004,Kolkata Alipore,2026-08-02 21:10:00,30.5,1004.34,78.4,normal,none
AWS-004,Kolkata Alipore,2026-08-02 21:20:00,30.4,1004.06,79.5,normal,none
AWS-004,Kolkata Alipore,2026-08-02 21:30:00,29.21,1004.36,81.5,normal,none
AWS-004,Kolkata Alipore,2026-08-02 21:40:00,29.58,1004.51,79.9,normal,none
AWS-004,Kolkata Alipore,2026-08-02 21:50:00,29.26,1003.96,80.7,normal,none
AWS-004,Kolkata Alipore,2026-08-02 22:00:00,29.26,1004.21,78.4,normal,none
AWS-004,Kolkata Alipore,2026-08-02 22:10:00,28.87,1004.28,82.7,normal,none
AWS-004,Kolkata Alipore,2026-08-02 22:20:00,28.06,1004.25,82.5,normal,none
AWS-004,Kolkata Alipore,2026-08-02 22:30:00,28.51,1003.87,82.9,normal,none
AWS-004,Kolkata Alipore,2026-08-02 22:40:00,27.4,1004.08,83.4,normal,none
AWS-004,Kolkata Alipore,2026-08-02 22:50:00,27.44,1003.83,82.0,normal,none
AWS-004,Kolkata Alipore,2026-08-02 23:00:00,27.22,1004.29,85.6,normal,none
AWS-004,Kolkata Alipore,2026-08-02 23:10:00,27.72,1004.2,85.4,normal,none
AWS-004,Kolkata Alipore,2026-08-02 23:20:00,27.69,1004.37,80.2,normal,none
AWS-004,Kolkata Alipore,2026-08-02 23:30:00,26.97,1004.58,84.7,normal,none
AWS-004,Kolkata Alipore,2026-08-02 23:40:00,26.27,1004.68,85.3,normal,none
AWS-004,Kolkata Alipore,2026-08-02 23:50:00,26.05,1004.13,84.7,normal,none
AWS-004,Kolkata Alipore,2026-08-03 00:00:00,26.48,1004.46,86.0,normal,none
AWS-004,Kolkata Alipore,2026-08-03 00:10:00,25.48,1004.44,87.2,normal,none
AWS-004,Kolkata Alipore,2026-08-03 00:20:00,25.81,1004.51,85.9,normal,none
AWS-004,Kolkata Alipore,2026-08-03 00:30:00,25.83,1004.45,87.1,normal,none
AWS-004,Kolkata Alipore,2026-08-03 00:40:00,25.93,1004.43,85.7,normal,none
AWS-004,Kolkata Alipore,2026-08-03 00:50:00,25.52,1004.86,87.4,normal,none
AWS-004,Kolkata Alipore,2026-08-03 01:00:00,25.71,1004.34,88.8,normal,none
AWS-004,Kolkata Alipore,2026-08-03 01:10:00,24.73,1005.16,88.5,normal,none
AWS-004,Kolkata Alipore,2026-08-03 01:20:00,25.77,1004.9,87.3,normal,none
AWS-004,Kolkata Alipore,2026-08-03 01:30:00,24.66,1004.47,88.1,normal,none
AWS-004,Kolkata Alipore,2026-08-03 01:40:00,25.43,1004.89,88.0,normal,none
AWS-004,Kolkata Alipore,2026-08-03 01:50:00,24.47,1005.23,88.6,normal,none
AWS-004,Kolkata Alipore,2026-08-03 02:00:00,25.15,1004.59,88.7,normal,none
AWS-004,Kolkata Alipore,2026-08-03 02:10:00,24.77,1005.34,88.2,normal,none
AWS-004,Kolkata Alipore,2026-08-03 02:20:00,25.19,1004.86,90.0,normal,none
AWS-004,Kolkata Alipore,2026-08-03 02:30:00,24.65,1005.41,90.8,normal,none
AWS-004,Kolkata Alipore,2026-08-03 02:40:00,24.73,1005.22,88.8,normal,none
AWS-004,Kolkata Alipore,2026-08-03 02:50:00,24.68,1005.86,90.4,normal,none
AWS-004,Kolkata Alipore,2026-08-03 03:00:00,25.1,1005.12,89.0,normal,none
AWS-004,Kolkata Alipore,2026-08-03 03:10:00,24.34,1005.48,90.3,normal,none
AWS-004,Kolkata Alipore,2026-08-03 03:20:00,25.28,1005.54,87.3,normal,none
AWS-004,Kolkata Alipore,2026-08-03 03:30:00,25.32,1005.54,87.0,normal,none
AWS-004,Kolkata Alipore,2026-08-03 03:40:00,25.0,1005.25,86.8,normal,none
AWS-004,Kolkata Alipore,2026-08-03 03:50:00,25.05,1005.54,88.2,normal,none
AWS-004,Kolkata Alipore,2026-08-03 04:00:00,25.29,1005.84,85.8,normal,none
AWS-004,Kolkata Alipore,2026-08-03 04:10:00,25.1,1005.77,90.9,normal,none
AWS-004,Kolkata Alipore,2026-08-03 04:20:00,25.52,1005.86,87.1,normal,none
AWS-004,Kolkata Alipore,2026-08-03 04:30:00,25.5,1005.34,87.4,normal,none
AWS-004,Kolkata Alipore,2026-08-03 04:40:00,25.34,1005.71,88.6,normal,none
AWS-004,Kolkata Alipore,2026-08-03 04:50:00,25.62,1005.99,88.8,normal,none
AWS-004,Kolkata Alipore,2026-08-03 05:00:00,26.44,1005.61,88.7,normal,none
AWS-004,Kolkata Alipore,2026-08-03 05:10:00,25.66,1006.15,85.4,normal,none
AWS-004,Kolkata Alipore,2026-08-03 05:20:00,25.89,1006.33,84.5,normal,none
AWS-004,Kolkata Alipore,2026-08-03 05:30:00,25.97,1006.53,88.1,normal,none
AWS-004,Kolkata Alipore,2026-08-03 05:40:00,26.79,1006.16,85.0,normal,none
AWS-004,Kolkata Alipore,2026-08-03 05:50:00,26.57,1006.23,85.3,normal,none
AWS-004,Kolkata Alipore,2026-08-03 06:00:00,26.36,1005.85,84.2,normal,none
AWS-004,Kolkata Alipore,2026-08-03 06:10:00,26.95,1006.59,83.8,normal,none
AWS-004,Kolkata Alipore,2026-08-03 06:20:00,26.83,1006.74,84.0,normal,none
AWS-004,Kolkata Alipore,2026-08-03 06:30:00,27.12,1006.45,82.8,normal,none
AWS-004,Kolkata Alipore,2026-08-03 06:40:00,27.37,1006.0,84.2,normal,none
AWS-004,Kolkata Alipore,2026-08-03 06:50:00,27.71,1006.31,80.8,normal,none
AWS-004,Kolkata Alipore,2026-08-03 07:00:00,28.15,1006.34,81.0,normal,none
AWS-004,Kolkata Alipore,2026-08-03 07:10:00,28.55,1006.55,82.1,normal,none
AWS-004,Kolkata Alipore,2026-08-03 07:20:00,28.95,1006.48,83.4,normal,none
AWS-004,Kolkata Alipore,2026-08-03 07:30:00,28.72,1006.6,79.9,normal,none
AWS-004,Kolkata Alipore,2026-08-03 07:40:00,28.53,1006.75,79.4,normal,none
AWS-004,Kolkata Alipore,2026-08-03 07:50:00,29.34,1006.79,81.7,normal,none
AWS-004,Kolkata Alipore,2026-08-03 08:00:00,29.67,1006.14,78.3,normal,none
AWS-004,Kolkata Alipore,2026-08-03 08:10:00,30.0,1006.8,76.8,normal,none
AWS-004,Kolkata Alipore,2026-08-03 08:20:00,29.52,1006.74,78.3,normal,none
AWS-004,Kolkata Alipore,2026-08-03 08:30:00,31.0,1006.1,79.3,normal,none
AWS-004,Kolkata Alipore,2026-08-03 08:40:00,29.91,1006.34,75.3,normal,none
AWS-004,Kolkata Alipore,2026-08-03 08:50:00,30.65,1006.9,77.0,normal,none
AWS-004,Kolkata Alipore,2026-08-03 09:00:00,30.42,1006.51,76.9,normal,none
AWS-004,Kolkata Alipore,2026-08-03 09:10:00,31.0,1006.59,77.8,normal,none
AWS-004,Kolkata Alipore,2026-08-03 09:20:00,31.32,1006.64,77.3,normal,none
AWS-004,Kolkata Alipore,2026-08-03 09:30:00,31.53,1006.84,75.4,normal,none
AWS-004,Kolkata Alipore,2026-08-03 09:40:00,31.84,1006.45,75.4,normal,none
AWS-004,Kolkata Alipore,2026-08-03 09:50:00,31.64,1006.71,73.0,normal,none
AWS-004,Kolkata Alipore,2026-08-03 10:00:00,32.71,1006.35,76.6,normal,none
AWS-004,Kolkata Alipore,2026-08-03 10:10:00,32.74,1006.64,72.5,normal,none
AWS-004,Kolkata Alipore,2026-08-03 10:20:00,32.42,1006.27,74.1,normal,none
AWS-004,Kolkata Alipore,2026-08-03 10:30:00,32.95,1006.46,73.0,normal,none
AWS-004,Kolkata Alipore,2026-08-03 10:40:00,32.71,1006.66,71.0,normal,none
AWS-004,Kolkata Alipore,2026-08-03 10:50:00,33.79,1006.14,74.7,normal,none
AWS-004,Kolkata Alipore,2026-08-03 11:00:00,33.45,1006.22,73.9,normal,none
AWS-004,Kolkata Alipore,2026-08-03 11:10:00,34.29,1006.11,71.0,normal,none
AWS-004,Kolkata Alipore,2026-08-03 11:20:00,33.6,1005.98,72.8,normal,none
AWS-004,Kolkata Alipore,2026-08-03 11:30:00,34.31,1006.36,72.2,normal,none
AWS-004,Kolkata Alipore,2026-08-03 11:40:00,33.71,1005.72,72.5,normal,none
AWS-004,Kolkata Alipore,2026-08-03 11:50:00,34.38,1005.72,68.8,normal,none
AWS-004,Kolkata Alipore,2026-08-03 12:00:00,34.43,1005.94,69.8,normal,none
AWS-004,Kolkata Alipore,2026-08-03 12:10:00,34.52,1005.6,70.1,normal,none
AWS-004,Kolkata Alipore,2026-08-03 12:20:00,34.98,1006.05,72.4,normal,none
AWS-004,Kolkata Alipore,2026-08-03 12:30:00,34.69,1006.09,70.7,normal,none
AWS-004,Kolkata Alipore,2026-08-03 12:40:00,34.88,1005.55,69.8,normal,none
AWS-004,Kolkata Alipore,2026-08-03 12:50:00,34.68,1005.18,69.3,normal,none
AWS-004,Kolkata Alipore,2026-08-03 13:00:00,35.41,1005.8,70.8,normal,none
AWS-004,Kolkata Alipore,2026-08-03 13:10:00,35.31,1005.04,68.1,normal,none
AWS-004,Kolkata Alipore,2026-08-03 13:20:00,35.65,1005.18,69.5,normal,none
AWS-004,Kolkata Alipore,2026-08-03 13:30:00,34.79,1004.79,67.9,normal,none
AWS-004,Kolkata Alipore,2026-08-03 13:40:00,35.46,1005.13,69.2,normal,none
AWS-004,Kolkata Alipore,2026-08-03 13:50:00,34.81,1004.7,69.4,normal,none
AWS-004,Kolkata Alipore,2026-08-03 14:00:00,35.95,1004.73,71.2,normal,none
AWS-004,Kolkata Alipore,2026-08-03 14:10:00,36.11,1004.61,69.0,normal,none
AWS-004,Kolkata Alipore,2026-08-03 14:20:00,35.1,1004.5,69.8,normal,none
AWS-004,Kolkata Alipore,2026-08-03 14:30:00,35.1,1004.62,70.4,normal,none
AWS-004,Kolkata Alipore,2026-08-03 14:40:00,35.59,1004.45,68.6,normal,none
AWS-004,Kolkata Alipore,2026-08-03 14:50:00,35.47,1004.73,70.7,normal,none
AWS-004,Kolkata Alipore,2026-08-03 15:00:00,35.44,1004.63,69.2,normal,none
AWS-004,Kolkata Alipore,2026-08-03 15:10:00,35.92,1004.27,68.3,normal,none
AWS-004,Kolkata Alipore,2026-08-03 15:20:00,34.63,1004.3,68.2,normal,none
AWS-004,Kolkata Alipore,2026-08-03 15:30:00,34.97,1003.97,70.7,normal,none
AWS-004,Kolkata Alipore,2026-08-03 15:40:00,34.89,1003.71,67.7,normal,none
AWS-004,Kolkata Alipore,2026-08-03 15:50:00,35.1,1004.88,69.7,normal,none
AWS-004,Kolkata Alipore,2026-08-03 16:00:00,34.74,1004.19,69.0,normal,none
AWS-004,Kolkata Alipore,2026-08-03 16:10:00,34.78,1003.64,69.4,normal,none
AWS-004,Kolkata Alipore,2026-08-03 16:20:00,34.23,1004.03,69.1,normal,none
AWS-004,Kolkata Alipore,2026-08-03 16:30:00,34.32,1003.08,69.8,normal,none
AWS-004,Kolkata Alipore,2026-08-03 16:40:00,34.82,1003.46,70.8,normal,none
AWS-004,Kolkata Alipore,2026-08-03 16:50:00,34.15,1003.32,70.5,normal,none
AWS-004,Kolkata Alipore,2026-08-03 17:00:00,33.69,1002.93,73.9,normal,none
AWS-004,Kolkata Alipore,2026-08-03 17:10:00,33.7,1003.12,69.3,normal,none
AWS-004,Kolkata Alipore,2026-08-03 17:20:00,33.79,1002.92,71.4,normal,none
AWS-004,Kolkata Alipore,2026-08-03 17:30:00,33.76,1003.25,72.1,normal,none
AWS-004,Kolkata Alipore,2026-08-03 17:40:00,33.22,1003.35,70.8,normal,none
AWS-004,Kolkata Alipore,2026-08-03 17:50:00,32.85,1002.8,71.7,normal,none
AWS-004,Kolkata Alipore,2026-08-03 18:00:00,32.62,1002.42,74.0,normal,none
AWS-004,Kolkata Alipore,2026-08-03 18:10:00,33.27,1002.7,74.5,normal,none
AWS-004,Kolkata Alipore,2026-08-03 18:20:00,32.55,1003.0,74.3,normal,none
AWS-004,Kolkata Alipore,2026-08-03 18:30:00,31.86,1002.67,74.5,normal,none
AWS-004,Kolkata Alipore,2026-08-03 18:40:00,31.47,1002.64,75.4,normal,none
AWS-004,Kolkata Alipore,2026-08-03 18:50:00,31.51,1002.8,78.6,normal,none
AWS-004,Kolkata Alipore,2026-08-03 19:00:00,30.47,1003.13,75.7,normal,none
AWS-004,Kolkata Alipore,2026-08-03 19:10:00,31.14,1002.6,75.8,normal,none
AWS-004,Kolkata Alipore,2026-08-03 19:20:00,30.97,1002.03,79.8,normal,none
AWS-004,Kolkata Alipore,2026-08-03 19:30:00,29.95,1002.44,78.3,normal,none
AWS-004,Kolkata Alipore,2026-08-03 19:40:00,30.67,1002.18,76.6,normal,none
AWS-004,Kolkata Alipore,2026-08-03 19:50:00,29.68,1002.68,80.7,normal,none
AWS-004,Kolkata Alipore,2026-08-03 20:00:00,29.95,1001.99,81.1,normal,none
AWS-004,Kolkata Alipore,2026-08-03 20:10:00,29.31,1002.17,81.5,normal,none
AWS-004,Kolkata Alipore,2026-08-03 20:20:00,28.72,1002.05,79.9,normal,none
AWS-004,Kolkata Alipore,2026-08-03 20:30:00,29.29,1002.12,79.5,normal,none
AWS-004,Kolkata Alipore,2026-08-03 20:40:00,28.8,1002.14,79.3,normal,none
AWS-004,Kolkata Alipore,2026-08-03 20:50:00,29.3,1002.52,82.8,normal,none
AWS-004,Kolkata Alipore,2026-08-03 21:00:00,27.95,1002.74,83.0,normal,none
AWS-004,Kolkata Alipore,2026-08-03 21:10:00,28.05,1002.43,79.7,normal,none
AWS-004,Kolkata Alipore,2026-08-03 21:20:00,27.63,1002.31,83.3,normal,none
AWS-004,Kolkata Alipore,2026-08-03 21:30:00,26.95,1002.4,85.4,normal,none
AWS-004,Kolkata Alipore,2026-08-03 21:40:00,26.66,1002.41,82.5,normal,none
AWS-004,Kolkata Alipore,2026-08-03 21:50:00,26.96,1001.83,84.2,normal,none
AWS-004,Kolkata Alipore,2026-08-03 22:00:00,26.14,1001.95,84.8,normal,none
AWS-004,Kolkata Alipore,2026-08-03 22:10:00,26.36,1002.06,85.2,normal,none
AWS-004,Kolkata Alipore,2026-08-03 22:20:00,26.29,1002.17,84.4,normal,none
AWS-004,Kolkata Alipore,2026-08-03 22:30:00,25.41,1002.44,84.5,normal,none
AWS-004,Kolkata Alipore,2026-08-03 22:40:00,24.92,1002.8,88.8,normal,none
AWS-004,Kolkata Alipore,2026-08-03 22:50:00,25.37,1002.83,85.6,normal,none
AWS-004,Kolkata Alipore,2026-08-03 23:00:00,24.73,1002.38,87.2,normal,none
AWS-004,Kolkata Alipore,2026-08-03 23:10:00,25.31,1002.32,88.4,normal,none
AWS-004,Kolkata Alipore,2026-08-03 23:20:00,24.42,1002.65,86.6,normal,none
AWS-004,Kolkata Alipore,2026-08-03 23:30:00,24.02,1002.67,87.9,normal,none
AWS-004,Kolkata Alipore,2026-08-03 23:40:00,23.86,1002.74,89.0,normal,none
AWS-004,Kolkata Alipore,2026-08-03 23:50:00,24.01,1002.65,90.5,normal,none
AWS-004,Kolkata Alipore,2026-08-04 00:00:00,23.65,1002.67,90.4,normal,none
AWS-004,Kolkata Alipore,2026-08-04 00:10:00,23.27,1003.0,90.1,normal,none
AWS-004,Kolkata Alipore,2026-08-04 00:20:00,23.4,1003.0,89.3,normal,none
AWS-004,Kolkata Alipore,2026-08-04 00:30:00,23.39,1002.84,90.9,normal,none
AWS-004,Kolkata Alipore,2026-08-04 00:40:00,23.59,1003.0,91.2,normal,none
AWS-004,Kolkata Alipore,2026-08-04 00:50:00,22.58,1003.13,91.0,normal,none
AWS-004,Kolkata Alipore,2026-08-04 01:00:00,22.92,1003.17,92.3,normal,none
AWS-004,Kolkata Alipore,2026-08-04 01:10:00,22.82,1003.24,90.5,normal,none
AWS-004,Kolkata Alipore,2026-08-04 01:20:00,22.57,1003.38,90.8,normal,none
AWS-004,Kolkata Alipore,2026-08-04 01:30:00,22.27,1003.02,91.2,normal,none
AWS-004,Kolkata Alipore,2026-08-04 01:40:00,22.47,1003.03,90.7,normal,none
AWS-004,Kolkata Alipore,2026-08-04 01:50:00,23.08,1003.28,90.0,normal,none
AWS-004,Kolkata Alipore,2026-08-04 02:00:00,22.89,1003.19,91.8,normal,none
AWS-004,Kolkata Alipore,2026-08-04 02:10:00,22.54,1003.56,92.2,normal,none
AWS-004,Kolkata Alipore,2026-08-04 02:20:00,22.52,1003.62,90.7,normal,none
AWS-004,Kolkata Alipore,2026-08-04 02:30:00,22.71,1003.65,92.7,normal,none
AWS-004,Kolkata Alipore,2026-08-04 02:40:00,22.27,1003.85,93.0,normal,none
AWS-004,Kolkata Alipore,2026-08-04 02:50:00,21.66,1004.19,92.4,normal,none
AWS-004,Kolkata Alipore,2026-08-04 03:00:00,22.9,1004.19,92.4,normal,none
AWS-004,Kolkata Alipore,2026-08-04 03:10:00,22.28,1003.94,89.9,normal,none
AWS-004,Kolkata Alipore,2026-08-04 03:20:00,22.28,1003.88,92.2,normal,none
AWS-004,Kolkata Alipore,2026-08-04 03:30:00,22.61,1004.21,90.4,normal,none
AWS-004,Kolkata Alipore,2026-08-04 03:40:00,22.89,1004.39,89.5,normal,none
AWS-004,Kolkata Alipore,2026-08-04 03:50:00,22.92,1004.9,91.0,normal,none
AWS-004,Kolkata Alipore,2026-08-04 04:00:00,22.37,1004.63,92.4,normal,none
AWS-004,Kolkata Alipore,2026-08-04 04:10:00,23.04,1004.61,92.5,normal,none
AWS-004,Kolkata Alipore,2026-08-04 04:20:00,22.94,1004.2,91.9,normal,none
AWS-004,Kolkata Alipore,2026-08-04 04:30:00,23.12,1004.8,89.3,normal,none
AWS-004,Kolkata Alipore,2026-08-04 04:40:00,23.13,1004.91,90.3,normal,none
AWS-004,Kolkata Alipore,2026-08-04 04:50:00,23.03,1005.13,88.3,normal,none
AWS-004,Kolkata Alipore,2026-08-04 05:00:00,23.76,1005.39,89.0,normal,none
AWS-004,Kolkata Alipore,2026-08-04 05:10:00,22.87,1004.49,89.8,normal,none
AWS-004,Kolkata Alipore,2026-08-04 05:20:00,24.19,1004.97,90.3,normal,none
AWS-004,Kolkata Alipore,2026-08-04 05:30:00,23.71,1005.34,89.6,normal,none
AWS-004,Kolkata Alipore,2026-08-04 05:40:00,23.35,1005.05,89.0,normal,none
AWS-004,Kolkata Alipore,2026-08-04 05:50:00,24.46,1005.1,89.3,normal,none
AWS-004,Kolkata Alipore,2026-08-04 06:00:00,24.7,1005.14,88.7,normal,none
AWS-004,Kolkata Alipore,2026-08-04 06:10:00,24.63,1005.27,90.0,normal,none
AWS-004,Kolkata Alipore,2026-08-04 06:20:00,24.69,1005.13,89.3,normal,none
AWS-004,Kolkata Alipore,2026-08-04 06:30:00,25.54,1005.6,88.3,normal,none
AWS-004,Kolkata Alipore,2026-08-04 06:40:00,25.7,1005.86,89.2,normal,none
AWS-004,Kolkata Alipore,2026-08-04 06:50:00,26.13,1005.99,84.6,normal,none
AWS-004,Kolkata Alipore,2026-08-04 07:00:00,25.63,1006.12,86.6,normal,none
AWS-004,Kolkata Alipore,2026-08-04 07:10:00,25.64,1005.87,85.0,normal,none
AWS-004,Kolkata Alipore,2026-08-04 07:20:00,25.59,1005.62,85.1,normal,none
AWS-004,Kolkata Alipore,2026-08-04 07:30:00,27.0,1005.52,86.0,normal,none
AWS-004,Kolkata Alipore,2026-08-04 07:40:00,26.9,1005.72,85.9,normal,none
AWS-004,Kolkata Alipore,2026-08-04 07:50:00,26.91,1005.95,83.7,normal,none
AWS-004,Kolkata Alipore,2026-08-04 08:00:00,27.25,1006.12,83.4,normal,none
AWS-004,Kolkata Alipore,2026-08-04 08:10:00,27.32,1005.77,83.1,normal,none
AWS-004,Kolkata Alipore,2026-08-04 08:20:00,27.7,1005.79,83.0,normal,none
AWS-004,Kolkata Alipore,2026-08-04 08:30:00,28.12,1006.05,79.9,normal,none
AWS-004,Kolkata Alipore,2026-08-04 08:40:00,28.34,1005.98,80.5,normal,none
AWS-004,Kolkata Alipore,2026-08-04 08:50:00,29.16,1005.68,81.1,normal,none
AWS-004,Kolkata Alipore,2026-08-04 09:00:00,28.61,1005.88,81.4,normal,none
AWS-004,Kolkata Alipore,2026-08-04 09:10:00,29.06,1006.29,80.7,normal,none
AWS-004,Kolkata Alipore,2026-08-04 09:20:00,29.11,1006.11,80.3,normal,none
AWS-004,Kolkata Alipore,2026-08-04 09:30:00,29.59,1006.15,79.5,normal,none
AWS-004,Kolkata Alipore,2026-08-04 09:40:00,29.63,1006.41,78.5,normal,none
AWS-004,Kolkata Alipore,2026-08-04 09:50:00,29.94,1005.85,78.6,normal,none
AWS-004,Kolkata Alipore,2026-08-04 10:00:00,30.47,1006.15,77.3,normal,none
AWS-004,Kolkata Alipore,2026-08-04 10:10:00,30.99,1006.32,76.4,normal,none
AWS-004,Kolkata Alipore,2026-08-04 10:20:00,31.03,1005.47,77.4,normal,none
AWS-004,Kolkata Alipore,2026-08-04 10:30:00,31.46,1005.94,76.2,normal,none
AWS-004,Kolkata Alipore,2026-08-04 10:40:00,31.57,1005.9,76.7,normal,none
AWS-004,Kolkata Alipore,2026-08-04 10:50:00,31.47,1006.04,74.6,normal,none
AWS-004,Kolkata Alipore,2026-08-04 11:00:00,31.49,1005.86,74.7,normal,none
AWS-004,Kolkata Alipore,2026-08-04 11:10:00,32.05,1005.68,77.1,normal,none
AWS-004,Kolkata Alipore,2026-08-04 11:20:00,31.67,1006.06,73.2,normal,none
AWS-004,Kolkata Alipore,2026-08-04 11:30:00,32.09,1005.83,73.8,normal,none
AWS-004,Kolkata Alipore,2026-08-04 11:40:00,31.66,1006.31,75.4,normal,none
AWS-004,Kolkata Alipore,2026-08-04 11:50:00,33.04,1005.9,75.4,normal,none
AWS-004,Kolkata Alipore,2026-08-04 12:00:00,33.39,1006.15,70.6,normal,none
AWS-004,Kolkata Alipore,2026-08-04 12:10:00,32.93,1005.85,74.2,normal,none
AWS-004,Kolkata Alipore,2026-08-04 12:20:00,33.42,1005.5,71.9,normal,none
AWS-004,Kolkata Alipore,2026-08-04 12:30:00,32.54,1005.35,74.6,normal,none
AWS-004,Kolkata Alipore,2026-08-04 12:40:00,33.18,1005.53,70.3,normal,none
AWS-004,Kolkata Alipore,2026-08-04 12:50:00,33.62,1005.62,72.5,normal,none
AWS-004,Kolkata Alipore,2026-08-04 13:00:00,33.62,1005.83,72.0,normal,none
AWS-004,Kolkata Alipore,2026-08-04 13:10:00,34.1,1005.71,72.7,normal,none
AWS-004,Kolkata Alipore,2026-08-04 13:20:00,33.15,1005.04,71.6,normal,none
AWS-004,Kolkata Alipore,2026-08-04 13:30:00,34.05,1005.29,70.9,normal,none
AWS-004,Kolkata Alipore,2026-08-04 13:40:00,33.73,1005.19,70.3,normal,none
AWS-004,Kolkata Alipore,2026-08-04 13:50:00,33.79,1005.02,71.4,normal,none
AWS-004,Kolkata Alipore,2026-08-04 14:00:00,33.29,1005.4,69.8,normal,none
AWS-004,Kolkata Alipore,2026-08-04 14:10:00,33.2,1005.2,73.3,normal,none
AWS-004,Kolkata Alipore,2026-08-04 14:20:00,33.59,1005.01,71.3,normal,none
AWS-004,Kolkata Alipore,2026-08-04 14:30:00,34.15,1005.06,70.7,normal,none
AWS-004,Kolkata Alipore,2026-08-04 14:40:00,34.01,1004.81,71.8,normal,none
AWS-004,Kolkata Alipore,2026-08-04 14:50:00,33.77,1004.25,70.6,normal,none
AWS-004,Kolkata Alipore,2026-08-04 15:00:00,34.34,1004.92,70.7,normal,none
AWS-004,Kolkata Alipore,2026-08-04 15:10:00,33.51,1005.18,72.8,normal,none
AWS-004,Kolkata Alipore,2026-08-04 15:20:00,33.87,1003.98,70.0,normal,none
AWS-004,Kolkata Alipore,2026-08-04 15:30:00,33.39,1004.69,72.6,normal,none
AWS-004,Kolkata Alipore,2026-08-04 15:40:00,33.29,1003.81,72.3,normal,none
AWS-004,Kolkata Alipore,2026-08-04 15:50:00,33.96,1004.73,69.8,normal,none
AWS-004,Kolkata Alipore,2026-08-04 16:00:00,33.32,1004.17,71.3,normal,none
AWS-004,Kolkata Alipore,2026-08-04 16:10:00,33.22,1004.46,71.8,normal,none
AWS-004,Kolkata Alipore,2026-08-04 16:20:00,33.44,1004.15,72.5,normal,none
AWS-004,Kolkata Alipore,2026-08-04 16:30:00,33.16,1004.52,71.8,normal,none
AWS-004,Kolkata Alipore,2026-08-04 16:40:00,32.2,1004.15,72.8,normal,none
AWS-004,Kolkata Alipore,2026-08-04 16:50:00,33.2,1004.01,72.1,normal,none
AWS-004,Kolkata Alipore,2026-08-04 17:00:00,32.0,1004.06,73.1,normal,none
AWS-004,Kolkata Alipore,2026-08-04 17:10:00,32.25,1003.9,74.6,normal,none
AWS-004,Kolkata Alipore,2026-08-04 17:20:00,32.01,1003.48,75.3,normal,none
AWS-004,Kolkata Alipore,2026-08-04 17:30:00,32.11,1003.61,73.5,normal,none
AWS-004,Kolkata Alipore,2026-08-04 17:40:00,31.93,1004.15,77.3,normal,none
AWS-004,Kolkata Alipore,2026-08-04 17:50:00,32.11,1004.05,76.1,normal,none
AWS-004,Kolkata Alipore,2026-08-04 18:00:00,31.11,1003.45,72.5,normal,none
AWS-004,Kolkata Alipore,2026-08-04 18:10:00,31.68,1003.73,76.9,normal,none
AWS-004,Kolkata Alipore,2026-08-04 18:20:00,30.96,1003.93,74.6,normal,none
AWS-004,Kolkata Alipore,2026-08-04 18:30:00,31.31,1003.59,78.1,normal,none
AWS-004,Kolkata Alipore,2026-08-04 18:40:00,30.92,1003.62,79.0,normal,none
AWS-004,Kolkata Alipore,2026-08-04 18:50:00,30.46,1003.54,77.0,normal,none
AWS-004,Kolkata Alipore,2026-08-04 19:00:00,30.47,1003.44,77.5,normal,none
AWS-004,Kolkata Alipore,2026-08-04 19:10:00,30.58,1003.56,79.8,normal,none
AWS-004,Kolkata Alipore,2026-08-04 19:20:00,29.44,1003.18,77.3,normal,none
AWS-004,Kolkata Alipore,2026-08-04 19:30:00,29.68,1003.61,80.6,normal,none
AWS-004,Kolkata Alipore,2026-08-04 19:40:00,28.98,1003.77,79.0,normal,none
AWS-004,Kolkata Alipore,2026-08-04 19:50:00,29.1,1003.5,79.4,normal,none
AWS-004,Kolkata Alipore,2026-08-04 20:00:00,28.92,1003.6,81.2,normal,none
AWS-004,Kolkata Alipore,2026-08-04 20:10:00,28.52,1003.5,84.0,normal,none
AWS-004,Kolkata Alipore,2026-08-04 20:20:00,27.97,1003.41,83.4,normal,none
AWS-004,Kolkata Alipore,2026-08-04 20:30:00,28.09,1003.57,82.1,normal,none
AWS-004,Kolkata Alipore,2026-08-04 20:40:00,27.93,1003.4,83.2,normal,none
AWS-004,Kolkata Alipore,2026-08-04 20:50:00,27.59,1003.61,82.3,normal,none
AWS-004,Kolkata Alipore,2026-08-04 21:00:00,26.85,1003.45,85.0,normal,none
AWS-004,Kolkata Alipore,2026-08-04 21:10:00,26.63,1003.49,84.4,normal,none
AWS-004,Kolkata Alipore,2026-08-04 21:20:00,26.19,1003.23,82.2,normal,none
AWS-004,Kolkata Alipore,2026-08-04 21:30:00,26.26,1003.35,84.1,normal,none
AWS-004,Kolkata Alipore,2026-08-04 21:40:00,25.74,1003.82,86.1,normal,none
AWS-004,Kolkata Alipore,2026-08-04 21:50:00,25.67,1003.78,86.9,normal,none
AWS-004,Kolkata Alipore,2026-08-04 22:00:00,25.9,1004.1,87.4,normal,none
AWS-004,Kolkata Alipore,2026-08-04 22:10:00,25.27,1003.8,85.4,normal,none
AWS-004,Kolkata Alipore,2026-08-04 22:20:00,25.14,1003.97,84.9,normal,none
AWS-004,Kolkata Alipore,2026-08-04 22:30:00,25.16,1003.77,88.5,normal,none
AWS-004,Kolkata Alipore,2026-08-04 22:40:00,24.65,1003.79,85.9,normal,none
AWS-004,Kolkata Alipore,2026-08-04 22:50:00,24.68,1004.25,86.9,normal,none
AWS-004,Kolkata Alipore,2026-08-04 23:00:00,24.19,1003.82,89.0,normal,none
AWS-004,Kolkata Alipore,2026-08-04 23:10:00,24.02,1004.61,87.8,normal,none
AWS-004,Kolkata Alipore,2026-08-04 23:20:00,23.68,1004.36,89.9,normal,none
AWS-004,Kolkata Alipore,2026-08-04 23:30:00,23.26,1004.29,90.6,normal,none
AWS-004,Kolkata Alipore,2026-08-04 23:40:00,23.1,1004.71,90.5,normal,none
AWS-004,Kolkata Alipore,2026-08-04 23:50:00,22.93,1004.39,90.1,normal,none
AWS-004,Kolkata Alipore,2026-08-05 00:00:00,23.24,1004.42,90.2,normal,none
AWS-004,Kolkata Alipore,2026-08-05 00:10:00,23.16,1004.82,92.2,normal,none
AWS-004,Kolkata Alipore,2026-08-05 00:20:00,22.98,1004.44,89.5,normal,none
AWS-004,Kolkata Alipore,2026-08-05 00:30:00,22.65,1004.32,91.6,normal,none
AWS-004,Kolkata Alipore,2026-08-05 00:40:00,21.93,1005.14,91.9,normal,none
AWS-004,Kolkata Alipore,2026-08-05 00:50:00,21.9,1004.86,92.0,normal,none
AWS-004,Kolkata Alipore,2026-08-05 01:00:00,22.47,1004.46,90.8,normal,none
AWS-004,Kolkata Alipore,2026-08-05 01:10:00,22.53,1005.19,91.4,normal,none
AWS-004,Kolkata Alipore,2026-08-05 01:20:00,22.06,1005.11,94.0,normal,none
AWS-004,Kolkata Alipore,2026-08-05 01:30:00,21.9,1005.78,91.2,normal,none
AWS-004,Kolkata Alipore,2026-08-05 01:40:00,21.38,1005.37,91.8,normal,none
AWS-004,Kolkata Alipore,2026-08-05 01:50:00,21.68,1005.54,91.8,normal,none
AWS-004,Kolkata Alipore,2026-08-05 02:00:00,21.82,1005.74,91.9,normal,none
AWS-004,Kolkata Alipore,2026-08-05 02:10:00,22.01,1005.42,93.8,normal,none
AWS-004,Kolkata Alipore,2026-08-05 02:20:00,22.57,1005.82,90.5,normal,none
AWS-004,Kolkata Alipore,2026-08-05 02:30:00,21.16,1005.83,92.5,normal,none
AWS-004,Kolkata Alipore,2026-08-05 02:40:00,22.54,1005.55,92.9,normal,none
AWS-004,Kolkata Alipore,2026-08-05 02:50:00,22.14,1006.23,93.6,normal,none
AWS-004,Kolkata Alipore,2026-08-05 03:00:00,22.14,1005.74,92.4,normal,none
AWS-004,Kolkata Alipore,2026-08-05 03:10:00,21.99,1006.06,90.3,normal,none
AWS-004,Kolkata Alipore,2026-08-05 03:20:00,21.97,1006.45,91.3,normal,none
AWS-004,Kolkata Alipore,2026-08-05 03:30:00,22.08,1006.96,91.0,normal,none
AWS-004,Kolkata Alipore,2026-08-05 03:40:00,22.41,1006.14,92.4,normal,none
AWS-004,Kolkata Alipore,2026-08-05 03:50:00,22.37,1006.56,92.4,normal,none
AWS-004,Kolkata Alipore,2026-08-05 04:00:00,22.87,1006.73,92.1,normal,none
AWS-004,Kolkata Alipore,2026-08-05 04:10:00,22.78,1006.8,91.5,normal,none
AWS-004,Kolkata Alipore,2026-08-05 04:20:00,22.77,1006.82,87.1,normal,none
AWS-004,Kolkata Alipore,2026-08-05 04:30:00,22.62,1006.89,90.3,normal,none
AWS-004,Kolkata Alipore,2026-08-05 04:40:00,22.87,1007.62,88.3,normal,none
AWS-004,Kolkata Alipore,2026-08-05 04:50:00,22.65,1007.36,89.8,normal,none
AWS-004,Kolkata Alipore,2026-08-05 05:00:00,23.82,1007.35,89.7,normal,none
AWS-004,Kolkata Alipore,2026-08-05 05:10:00,23.54,1007.32,91.7,normal,none
AWS-004,Kolkata Alipore,2026-08-05 05:20:00,23.93,1007.4,90.7,normal,none
AWS-004,Kolkata Alipore,2026-08-05 05:30:00,23.79,1007.56,90.8,normal,none
AWS-004,Kolkata Alipore,2026-08-05 05:40:00,24.31,1007.51,88.7,normal,none
AWS-004,Kolkata Alipore,2026-08-05 05:50:00,24.09,1008.07,87.9,normal,none
AWS-004,Kolkata Alipore,2026-08-05 06:00:00,24.83,1007.74,88.2,normal,none
AWS-004,Kolkata Alipore,2026-08-05 06:10:00,24.99,1007.97,88.6,normal,none
AWS-004,Kolkata Alipore,2026-08-05 06:20:00,25.07,1008.21,86.0,normal,none
AWS-004,Kolkata Alipore,2026-08-05 06:30:00,25.49,1008.28,86.7,normal,none
AWS-004,Kolkata Alipore,2026-08-05 06:40:00,25.29,1008.09,85.7,normal,none
AWS-004,Kolkata Alipore,2026-08-05 06:50:00,26.07,1008.36,85.0,normal,none
AWS-004,Kolkata Alipore,2026-08-05 07:00:00,26.22,1008.31,85.8,normal,none
AWS-004,Kolkata Alipore,2026-08-05 07:10:00,25.7,1008.2,86.3,normal,none
AWS-004,Kolkata Alipore,2026-08-05 07:20:00,26.27,1008.47,82.2,normal,none
AWS-004,Kolkata Alipore,2026-08-05 07:30:00,26.36,1008.67,87.0,normal,none
AWS-004,Kolkata Alipore,2026-08-05 07:40:00,26.8,1008.86,83.6,normal,none
AWS-004,Kolkata Alipore,2026-08-05 07:50:00,27.29,1008.5,81.8,normal,none
AWS-004,Kolkata Alipore,2026-08-05 08:00:00,27.36,1008.79,82.2,normal,none
AWS-004,Kolkata Alipore,2026-08-05 08:10:00,28.01,1008.41,81.5,normal,none
AWS-004,Kolkata Alipore,2026-08-05 08:20:00,28.4,1008.49,81.8,normal,none
AWS-004,Kolkata Alipore,2026-08-05 08:30:00,28.34,1008.96,81.5,normal,none
AWS-004,Kolkata Alipore,2026-08-05 08:40:00,28.45,1008.39,81.3,normal,none
AWS-004,Kolkata Alipore,2026-08-05 08:50:00,28.55,1008.88,81.1,normal,none
AWS-004,Kolkata Alipore,2026-08-05 09:00:00,28.87,1008.55,81.0,normal,none
AWS-004,Kolkata Alipore,2026-08-05 09:10:00,30.1,1009.12,78.9,normal,none
AWS-004,Kolkata Alipore,2026-08-05 09:20:00,28.98,1009.03,76.7,normal,none
AWS-004,Kolkata Alipore,2026-08-05 09:30:00,29.9,1008.78,77.7,normal,none
AWS-004,Kolkata Alipore,2026-08-05 09:40:00,30.03,1008.98,77.9,normal,none
AWS-004,Kolkata Alipore,2026-08-05 09:50:00,30.49,1009.0,77.4,normal,none
AWS-004,Kolkata Alipore,2026-08-05 10:00:00,30.85,1009.07,76.3,normal,none
AWS-004,Kolkata Alipore,2026-08-05 10:10:00,30.83,1008.89,75.2,normal,none
AWS-004,Kolkata Alipore,2026-08-05 10:20:00,31.12,1008.91,73.9,normal,none
AWS-004,Kolkata Alipore,2026-08-05 10:30:00,31.4,1009.2,76.9,normal,none
AWS-004,Kolkata Alipore,2026-08-05 10:40:00,31.95,1008.9,74.6,normal,none
AWS-004,Kolkata Alipore,2026-08-05 10:50:00,32.15,1008.78,76.5,normal,none
AWS-004,Kolkata Alipore,2026-08-05 11:00:00,32.98,1008.97,75.6,normal,none
AWS-004,Kolkata Alipore,2026-08-05 11:10:00,32.75,1008.85,71.1,normal,none
AWS-004,Kolkata Alipore,2026-08-05 11:20:00,32.09,1008.48,72.4,normal,none
AWS-004,Kolkata Alipore,2026-08-05 11:30:00,32.82,1008.75,73.4,normal,none
AWS-004,Kolkata Alipore,2026-08-05 11:40:00,33.24,1008.44,71.3,normal,none
AWS-004,Kolkata Alipore,2026-08-05 11:50:00,33.25,1008.56,71.4,normal,none
AWS-004,Kolkata Alipore,2026-08-05 12:00:00,33.66,1008.63,71.8,normal,none
AWS-004,Kolkata Alipore,2026-08-05 12:10:00,33.71,1008.44,73.4,normal,none
AWS-004,Kolkata Alipore,2026-08-05 12:20:00,34.41,1008.71,71.0,normal,none
AWS-004,Kolkata Alipore,2026-08-05 12:30:00,34.34,1008.53,69.7,normal,none
AWS-004,Kolkata Alipore,2026-08-05 12:40:00,33.76,1008.07,72.0,normal,none
AWS-004,Kolkata Alipore,2026-08-05 12:50:00,34.21,1008.57,72.7,normal,none
AWS-004,Kolkata Alipore,2026-08-05 13:00:00,34.25,1008.29,71.4,normal,none
AWS-004,Kolkata Alipore,2026-08-05 13:10:00,34.56,1008.39,69.0,normal,none
AWS-004,Kolkata Alipore,2026-08-05 13:20:00,34.81,1008.23,70.5,normal,none
AWS-004,Kolkata Alipore,2026-08-05 13:30:00,34.88,1008.5,67.9,normal,none
AWS-004,Kolkata Alipore,2026-08-05 13:40:00,34.99,1008.35,71.5,normal,none
AWS-004,Kolkata Alipore,2026-08-05 13:50:00,34.19,1008.23,71.2,normal,none
AWS-004,Kolkata Alipore,2026-08-05 14:00:00,35.05,1008.5,68.8,normal,none
AWS-004,Kolkata Alipore,2026-08-05 14:10:00,35.12,1008.19,72.1,normal,none
AWS-004,Kolkata Alipore,2026-08-05 14:20:00,34.95,1007.95,70.6,normal,none
AWS-004,Kolkata Alipore,2026-08-05 14:30:00,34.92,1008.75,70.4,normal,none
AWS-004,Kolkata Alipore,2026-08-05 14:40:00,34.7,1007.82,69.8,normal,none
AWS-004,Kolkata Alipore,2026-08-05 14:50:00,34.77,1008.24,68.7,normal,none
AWS-004,Kolkata Alipore,2026-08-05 15:00:00,34.86,1007.73,70.2,normal,none
AWS-004,Kolkata Alipore,2026-08-05 15:10:00,35.36,1007.78,69.3,normal,none
AWS-004,Kolkata Alipore,2026-08-05 15:20:00,34.25,1007.81,68.7,normal,none
AWS-004,Kolkata Alipore,2026-08-05 15:30:00,34.68,1007.72,70.3,normal,none
AWS-004,Kolkata Alipore,2026-08-05 15:40:00,35.06,1007.57,69.3,normal,none
AWS-004,Kolkata Alipore,2026-08-05 15:50:00,35.01,1007.66,70.4,normal,none
AWS-004,Kolkata Alipore,2026-08-05 16:00:00,34.28,1007.47,70.5,normal,none
AWS-004,Kolkata Alipore,2026-08-05 16:10:00,34.2,1007.19,70.3,normal,none
AWS-004,Kolkata Alipore,2026-08-05 16:20:00,34.75,1007.72,69.0,normal,none
AWS-004,Kolkata Alipore,2026-08-05 16:30:00,34.46,1007.69,71.8,normal,none
AWS-004,Kolkata Alipore,2026-08-05 16:40:00,33.78,1007.39,71.0,normal,none
AWS-004,Kolkata Alipore,2026-08-05 16:50:00,34.02,1007.59,68.4,normal,none
AWS-004,Kolkata Alipore,2026-08-05 17:00:00,33.63,1006.92,72.0,normal,none
AWS-004,Kolkata Alipore,2026-08-05 17:10:00,34.11,1007.24,69.7,normal,none
AWS-004,Kolkata Alipore,2026-08-05 17:20:00,33.19,1007.27,73.5,normal,none
AWS-004,Kolkata Alipore,2026-08-05 17:30:00,33.03,1007.19,73.8,normal,none
AWS-004,Kolkata Alipore,2026-08-05 17:40:00,33.09,1007.46,71.4,normal,none
AWS-004,Kolkata Alipore,2026-08-05 17:50:00,33.65,1007.32,73.3,normal,none
AWS-004,Kolkata Alipore,2026-08-05 18:00:00,32.97,1006.65,74.0,normal,none
AWS-004,Kolkata Alipore,2026-08-05 18:10:00,32.4,1007.14,74.6,normal,none
AWS-004,Kolkata Alipore,2026-08-05 18:20:00,32.49,1007.34,75.3,normal,none
AWS-004,Kolkata Alipore,2026-08-05 18:30:00,31.61,1006.25,73.2,normal,none
AWS-004,Kolkata Alipore,2026-08-05 18:40:00,31.75,1007.24,75.1,normal,none
AWS-004,Kolkata Alipore,2026-08-05 18:50:00,31.67,1006.66,76.4,normal,none
AWS-004,Kolkata Alipore,2026-08-05 19:00:00,32.09,1006.83,73.8,normal,none
AWS-004,Kolkata Alipore,2026-08-05 19:10:00,31.78,1006.91,73.9,normal,none
AWS-004,Kolkata Alipore,2026-08-05 19:20:00,30.99,1006.67,76.4,normal,none
AWS-004,Kolkata Alipore,2026-08-05 19:30:00,30.88,1006.99,77.2,normal,none
AWS-004,Kolkata Alipore,2026-08-05 19:40:00,30.14,1006.78,77.0,normal,none
AWS-004,Kolkata Alipore,2026-08-05 19:50:00,30.56,1007.29,78.7,normal,none
AWS-004,Kolkata Alipore,2026-08-05 20:00:00,29.39,1007.06,77.6,normal,none
AWS-004,Kolkata Alipore,2026-08-05 20:10:00,29.94,1006.62,78.7,normal,none
AWS-004,Kolkata Alipore,2026-08-05 20:20:00,29.75,1007.18,79.3,normal,none
AWS-004,Kolkata Alipore,2026-08-05 20:30:00,29.17,1006.63,81.8,normal,none
AWS-004,Kolkata Alipore,2026-08-05 20:40:00,29.59,1007.12,81.1,normal,none
AWS-004,Kolkata Alipore,2026-08-05 20:50:00,28.1,1006.68,78.9,normal,none
AWS-004,Kolkata Alipore,2026-08-05 21:00:00,28.51,1006.32,81.8,normal,none
AWS-004,Kolkata Alipore,2026-08-05 21:10:00,28.48,1007.6,81.4,normal,none
AWS-004,Kolkata Alipore,2026-08-05 21:20:00,28.46,1007.45,81.7,normal,none
AWS-004,Kolkata Alipore,2026-08-05 21:30:00,27.71,1007.74,80.8,normal,none
AWS-004,Kolkata Alipore,2026-08-05 21:40:00,27.87,1007.34,82.6,normal,none
AWS-004,Kolkata Alipore,2026-08-05 21:50:00,27.59,1007.0,84.5,normal,none
AWS-004,Kolkata Alipore,2026-08-05 22:00:00,26.75,1007.37,82.8,normal,none
AWS-004,Kolkata Alipore,2026-08-05 22:10:00,27.03,1007.36,81.1,normal,none
AWS-004,Kolkata Alipore,2026-08-05 22:20:00,26.37,1007.12,83.7,normal,none
AWS-004,Kolkata Alipore,2026-08-05 22:30:00,26.05,1007.44,83.7,normal,none
AWS-004,Kolkata Alipore,2026-08-05 22:40:00,26.17,1007.07,87.1,normal,none
AWS-004,Kolkata Alipore,2026-08-05 22:50:00,26.63,1007.87,84.7,normal,none
AWS-004,Kolkata Alipore,2026-08-05 23:00:00,25.47,1007.57,86.1,normal,none
AWS-004,Kolkata Alipore,2026-08-05 23:10:00,25.66,1007.35,87.0,normal,none
AWS-004,Kolkata Alipore,2026-08-05 23:20:00,26.15,1007.68,86.0,normal,none
AWS-004,Kolkata Alipore,2026-08-05 23:30:00,25.06,1007.73,86.6,normal,none
AWS-004,Kolkata Alipore,2026-08-05 23:40:00,25.29,1007.64,87.1,normal,none
AWS-004,Kolkata Alipore,2026-08-05 23:50:00,25.03,1008.29,86.3,normal,none
AWS-004,Kolkata Alipore,2026-08-06 00:00:00,25.24,1008.24,89.2,normal,none
AWS-004,Kolkata Alipore,2026-08-06 00:10:00,24.35,1007.84,87.4,normal,none
AWS-004,Kolkata Alipore,2026-08-06 00:20:00,25.12,1008.48,89.1,normal,none
AWS-004,Kolkata Alipore,2026-08-06 00:30:00,24.56,1008.26,88.3,normal,none
AWS-004,Kolkata Alipore,2026-08-06 00:40:00,24.79,1008.42,88.3,normal,none
AWS-004,Kolkata Alipore,2026-08-06 00:50:00,24.46,1008.15,89.6,normal,none
AWS-004,Kolkata Alipore,2026-08-06 01:00:00,24.43,1008.57,86.9,normal,none
AWS-004,Kolkata Alipore,2026-08-06 01:10:00,23.85,1008.36,87.6,normal,none
AWS-004,Kolkata Alipore,2026-08-06 01:20:00,24.16,1008.35,88.4,normal,none
AWS-004,Kolkata Alipore,2026-08-06 01:30:00,24.26,1008.81,90.3,normal,none
AWS-004,Kolkata Alipore,2026-08-06 01:40:00,24.2,1008.38,89.4,normal,none
AWS-004,Kolkata Alipore,2026-08-06 01:50:00,25.04,1009.54,89.3,normal,none
AWS-004,Kolkata Alipore,2026-08-06 02:00:00,23.63,1008.93,90.8,normal,none
AWS-004,Kolkata Alipore,2026-08-06 02:10:00,24.22,1009.57,89.6,normal,none
AWS-004,Kolkata Alipore,2026-08-06 02:20:00,23.73,1009.42,87.6,normal,none
AWS-004,Kolkata Alipore,2026-08-06 02:30:00,24.09,1009.71,90.3,normal,none
AWS-004,Kolkata Alipore,2026-08-06 02:40:00,23.73,1009.15,90.6,normal,none
AWS-004,Kolkata Alipore,2026-08-06 02:50:00,24.22,1009.55,90.7,normal,none
AWS-004,Kolkata Alipore,2026-08-06 03:00:00,24.21,1009.75,89.2,normal,none
AWS-004,Kolkata Alipore,2026-08-06 03:10:00,24.64,1009.84,90.1,normal,none
AWS-004,Kolkata Alipore,2026-08-06 03:20:00,23.99,1010.06,89.3,normal,none
AWS-004,Kolkata Alipore,2026-08-06 03:30:00,24.38,1010.05,88.6,normal,none
AWS-004,Kolkata Alipore,2026-08-06 03:40:00,24.73,1010.05,84.4,normal,none
AWS-004,Kolkata Alipore,2026-08-06 03:50:00,24.61,1010.38,88.1,normal,none
AWS-004,Kolkata Alipore,2026-08-06 04:00:00,24.51,1010.17,87.8,normal,none
AWS-004,Kolkata Alipore,2026-08-06 04:10:00,24.43,1010.29,90.8,normal,none
AWS-004,Kolkata Alipore,2026-08-06 04:20:00,24.38,1010.46,88.0,normal,none
AWS-004,Kolkata Alipore,2026-08-06 04:30:00,24.94,1010.6,88.5,normal,none
AWS-004,Kolkata Alipore,2026-08-06 04:40:00,25.68,1010.43,88.6,normal,none
AWS-004,Kolkata Alipore,2026-08-06 04:50:00,25.64,1010.9,89.0,normal,none
AWS-004,Kolkata Alipore,2026-08-06 05:00:00,25.01,1010.73,87.8,normal,none
AWS-004,Kolkata Alipore,2026-08-06 05:10:00,25.84,1009.96,87.4,normal,none
AWS-004,Kolkata Alipore,2026-08-06 05:20:00,26.09,1011.07,86.0,normal,none
AWS-004,Kolkata Alipore,2026-08-06 05:30:00,26.7,1011.24,87.4,normal,none
AWS-004,Kolkata Alipore,2026-08-06 05:40:00,26.0,1011.15,84.9,normal,none
AWS-004,Kolkata Alipore,2026-08-06 05:50:00,26.33,1011.26,85.0,normal,none
AWS-004,Kolkata Alipore,2026-08-06 06:00:00,25.85,1010.89,84.9,normal,none
AWS-004,Kolkata Alipore,2026-08-06 06:10:00,27.14,1011.43,84.0,normal,none
AWS-004,Kolkata Alipore,2026-08-06 06:20:00,27.32,1011.43,84.5,normal,none
AWS-004,Kolkata Alipore,2026-08-06 06:30:00,27.21,1011.58,83.7,normal,none
AWS-004,Kolkata Alipore,2026-08-06 06:40:00,28.04,1011.6,83.2,normal,none
AWS-004,Kolkata Alipore,2026-08-06 06:50:00,27.34,1012.3,80.8,normal,none
AWS-004,Kolkata Alipore,2026-08-06 07:00:00,27.87,1011.41,82.9,normal,none
AWS-004,Kolkata Alipore,2026-08-06 07:10:00,27.97,1011.44,80.0,normal,none
AWS-004,Kolkata Alipore,2026-08-06 07:20:00,28.62,1011.75,82.1,normal,none
AWS-004,Kolkata Alipore,2026-08-06 07:30:00,29.16,1011.87,80.0,normal,none
AWS-004,Kolkata Alipore,2026-08-06 07:40:00,29.38,1011.71,80.8,normal,none
AWS-004,Kolkata Alipore,2026-08-06 07:50:00,29.83,1011.59,78.5,normal,none
AWS-004,Kolkata Alipore,2026-08-06 08:00:00,30.35,1012.15,79.0,normal,none
AWS-004,Kolkata Alipore,2026-08-06 08:10:00,29.97,1012.31,81.1,normal,none
AWS-004,Kolkata Alipore,2026-08-06 08:20:00,30.52,1012.06,80.1,normal,none
AWS-004,Kolkata Alipore,2026-08-06 08:30:00,30.57,1011.78,76.0,normal,none
AWS-004,Kolkata Alipore,2026-08-06 08:40:00,30.83,1012.03,74.8,normal,none
AWS-004,Kolkata Alipore,2026-08-06 08:50:00,31.53,1012.34,74.9,normal,none
AWS-004,Kolkata Alipore,2026-08-06 09:00:00,31.9,1012.36,75.1,normal,none
AWS-004,Kolkata Alipore,2026-08-06 09:10:00,31.56,1012.07,79.1,normal,none
AWS-004,Kolkata Alipore,2026-08-06 09:20:00,31.94,1012.26,75.3,normal,none
AWS-004,Kolkata Alipore,2026-08-06 09:30:00,33.46,1011.98,73.8,normal,none
AWS-004,Kolkata Alipore,2026-08-06 09:40:00,32.4,1011.71,75.6,normal,none
AWS-004,Kolkata Alipore,2026-08-06 09:50:00,32.13,1012.07,73.6,normal,none
AWS-004,Kolkata Alipore,2026-08-06 10:00:00,33.23,1011.99,74.1,normal,none
AWS-004,Kolkata Alipore,2026-08-06 10:10:00,33.39,1011.94,72.5,normal,none
AWS-004,Kolkata Alipore,2026-08-06 10:20:00,33.72,1012.32,71.6,normal,none
AWS-004,Kolkata Alipore,2026-08-06 10:30:00,34.65,1011.95,71.9,normal,none
AWS-004,Kolkata Alipore,2026-08-06 10:40:00,34.39,1012.12,72.4,normal,none
AWS-004,Kolkata Alipore,2026-08-06 10:50:00,34.31,1011.99,70.5,normal,none
AWS-004,Kolkata Alipore,2026-08-06 11:00:00,34.7,1012.06,72.6,normal,none
AWS-004,Kolkata Alipore,2026-08-06 11:10:00,34.62,1012.03,69.9,normal,none
AWS-004,Kolkata Alipore,2026-08-06 11:20:00,35.43,1012.0,71.6,normal,none
AWS-004,Kolkata Alipore,2026-08-06 11:30:00,34.92,1011.99,72.4,normal,none
AWS-004,Kolkata Alipore,2026-08-06 11:40:00,35.7,1012.3,68.2,normal,none
AWS-004,Kolkata Alipore,2026-08-06 11:50:00,35.86,1011.95,71.1,normal,none
AWS-004,Kolkata Alipore,2026-08-06 12:00:00,35.74,1011.99,69.1,normal,none
AWS-004,Kolkata Alipore,2026-08-06 12:10:00,35.2,1012.28,67.6,normal,none
AWS-004,Kolkata Alipore,2026-08-06 12:20:00,35.87,1011.64,67.8,normal,none
AWS-004,Kolkata Alipore,2026-08-06 12:30:00,36.33,1011.84,68.3,normal,none
AWS-004,Kolkata Alipore,2026-08-06 12:40:00,36.18,1011.55,67.1,normal,none
AWS-004,Kolkata Alipore,2026-08-06 12:50:00,36.97,1011.31,66.9,normal,none
AWS-004,Kolkata Alipore,2026-08-06 13:00:00,36.14,1011.4,66.5,normal,none
AWS-004,Kolkata Alipore,2026-08-06 13:10:00,37.07,1011.51,66.0,normal,none
AWS-004,Kolkata Alipore,2026-08-06 13:20:00,36.13,1011.52,64.9,normal,none
AWS-004,Kolkata Alipore,2026-08-06 13:30:00,36.73,1011.06,66.3,normal,none
AWS-004,Kolkata Alipore,2026-08-06 13:40:00,37.2,1011.09,66.8,normal,none
AWS-004,Kolkata Alipore,2026-08-06 13:50:00,36.51,1011.06,68.0,normal,none
AWS-004,Kolkata Alipore,2026-08-06 14:00:00,37.08,1010.88,66.0,normal,none
AWS-004,Kolkata Alipore,2026-08-06 14:10:00,36.92,1011.51,66.0,normal,none
AWS-004,Kolkata Alipore,2026-08-06 14:20:00,37.58,1010.73,64.9,normal,none
AWS-004,Kolkata Alipore,2026-08-06 14:30:00,37.0,1011.05,66.1,normal,none
AWS-004,Kolkata Alipore,2026-08-06 14:40:00,37.4,1011.23,65.9,normal,none
AWS-004,Kolkata Alipore,2026-08-06 14:50:00,37.05,1010.6,65.6,normal,none
AWS-004,Kolkata Alipore,2026-08-06 15:00:00,37.29,1010.15,65.4,normal,none
AWS-004,Kolkata Alipore,2026-08-06 15:10:00,37.05,1010.88,66.7,normal,none
AWS-004,Kolkata Alipore,2026-08-06 15:20:00,37.15,1010.49,67.3,normal,none
AWS-004,Kolkata Alipore,2026-08-06 15:30:00,36.4,1010.63,65.7,normal,none
AWS-004,Kolkata Alipore,2026-08-06 15:40:00,36.43,1009.96,68.2,normal,none
AWS-004,Kolkata Alipore,2026-08-06 15:50:00,36.48,1010.29,66.6,normal,none
AWS-004,Kolkata Alipore,2026-08-06 16:00:00,36.99,1010.2,65.6,normal,none
AWS-004,Kolkata Alipore,2026-08-06 16:10:00,36.76,1010.4,66.8,normal,none
AWS-004,Kolkata Alipore,2026-08-06 16:20:00,36.71,1010.07,68.3,normal,none
AWS-004,Kolkata Alipore,2026-08-06 16:30:00,37.0,1010.22,67.2,normal,none
AWS-004,Kolkata Alipore,2026-08-06 16:40:00,35.96,1010.06,67.6,normal,none
AWS-004,Kolkata Alipore,2026-08-06 16:50:00,36.38,1009.68,64.9,normal,none
AWS-004,Kolkata Alipore,2026-08-06 17:00:00,35.65,1010.16,67.2,normal,none
AWS-004,Kolkata Alipore,2026-08-06 17:10:00,36.17,1009.77,66.9,normal,none
AWS-004,Kolkata Alipore,2026-08-06 17:20:00,35.36,1009.45,68.2,normal,none
AWS-004,Kolkata Alipore,2026-08-06 17:30:00,36.02,1009.76,68.8,normal,none
AWS-004,Kolkata Alipore,2026-08-06 17:40:00,35.42,1009.6,69.6,normal,none
AWS-004,Kolkata Alipore,2026-08-06 17:50:00,35.12,1009.75,69.4,normal,none
AWS-004,Kolkata Alipore,2026-08-06 18:00:00,35.33,1009.61,69.9,normal,none
AWS-004,Kolkata Alipore,2026-08-06 18:10:00,34.76,1009.49,70.7,normal,none
AWS-004,Kolkata Alipore,2026-08-06 18:20:00,34.12,1010.21,71.8,normal,none
AWS-004,Kolkata Alipore,2026-08-06 18:30:00,34.25,1009.47,70.6,normal,none
AWS-004,Kolkata Alipore,2026-08-06 18:40:00,34.11,1009.99,72.1,normal,none
AWS-004,Kolkata Alipore,2026-08-06 18:50:00,34.33,1008.89,70.9,normal,none
AWS-004,Kolkata Alipore,2026-08-06 19:00:00,33.66,1009.31,73.1,normal,none
AWS-004,Kolkata Alipore,2026-08-06 19:10:00,33.5,1009.26,72.3,normal,none
AWS-004,Kolkata Alipore,2026-08-06 19:20:00,33.9,1009.22,74.9,normal,none
AWS-004,Kolkata Alipore,2026-08-06 19:30:00,33.27,1009.34,74.4,normal,none
AWS-004,Kolkata Alipore,2026-08-06 19:40:00,32.62,1009.0,74.0,normal,none
AWS-004,Kolkata Alipore,2026-08-06 19:50:00,32.64,1009.21,75.4,normal,none
AWS-004,Kolkata Alipore,2026-08-06 20:00:00,32.49,1009.36,76.1,normal,none
AWS-004,Kolkata Alipore,2026-08-06 20:10:00,31.4,1009.32,75.6,normal,none
AWS-004,Kolkata Alipore,2026-08-06 20:20:00,31.51,1008.82,73.8,normal,none
AWS-004,Kolkata Alipore,2026-08-06 20:30:00,32.08,1009.4,76.9,normal,none
AWS-004,Kolkata Alipore,2026-08-06 20:40:00,31.67,1009.14,76.3,normal,none
AWS-004,Kolkata Alipore,2026-08-06 20:50:00,31.37,1009.05,77.5,normal,none
AWS-004,Kolkata Alipore,2026-08-06 21:00:00,30.87,1008.86,76.1,normal,none
AWS-004,Kolkata Alipore,2026-08-06 21:10:00,31.51,1009.02,78.7,normal,none
AWS-004,Kolkata Alipore,2026-08-06 21:20:00,30.59,1009.43,79.9,normal,none
AWS-004,Kolkata Alipore,2026-08-06 21:30:00,30.23,1009.14,78.7,normal,none
AWS-004,Kolkata Alipore,2026-08-06 21:40:00,30.24,1008.91,80.3,normal,none
AWS-004,Kolkata Alipore,2026-08-06 21:50:00,29.78,1009.62,78.3,normal,none
AWS-004,Kolkata Alipore,2026-08-06 22:00:00,29.52,1009.68,82.8,normal,none
AWS-004,Kolkata Alipore,2026-08-06 22:10:00,28.56,1009.52,81.5,normal,none
AWS-004,Kolkata Alipore,2026-08-06 22:20:00,28.93,1009.34,80.1,normal,none
AWS-004,Kolkata Alipore,2026-08-06 22:30:00,28.83,1009.39,82.0,normal,none
AWS-004,Kolkata Alipore,2026-08-06 22:40:00,28.33,1009.09,81.0,normal,none
AWS-004,Kolkata Alipore,2026-08-06 22:50:00,28.47,1009.37,81.8,normal,none
AWS-004,Kolkata Alipore,2026-08-06 23:00:00,28.56,1009.46,84.8,normal,none
AWS-004,Kolkata Alipore,2026-08-06 23:10:00,27.59,1009.14,83.8,normal,none
AWS-004,Kolkata Alipore,2026-08-06 23:20:00,27.32,1009.3,83.4,normal,none
AWS-004,Kolkata Alipore,2026-08-06 23:30:00,27.42,1009.49,82.9,normal,none
AWS-004,Kolkata Alipore,2026-08-06 23:40:00,27.49,1009.37,83.6,normal,none
AWS-004,Kolkata Alipore,2026-08-06 23:50:00,26.89,1009.82,83.1,normal,none
AWS-004,Kolkata Alipore,2026-08-07 00:00:00,27.15,1009.97,87.4,normal,none
AWS-004,Kolkata Alipore,2026-08-07 00:10:00,27.03,1010.22,85.3,normal,none
AWS-004,Kolkata Alipore,2026-08-07 00:20:00,26.48,1009.56,85.8,normal,none
AWS-004,Kolkata Alipore,2026-08-07 00:30:00,26.75,1009.8,84.6,normal,none
AWS-004,Kolkata Alipore,2026-08-07 00:40:00,26.15,1009.78,86.0,normal,none
AWS-004,Kolkata Alipore,2026-08-07 00:50:00,25.8,1009.51,84.2,normal,none
AWS-004,Kolkata Alipore,2026-08-07 01:00:00,26.32,1010.38,87.7,normal,none
AWS-004,Kolkata Alipore,2026-08-07 01:10:00,26.24,1010.36,87.0,normal,none
AWS-004,Kolkata Alipore,2026-08-07 01:20:00,26.2,1010.15,87.0,normal,none
AWS-004,Kolkata Alipore,2026-08-07 01:30:00,26.24,1010.34,84.5,normal,none
AWS-004,Kolkata Alipore,2026-08-07 01:40:00,25.94,1010.65,88.0,normal,none
AWS-004,Kolkata Alipore,2026-08-07 01:50:00,25.31,1010.51,86.5,normal,none
AWS-004,Kolkata Alipore,2026-08-07 02:00:00,26.0,1010.38,85.1,normal,none
AWS-004,Kolkata Alipore,2026-08-07 02:10:00,26.13,1010.34,90.0,normal,none
AWS-004,Kolkata Alipore,2026-08-07 02:20:00,25.61,1010.12,86.7,normal,none
AWS-004,Kolkata Alipore,2026-08-07 02:30:00,25.8,1010.78,86.9,normal,none
AWS-004,Kolkata Alipore,2026-08-07 02:40:00,25.52,1010.61,86.5,normal,none
AWS-004,Kolkata Alipore,2026-08-07 02:50:00,25.93,1010.74,87.7,normal,none
AWS-004,Kolkata Alipore,2026-08-07 03:00:00,25.75,1011.06,87.3,normal,none
AWS-004,Kolkata Alipore,2026-08-07 03:10:00,26.35,1011.16,86.0,normal,none
AWS-004,Kolkata Alipore,2026-08-07 03:20:00,25.94,1011.01,87.3,normal,none
AWS-004,Kolkata Alipore,2026-08-07 03:30:00,25.81,1011.69,87.1,normal,none
AWS-004,Kolkata Alipore,2026-08-07 03:40:00,26.14,1011.08,86.3,normal,none
AWS-004,Kolkata Alipore,2026-08-07 03:50:00,26.63,1011.37,84.5,normal,none
AWS-004,Kolkata Alipore,2026-08-07 04:00:00,26.76,1011.46,86.1,normal,none
AWS-004,Kolkata Alipore,2026-08-07 04:10:00,25.9,1011.78,87.1,normal,none
AWS-004,Kolkata Alipore,2026-08-07 04:20:00,27.33,1011.56,84.9,normal,none
AWS-004,Kolkata Alipore,2026-08-07 04:30:00,26.56,1011.35,84.7,normal,none
AWS-004,Kolkata Alipore,2026-08-07 04:40:00,26.21,1011.73,85.4,normal,none
AWS-004,Kolkata Alipore,2026-08-07 04:50:00,26.77,1011.96,86.2,normal,none
AWS-004,Kolkata Alipore,2026-08-07 05:00:00,26.54,1011.75,84.0,normal,none
AWS-004,Kolkata Alipore,2026-08-07 05:10:00,27.31,1011.83,84.6,normal,none
AWS-004,Kolkata Alipore,2026-08-07 05:20:00,28.0,1011.93,84.4,normal,none
AWS-004,Kolkata Alipore,2026-08-07 05:30:00,27.64,1012.17,83.5,normal,none
AWS-004,Kolkata Alipore,2026-08-07 05:40:00,27.55,1012.07,84.4,normal,none
AWS-004,Kolkata Alipore,2026-08-07 05:50:00,28.01,1012.35,82.9,normal,none
AWS-004,Kolkata Alipore,2026-08-07 06:00:00,27.91,1012.39,82.7,normal,none
AWS-004,Kolkata Alipore,2026-08-07 06:10:00,28.14,1012.23,81.6,normal,none
AWS-004,Kolkata Alipore,2026-08-07 06:20:00,28.39,1012.19,81.0,normal,none
AWS-004,Kolkata Alipore,2026-08-07 06:30:00,28.96,1012.42,81.4,normal,none
AWS-004,Kolkata Alipore,2026-08-07 06:40:00,28.47,1012.55,82.5,normal,none
AWS-004,Kolkata Alipore,2026-08-07 06:50:00,29.13,1012.23,80.5,normal,none
AWS-004,Kolkata Alipore,2026-08-07 07:00:00,29.58,1012.27,80.3,normal,none
AWS-004,Kolkata Alipore,2026-08-07 07:10:00,29.19,1012.04,80.2,normal,none
AWS-004,Kolkata Alipore,2026-08-07 07:20:00,29.52,1012.35,79.3,normal,none
AWS-004,Kolkata Alipore,2026-08-07 07:30:00,29.5,1012.45,80.2,normal,none
AWS-004,Kolkata Alipore,2026-08-07 07:40:00,29.82,1012.66,80.1,normal,none
AWS-004,Kolkata Alipore,2026-08-07 07:50:00,30.66,1012.86,79.5,normal,none
AWS-004,Kolkata Alipore,2026-08-07 08:00:00,31.33,1012.5,77.5,normal,none
AWS-004,Kolkata Alipore,2026-08-07 08:10:00,31.4,1012.33,76.4,normal,none
AWS-004,Kolkata Alipore,2026-08-07 08:20:00,31.61,1012.89,78.1,normal,none
AWS-004,Kolkata Alipore,2026-08-07 08:30:00,31.73,1012.35,77.9,normal,none
AWS-004,Kolkata Alipore,2026-08-07 08:40:00,31.76,1012.57,76.3,normal,none
AWS-004,Kolkata Alipore,2026-08-07 08:50:00,32.76,1012.7,73.4,normal,none
AWS-004,Kolkata Alipore,2026-08-07 09:00:00,32.34,1013.24,72.6,normal,none
AWS-004,Kolkata Alipore,2026-08-07 09:10:00,33.15,1012.34,73.1,normal,none
AWS-004,Kolkata Alipore,2026-08-07 09:20:00,32.83,1012.69,74.5,normal,none
AWS-004,Kolkata Alipore,2026-08-07 09:30:00,33.9,1012.69,72.4,normal,none
AWS-004,Kolkata Alipore,2026-08-07 09:40:00,33.77,1012.51,72.9,normal,none
AWS-004,Kolkata Alipore,2026-08-07 09:50:00,34.16,1012.77,72.4,normal,none
AWS-004,Kolkata Alipore,2026-08-07 10:00:00,33.68,1012.31,70.5,normal,none
AWS-004,Kolkata Alipore,2026-08-07 10:10:00,34.24,1012.63,72.2,normal,none
AWS-004,Kolkata Alipore,2026-08-07 10:20:00,34.43,1012.12,71.5,normal,none
AWS-004,Kolkata Alipore,2026-08-07 10:30:00,35.11,1012.57,70.7,normal,none
AWS-004,Kolkata Alipore,2026-08-07 10:40:00,35.29,1012.51,71.9,normal,none
AWS-004,Kolkata Alipore,2026-08-07 10:50:00,36.12,1012.24,68.6,normal,none
AWS-004,Kolkata Alipore,2026-08-07 11:00:00,35.42,1012.13,70.9,normal,none
AWS-004,Kolkata Alipore,2026-08-07 11:10:00,35.91,1011.8,72.4,normal,none
AWS-004,Kolkata Alipore,2026-08-07 11:20:00,35.92,1011.98,69.8,normal,none
AWS-004,Kolkata Alipore,2026-08-07 11:30:00,35.49,1011.82,68.1,normal,none
AWS-004,Kolkata Alipore,2026-08-07 11:40:00,36.31,1011.94,66.6,normal,none
AWS-004,Kolkata Alipore,2026-08-07 11:50:00,36.18,1011.76,70.1,normal,none
AWS-004,Kolkata Alipore,2026-08-07 12:00:00,35.88,1012.26,66.8,normal,none
AWS-004,Kolkata Alipore,2026-08-07 12:10:00,37.11,1012.28,66.9,normal,none
AWS-004,Kolkata Alipore,2026-08-07 12:20:00,36.87,1011.57,66.5,normal,none
AWS-004,Kolkata Alipore,2026-08-07 12:30:00,36.68,1011.67,68.6,normal,none
AWS-004,Kolkata Alipore,2026-08-07 12:40:00,36.25,1011.88,66.9,normal,none
AWS-004,Kolkata Alipore,2026-08-07 12:50:00,37.25,1011.91,67.4,normal,none
AWS-004,Kolkata Alipore,2026-08-07 13:00:00,37.6,1011.44,64.8,normal,none
AWS-004,Kolkata Alipore,2026-08-07 13:10:00,37.54,1011.44,65.6,normal,none
AWS-004,Kolkata Alipore,2026-08-07 13:20:00,37.26,1011.2,66.0,normal,none
AWS-004,Kolkata Alipore,2026-08-07 13:30:00,37.91,1011.19,63.2,normal,none
AWS-004,Kolkata Alipore,2026-08-07 13:40:00,37.0,1011.13,64.7,normal,none
AWS-004,Kolkata Alipore,2026-08-07 13:50:00,38.1,1010.65,66.2,normal,none
AWS-004,Kolkata Alipore,2026-08-07 14:00:00,37.42,1010.91,68.1,normal,none
AWS-004,Kolkata Alipore,2026-08-07 14:10:00,36.82,1011.05,66.5,normal,none
AWS-004,Kolkata Alipore,2026-08-07 14:20:00,37.56,1010.51,68.3,normal,none
AWS-004,Kolkata Alipore,2026-08-07 14:30:00,37.62,1010.2,64.7,normal,none
AWS-004,Kolkata Alipore,2026-08-07 14:40:00,37.91,1010.28,66.3,normal,none
AWS-004,Kolkata Alipore,2026-08-07 14:50:00,37.98,1010.76,66.0,normal,none
AWS-004,Kolkata Alipore,2026-08-07 15:00:00,37.27,1010.52,64.4,normal,none
AWS-004,Kolkata Alipore,2026-08-07 15:10:00,37.44,1009.97,65.1,normal,none
AWS-004,Kolkata Alipore,2026-08-07 15:20:00,37.26,1010.08,64.5,normal,none
AWS-004,Kolkata Alipore,2026-08-07 15:30:00,37.79,1010.23,67.2,normal,none
AWS-004,Kolkata Alipore,2026-08-07 15:40:00,37.26,1009.71,67.2,normal,none
AWS-004,Kolkata Alipore,2026-08-07 15:50:00,38.32,1009.77,65.5,normal,none
AWS-004,Kolkata Alipore,2026-08-07 16:00:00,36.77,1009.61,67.3,normal,none
AWS-004,Kolkata Alipore,2026-08-07 16:10:00,37.08,1009.26,66.1,normal,none
AWS-004,Kolkata Alipore,2026-08-07 16:20:00,36.59,1009.37,65.5,normal,none
AWS-004,Kolkata Alipore,2026-08-07 16:30:00,36.83,1009.44,63.9,normal,none
AWS-004,Kolkata Alipore,2026-08-07 16:40:00,36.67,1008.84,65.1,normal,none
AWS-004,Kolkata Alipore,2026-08-07 16:50:00,36.15,1009.55,67.0,normal,none
AWS-004,Kolkata Alipore,2026-08-07 17:00:00,37.0,1009.48,68.1,normal,none
AWS-004,Kolkata Alipore,2026-08-07 17:10:00,35.98,1008.93,68.3,normal,none
AWS-004,Kolkata Alipore,2026-08-07 17:20:00,35.86,1008.95,69.9,normal,none
AWS-004,Kolkata Alipore,2026-08-07 17:30:00,35.62,1009.0,69.9,normal,none
AWS-004,Kolkata Alipore,2026-08-07 17:40:00,35.41,1008.55,70.7,normal,none
AWS-004,Kolkata Alipore,2026-08-07 17:50:00,34.81,1009.13,67.9,normal,none
AWS-004,Kolkata Alipore,2026-08-07 18:00:00,35.68,1008.82,67.4,normal,none
AWS-004,Kolkata Alipore,2026-08-07 18:10:00,35.0,1009.04,72.3,normal,none
AWS-004,Kolkata Alipore,2026-08-07 18:20:00,35.21,1008.65,71.4,normal,none
AWS-004,Kolkata Alipore,2026-08-07 18:30:00,33.87,1008.35,69.5,normal,none
AWS-004,Kolkata Alipore,2026-08-07 18:40:00,34.52,1008.31,72.4,normal,none
AWS-004,Kolkata Alipore,2026-08-07 18:50:00,33.91,1008.48,72.9,normal,none
AWS-004,Kolkata Alipore,2026-08-07 19:00:00,33.26,1008.02,75.6,normal,none
AWS-004,Kolkata Alipore,2026-08-07 19:10:00,33.57,1008.67,74.9,normal,none
AWS-004,Kolkata Alipore,2026-08-07 19:20:00,33.22,1007.98,75.5,normal,none
AWS-004,Kolkata Alipore,2026-08-07 19:30:00,32.64,1007.82,72.1,normal,none
AWS-004,Kolkata Alipore,2026-08-07 19:40:00,32.8,1007.81,75.0,normal,none
AWS-004,Kolkata Alipore,2026-08-07 19:50:00,32.49,1008.38,72.8,normal,none
AWS-004,Kolkata Alipore,2026-08-07 20:00:00,31.79,1007.89,74.4,normal,none
AWS-004,Kolkata Alipore,2026-08-07 20:10:00,31.61,1007.78,75.9,normal,none
AWS-004,Kolkata Alipore,2026-08-07 20:20:00,31.85,1007.82,76.7,normal,none
AWS-004,Kolkata Alipore,2026-08-07 20:30:00,31.18,1008.57,78.1,normal,none
AWS-004,Kolkata Alipore,2026-08-07 20:40:00,31.34,1007.8,78.6,normal,none
AWS-004,Kolkata Alipore,2026-08-07 20:50:00,30.69,1007.69,79.1,normal,none
AWS-004,Kolkata Alipore,2026-08-07 21:00:00,30.52,1008.03,78.9,normal,none
AWS-004,Kolkata Alipore,2026-08-07 21:10:00,30.64,1007.98,78.4,normal,none
AWS-004,Kolkata Alipore,2026-08-07 21:20:00,29.52,1008.1,77.8,normal,none
AWS-004,Kolkata Alipore,2026-08-07 21:30:00,29.82,1008.1,81.4,normal,none
AWS-004,Kolkata Alipore,2026-08-07 21:40:00,29.18,1007.45,81.1,normal,none
AWS-004,Kolkata Alipore,2026-08-07 21:50:00,29.24,1008.42,82.2,normal,none
AWS-004,Kolkata Alipore,2026-08-07 22:00:00,29.11,1007.75,81.8,normal,none
AWS-004,Kolkata Alipore,2026-08-07 22:10:00,28.63,1008.16,81.5,normal,none
AWS-004,Kolkata Alipore,2026-08-07 22:20:00,28.34,1007.48,82.7,normal,none
AWS-004,Kolkata Alipore,2026-08-07 22:30:00,28.99,1007.57,82.6,normal,none
AWS-004,Kolkata Alipore,2026-08-07 22:40:00,28.44,1007.68,82.8,normal,none
AWS-004,Kolkata Alipore,2026-08-07 22:50:00,27.41,1007.86,84.1,normal,none
AWS-004,Kolkata Alipore,2026-08-07 23:00:00,27.65,1007.54,82.4,normal,none
AWS-004,Kolkata Alipore,2026-08-07 23:10:00,27.09,1007.81,83.1,normal,none
AWS-004,Kolkata Alipore,2026-08-07 23:20:00,26.45,1007.63,84.9,normal,none
AWS-004,Kolkata Alipore,2026-08-07 23:30:00,26.34,1008.32,85.6,normal,none
AWS-004,Kolkata Alipore,2026-08-07 23:40:00,27.24,1007.85,86.0,normal,none
AWS-004,Kolkata Alipore,2026-08-07 23:50:00,26.3,1008.07,84.2,normal,none
AWS-004,Kolkata Alipore,2026-08-08 00:00:00,25.84,1007.77,85.7,normal,none
AWS-004,Kolkata Alipore,2026-08-08 00:10:00,25.85,1008.03,89.0,normal,none
AWS-004,Kolkata Alipore,2026-08-08 00:20:00,25.51,1007.83,85.6,normal,none
AWS-004,Kolkata Alipore,2026-08-08 00:30:00,25.24,1008.1,88.3,normal,none
AWS-004,Kolkata Alipore,2026-08-08 00:40:00,25.81,1008.1,85.9,normal,none
AWS-004,Kolkata Alipore,2026-08-08 00:50:00,25.41,1008.92,87.8,normal,none
AWS-004,Kolkata Alipore,2026-08-08 01:00:00,25.47,1008.32,88.4,normal,none
AWS-004,Kolkata Alipore,2026-08-08 01:10:00,25.6,1008.34,87.8,normal,none
AWS-004,Kolkata Alipore,2026-08-08 01:20:00,24.98,1008.3,88.6,normal,none
AWS-004,Kolkata Alipore,2026-08-08 01:30:00,25.15,1008.46,88.2,normal,none
AWS-004,Kolkata Alipore,2026-08-08 01:40:00,25.29,1008.79,86.6,normal,none
AWS-004,Kolkata Alipore,2026-08-08 01:50:00,24.92,1008.56,88.9,normal,none
AWS-004,Kolkata Alipore,2026-08-08 02:00:00,25.03,1008.4,88.3,normal,none
AWS-004,Kolkata Alipore,2026-08-08 02:10:00,24.99,1008.93,88.6,normal,none
AWS-004,Kolkata Alipore,2026-08-08 02:20:00,24.67,1008.86,88.4,normal,none
AWS-004,Kolkata Alipore,2026-08-08 02:30:00,25.07,1008.33,88.3,normal,none
AWS-004,Kolkata Alipore,2026-08-08 02:40:00,25.05,1008.79,88.8,normal,none
AWS-004,Kolkata Alipore,2026-08-08 02:50:00,24.61,1008.8,86.8,normal,none
AWS-004,Kolkata Alipore,2026-08-08 03:00:00,24.86,1008.78,87.3,normal,none
AWS-004,Kolkata Alipore,2026-08-08 03:10:00,24.99,1009.04,89.5,normal,none
AWS-004,Kolkata Alipore,2026-08-08 03:20:00,24.75,1009.13,87.3,normal,none
AWS-004,Kolkata Alipore,2026-08-08 03:30:00,24.35,1009.06,87.6,normal,none
AWS-004,Kolkata Alipore,2026-08-08 03:40:00,25.15,1009.12,87.7,normal,none
AWS-004,Kolkata Alipore,2026-08-08 03:50:00,25.38,1008.91,87.2,normal,none
AWS-004,Kolkata Alipore,2026-08-08 04:00:00,24.87,1009.21,85.6,normal,none
AWS-004,Kolkata Alipore,2026-08-08 04:10:00,25.01,1009.08,87.0,normal,none
AWS-004,Kolkata Alipore,2026-08-08 04:20:00,25.14,1009.29,86.3,normal,none
AWS-004,Kolkata Alipore,2026-08-08 04:30:00,26.17,1009.32,87.3,normal,none
AWS-004,Kolkata Alipore,2026-08-08 04:40:00,25.33,1009.32,86.6,normal,none
AWS-004,Kolkata Alipore,2026-08-08 04:50:00,26.11,1009.59,88.2,normal,none
AWS-004,Kolkata Alipore,2026-08-08 05:00:00,25.74,1009.16,85.8,normal,none
AWS-004,Kolkata Alipore,2026-08-08 05:10:00,26.08,1009.59,86.3,normal,none
AWS-004,Kolkata Alipore,2026-08-08 05:20:00,26.16,1009.44,87.0,normal,none
AWS-004,Kolkata Alipore,2026-08-08 05:30:00,26.61,1009.57,86.7,normal,none
AWS-004,Kolkata Alipore,2026-08-08 05:40:00,26.48,1009.72,85.3,normal,none
AWS-004,Kolkata Alipore,2026-08-08 05:50:00,27.18,1009.81,85.5,normal,none
AWS-004,Kolkata Alipore,2026-08-08 06:00:00,26.45,1009.26,85.5,normal,none
AWS-004,Kolkata Alipore,2026-08-08 06:10:00,26.54,1009.27,84.2,normal,none
AWS-004,Kolkata Alipore,2026-08-08 06:20:00,27.21,1009.98,81.5,normal,none
AWS-004,Kolkata Alipore,2026-08-08 06:30:00,27.79,1009.71,82.7,normal,none
AWS-004,Kolkata Alipore,2026-08-08 06:40:00,27.46,1009.81,82.4,normal,none
AWS-004,Kolkata Alipore,2026-08-08 06:50:00,27.59,1009.85,81.2,normal,none
AWS-004,Kolkata Alipore,2026-08-08 07:00:00,27.67,1010.31,82.2,normal,none
AWS-004,Kolkata Alipore,2026-08-08 07:10:00,28.24,1009.82,83.8,normal,none
AWS-004,Kolkata Alipore,2026-08-08 07:20:00,27.74,1009.71,79.7,normal,none
AWS-004,Kolkata Alipore,2026-08-08 07:30:00,27.91,1009.86,80.7,normal,none
AWS-004,Kolkata Alipore,2026-08-08 07:40:00,28.75,1010.17,79.1,normal,none
AWS-004,Kolkata Alipore,2026-08-08 07:50:00,29.46,1009.75,80.8,normal,none
AWS-004,Kolkata Alipore,2026-08-08 08:00:00,28.5,1010.29,80.0,normal,none
AWS-004,Kolkata Alipore,2026-08-08 08:10:00,29.29,1009.67,79.4,normal,none
AWS-004,Kolkata Alipore,2026-08-08 08:20:00,30.44,1009.84,78.5,normal,none
AWS-004,Kolkata Alipore,2026-08-08 08:30:00,30.47,1009.93,80.1,normal,none
AWS-004,Kolkata Alipore,2026-08-08 08:40:00,31.23,1009.79,76.8,normal,none
AWS-004,Kolkata Alipore,2026-08-08 08:50:00,30.43,1010.3,78.1,normal,none
AWS-004,Kolkata Alipore,2026-08-08 09:00:00,31.17,1009.74,77.3,normal,none
AWS-004,Kolkata Alipore,2026-08-08 09:10:00,31.11,1009.5,74.7,normal,none
AWS-004,Kolkata Alipore,2026-08-08 09:20:00,31.58,1009.32,76.3,normal,none
AWS-004,Kolkata Alipore,2026-08-08 09:30:00,31.81,1009.98,76.0,normal,none
AWS-004,Kolkata Alipore,2026-08-08 09:40:00,32.24,1010.05,75.1,normal,none
AWS-004,Kolkata Alipore,2026-08-08 09:50:00,31.73,1009.65,72.5,normal,none
AWS-004,Kolkata Alipore,2026-08-08 10:00:00,32.03,1009.0,73.2,normal,none
AWS-004,Kolkata Alipore,2026-08-08 10:10:00,33.33,1009.66,73.5,normal,none
AWS-004,Kolkata Alipore,2026-08-08 10:20:00,32.98,1009.46,75.4,normal,none
AWS-004,Kolkata Alipore,2026-08-08 10:30:00,33.47,1008.98,73.7,normal,none
AWS-004,Kolkata Alipore,2026-08-08 10:40:00,32.84,1009.02,72.9,normal,none
AWS-004,Kolkata Alipore,2026-08-08 10:50:00,32.74,1009.16,75.1,normal,none
AWS-004,Kolkata Alipore,2026-08-08 11:00:00,33.47,1009.62,74.1,normal,none
AWS-004,Kolkata Alipore,2026-08-08 11:10:00,34.09,1009.45,72.6,normal,none
AWS-004,Kolkata Alipore,2026-08-08 11:20:00,33.68,1009.06,72.4,normal,none
AWS-004,Kolkata Alipore,2026-08-08 11:30:00,33.94,1009.33,74.1,normal,none
AWS-004,Kolkata Alipore,2026-08-08 11:40:00,34.41,1009.28,69.6,normal,none
AWS-004,Kolkata Alipore,2026-08-08 11:50:00,34.43,1008.73,71.0,normal,none
AWS-004,Kolkata Alipore,2026-08-08 12:00:00,34.41,1008.81,71.5,normal,none
AWS-004,Kolkata Alipore,2026-08-08 12:10:00,35.05,1008.49,71.8,normal,none
AWS-004,Kolkata Alipore,2026-08-08 12:20:00,35.12,1008.57,69.2,normal,none
AWS-004,Kolkata Alipore,2026-08-08 12:30:00,34.86,1008.33,68.5,normal,none
AWS-004,Kolkata Alipore,2026-08-08 12:40:00,35.1,1008.09,69.1,normal,none
AWS-004,Kolkata Alipore,2026-08-08 12:50:00,34.37,1008.61,68.1,normal,none
AWS-004,Kolkata Alipore,2026-08-08 13:00:00,35.59,1008.24,68.2,normal,none
AWS-004,Kolkata Alipore,2026-08-08 13:10:00,35.19,1008.32,67.6,normal,none
AWS-004,Kolkata Alipore,2026-08-08 13:20:00,35.35,1007.81,71.2,normal,none
AWS-004,Kolkata Alipore,2026-08-08 13:30:00,35.95,1008.07,67.9,normal,none
AWS-004,Kolkata Alipore,2026-08-08 13:40:00,35.95,1008.01,67.8,normal,none
AWS-004,Kolkata Alipore,2026-08-08 13:50:00,35.94,1007.68,68.8,normal,none
AWS-004,Kolkata Alipore,2026-08-08 14:00:00,35.28,1007.51,67.5,normal,none
AWS-004,Kolkata Alipore,2026-08-08 14:10:00,35.97,1007.58,67.6,normal,none
AWS-004,Kolkata Alipore,2026-08-08 14:20:00,35.91,1007.64,69.8,normal,none
AWS-004,Kolkata Alipore,2026-08-08 14:30:00,35.76,1007.29,68.3,normal,none
AWS-004,Kolkata Alipore,2026-08-08 14:40:00,35.9,1007.33,68.4,normal,none
AWS-004,Kolkata Alipore,2026-08-08 14:50:00,35.03,1007.14,69.7,normal,none
AWS-004,Kolkata Alipore,2026-08-08 15:00:00,34.77,1006.9,70.8,normal,none
AWS-004,Kolkata Alipore,2026-08-08 15:10:00,35.53,1007.38,67.7,normal,none
AWS-004,Kolkata Alipore,2026-08-08 15:20:00,35.05,1007.04,69.4,normal,none
AWS-004,Kolkata Alipore,2026-08-08 15:30:00,35.37,1006.98,70.5,normal,none
AWS-004,Kolkata Alipore,2026-08-08 15:40:00,35.91,1006.7,69.1,normal,none
AWS-004,Kolkata Alipore,2026-08-08 15:50:00,34.86,1006.61,70.1,normal,none
AWS-004,Kolkata Alipore,2026-08-08 16:00:00,35.5,1005.72,70.7,normal,none
AWS-004,Kolkata Alipore,2026-08-08 16:10:00,35.25,1006.24,70.6,normal,none
AWS-004,Kolkata Alipore,2026-08-08 16:20:00,34.63,1006.21,67.2,normal,none
AWS-004,Kolkata Alipore,2026-08-08 16:30:00,34.56,1005.86,69.1,normal,none
AWS-004,Kolkata Alipore,2026-08-08 16:40:00,34.02,1006.23,69.0,normal,none
AWS-004,Kolkata Alipore,2026-08-08 16:50:00,33.87,1005.96,70.8,normal,none
AWS-004,Kolkata Alipore,2026-08-08 17:00:00,33.82,1005.86,73.3,normal,none
AWS-004,Kolkata Alipore,2026-08-08 17:10:00,33.81,1005.69,71.7,normal,none
AWS-004,Kolkata Alipore,2026-08-08 17:20:00,33.92,1006.01,71.0,normal,none
AWS-004,Kolkata Alipore,2026-08-08 17:30:00,33.86,1005.67,70.9,normal,none
AWS-004,Kolkata Alipore,2026-08-08 17:40:00,33.45,1005.12,72.1,normal,none
AWS-004,Kolkata Alipore,2026-08-08 17:50:00,32.28,1005.65,72.4,normal,none
AWS-004,Kolkata Alipore,2026-08-08 18:00:00,33.54,1005.37,73.3,normal,none
AWS-004,Kolkata Alipore,2026-08-08 18:10:00,32.67,1004.73,71.4,normal,none
AWS-004,Kolkata Alipore,2026-08-08 18:20:00,32.26,1005.35,72.6,normal,none
AWS-004,Kolkata Alipore,2026-08-08 18:30:00,32.44,1004.87,74.1,normal,none
AWS-004,Kolkata Alipore,2026-08-08 18:40:00,32.42,1004.6,75.9,normal,none
AWS-004,Kolkata Alipore,2026-08-08 18:50:00,31.52,1005.11,75.9,normal,none
AWS-004,Kolkata Alipore,2026-08-08 19:00:00,31.29,1004.67,75.7,normal,none
AWS-004,Kolkata Alipore,2026-08-08 19:10:00,30.68,1004.5,74.7,normal,none
AWS-004,Kolkata Alipore,2026-08-08 19:20:00,30.95,1004.78,77.6,normal,none
AWS-004,Kolkata Alipore,2026-08-08 19:30:00,31.06,1004.02,76.6,normal,none
AWS-004,Kolkata Alipore,2026-08-08 19:40:00,29.86,1004.36,77.1,normal,none
AWS-004,Kolkata Alipore,2026-08-08 19:50:00,29.79,1004.44,79.0,normal,none
AWS-004,Kolkata Alipore,2026-08-08 20:00:00,29.85,1004.33,80.2,normal,none
AWS-004,Kolkata Alipore,2026-08-08 20:10:00,29.51,1004.43,77.9,normal,none
AWS-004,Kolkata Alipore,2026-08-08 20:20:00,29.87,1004.34,77.7,normal,none
AWS-004,Kolkata Alipore,2026-08-08 20:30:00,29.29,1004.64,79.9,normal,none
AWS-004,Kolkata Alipore,2026-08-08 20:40:00,28.87,1004.67,81.8,normal,none
AWS-004,Kolkata Alipore,2026-08-08 20:50:00,27.93,1004.49,81.6,normal,none
AWS-004,Kolkata Alipore,2026-08-08 21:00:00,28.57,1003.92,82.6,normal,none
AWS-004,Kolkata Alipore,2026-08-08 21:10:00,27.48,1004.71,82.5,normal,none
AWS-004,Kolkata Alipore,2026-08-08 21:20:00,27.72,1004.08,81.8,normal,none
AWS-004,Kolkata Alipore,2026-08-08 21:30:00,27.35,1004.21,84.5,normal,none
AWS-004,Kolkata Alipore,2026-08-08 21:40:00,26.88,1004.37,84.2,normal,none
AWS-004,Kolkata Alipore,2026-08-08 21:50:00,26.82,1004.18,84.7,normal,none
AWS-004,Kolkata Alipore,2026-08-08 22:00:00,26.4,1004.58,82.9,normal,none
AWS-004,Kolkata Alipore,2026-08-08 22:10:00,25.85,1004.15,86.4,normal,none
AWS-004,Kolkata Alipore,2026-08-08 22:20:00,26.12,1004.01,85.5,normal,none
AWS-004,Kolkata Alipore,2026-08-08 22:30:00,25.31,1004.78,85.9,normal,none
AWS-004,Kolkata Alipore,2026-08-08 22:40:00,25.93,1004.21,87.2,normal,none
AWS-004,Kolkata Alipore,2026-08-08 22:50:00,25.53,1003.66,86.4,normal,none
AWS-004,Kolkata Alipore,2026-08-08 23:00:00,25.03,1004.1,88.5,normal,none
AWS-004,Kolkata Alipore,2026-08-08 23:10:00,24.91,1004.14,87.6,normal,none
AWS-004,Kolkata Alipore,2026-08-08 23:20:00,24.44,1004.45,85.6,normal,none
AWS-004,Kolkata Alipore,2026-08-08 23:30:00,24.55,1004.1,89.5,normal,none
AWS-004,Kolkata Alipore,2026-08-08 23:40:00,23.69,1004.39,90.1,normal,none
AWS-004,Kolkata Alipore,2026-08-08 23:50:00,23.44,1004.64,88.1,normal,none
AWS-004,Kolkata Alipore,2026-08-09 00:00:00,24.33,1004.33,89.4,normal,none
AWS-004,Kolkata Alipore,2026-08-09 00:10:00,23.51,1004.34,88.7,normal,none
AWS-004,Kolkata Alipore,2026-08-09 00:20:00,24.28,1004.55,92.3,normal,none
AWS-004,Kolkata Alipore,2026-08-09 00:30:00,22.94,1004.4,90.4,normal,none
AWS-004,Kolkata Alipore,2026-08-09 00:40:00,23.71,1004.77,90.6,normal,none
AWS-004,Kolkata Alipore,2026-08-09 00:50:00,22.82,1004.28,90.6,normal,none
AWS-004,Kolkata Alipore,2026-08-09 01:00:00,23.36,1005.5,90.8,normal,none
AWS-004,Kolkata Alipore,2026-08-09 01:10:00,23.31,1004.8,91.3,normal,none
AWS-004,Kolkata Alipore,2026-08-09 01:20:00,23.0,1004.44,90.7,normal,none
AWS-004,Kolkata Alipore,2026-08-09 01:30:00,22.72,1004.93,89.6,normal,none
AWS-004,Kolkata Alipore,2026-08-09 01:40:00,22.62,1005.14,91.9,normal,none
AWS-004,Kolkata Alipore,2026-08-09 01:50:00,22.79,1005.45,90.5,normal,none
AWS-004,Kolkata Alipore,2026-08-09 02:00:00,22.87,1005.32,90.8,normal,none
AWS-004,Kolkata Alipore,2026-08-09 02:10:00,23.13,1005.21,92.1,normal,none
AWS-004,Kolkata Alipore,2026-08-09 02:20:00,22.93,1004.64,89.7,normal,none
AWS-004,Kolkata Alipore,2026-08-09 02:30:00,22.45,1004.86,93.4,normal,none
AWS-004,Kolkata Alipore,2026-08-09 02:40:00,22.64,1005.62,91.8,normal,none
AWS-004,Kolkata Alipore,2026-08-09 02:50:00,22.39,1005.54,91.9,normal,none
AWS-004,Kolkata Alipore,2026-08-09 03:00:00,22.18,1005.62,90.2,normal,none
AWS-004,Kolkata Alipore,2026-08-09 03:10:00,22.51,1005.1,89.8,normal,none
AWS-004,Kolkata Alipore,2026-08-09 03:20:00,22.74,1005.21,88.6,normal,none
AWS-004,Kolkata Alipore,2026-08-09 03:30:00,22.24,1006.19,91.0,normal,none
AWS-004,Kolkata Alipore,2026-08-09 03:40:00,22.9,1005.75,91.3,normal,none
AWS-004,Kolkata Alipore,2026-08-09 03:50:00,22.62,1005.57,91.4,normal,none
AWS-004,Kolkata Alipore,2026-08-09 04:00:00,21.92,1005.82,89.9,normal,none
AWS-004,Kolkata Alipore,2026-08-09 04:10:00,23.29,1005.45,89.1,normal,none
AWS-004,Kolkata Alipore,2026-08-09 04:20:00,23.02,1005.57,89.9,normal,none
AWS-004,Kolkata Alipore,2026-08-09 04:30:00,23.06,1005.5,91.1,normal,none
AWS-004,Kolkata Alipore,2026-08-09 04:40:00,23.0,1005.93,89.7,normal,none
AWS-004,Kolkata Alipore,2026-08-09 04:50:00,23.5,1006.05,90.6,normal,none
AWS-004,Kolkata Alipore,2026-08-09 05:00:00,23.25,1006.3,88.8,normal,none
AWS-004,Kolkata Alipore,2026-08-09 05:10:00,23.2,1005.88,89.8,normal,none
AWS-004,Kolkata Alipore,2026-08-09 05:20:00,23.81,1006.01,87.8,normal,none
AWS-004,Kolkata Alipore,2026-08-09 05:30:00,24.32,1005.95,89.4,normal,none
AWS-004,Kolkata Alipore,2026-08-09 05:40:00,24.3,1005.62,86.1,normal,none
AWS-004,Kolkata Alipore,2026-08-09 05:50:00,24.38,1006.32,88.1,normal,none
AWS-004,Kolkata Alipore,2026-08-09 06:00:00,23.58,1006.49,88.2,normal,none
AWS-004,Kolkata Alipore,2026-08-09 06:10:00,24.33,1006.09,89.0,normal,none
AWS-004,Kolkata Alipore,2026-08-09 06:20:00,24.82,1006.71,85.5,normal,none
AWS-004,Kolkata Alipore,2026-08-09 06:30:00,25.29,1006.48,83.6,normal,none
AWS-004,Kolkata Alipore,2026-08-09 06:40:00,25.86,1006.56,86.1,normal,none
AWS-004,Kolkata Alipore,2026-08-09 06:50:00,25.17,1006.29,84.8,normal,none
AWS-004,Kolkata Alipore,2026-08-09 07:00:00,25.99,1006.8,85.5,normal,none
AWS-004,Kolkata Alipore,2026-08-09 07:10:00,26.37,1006.54,87.5,normal,none
AWS-004,Kolkata Alipore,2026-08-09 07:20:00,26.48,1006.42,85.8,normal,none
AWS-004,Kolkata Alipore,2026-08-09 07:30:00,26.03,1006.82,85.2,normal,none
AWS-004,Kolkata Alipore,2026-08-09 07:40:00,26.96,1006.52,82.9,normal,none
AWS-004,Kolkata Alipore,2026-08-09 07:50:00,27.06,1006.21,82.7,normal,none
AWS-004,Kolkata Alipore,2026-08-09 08:00:00,27.24,1006.53,84.7,normal,none
AWS-004,Kolkata Alipore,2026-08-09 08:10:00,27.64,1006.33,82.4,normal,none
AWS-004,Kolkata Alipore,2026-08-09 08:20:00,28.14,1006.36,83.0,normal,none
AWS-004,Kolkata Alipore,2026-08-09 08:30:00,27.95,1006.67,81.0,normal,none
AWS-004,Kolkata Alipore,2026-08-09 08:40:00,28.58,1006.62,80.9,normal,none
AWS-004,Kolkata Alipore,2026-08-09 08:50:00,28.05,1006.27,81.2,normal,none
AWS-004,Kolkata Alipore,2026-08-09 09:00:00,29.12,1006.72,78.4,normal,none
AWS-004,Kolkata Alipore,2026-08-09 09:10:00,28.62,1006.67,78.6,normal,none
AWS-004,Kolkata Alipore,2026-08-09 09:20:00,29.18,1006.52,79.7,normal,none
AWS-004,Kolkata Alipore,2026-08-09 09:30:00,29.08,1006.63,77.4,normal,none
AWS-004,Kolkata Alipore,2026-08-09 09:40:00,29.78,1006.36,76.4,normal,none
AWS-004,Kolkata Alipore,2026-08-09 09:50:00,29.65,1006.55,78.8,normal,none
AWS-004,Kolkata Alipore,2026-08-09 10:00:00,30.05,1006.68,77.5,normal,none
AWS-004,Kolkata Alipore,2026-08-09 10:10:00,31.21,1006.15,77.3,normal,none
AWS-004,Kolkata Alipore,2026-08-09 10:20:00,31.31,1006.71,76.7,normal,none
AWS-004,Kolkata Alipore,2026-08-09 10:30:00,30.97,1006.39,74.8,normal,none
AWS-004,Kolkata Alipore,2026-08-09 10:40:00,30.62,1006.18,76.8,normal,none
AWS-004,Kolkata Alipore,2026-08-09 10:50:00,31.65,1006.47,74.6,normal,none
AWS-004,Kolkata Alipore,2026-08-09 11:00:00,31.79,1006.22,72.0,normal,none
AWS-004,Kolkata Alipore,2026-08-09 11:10:00,31.99,1006.14,75.9,normal,none
AWS-004,Kolkata Alipore,2026-08-09 11:20:00,31.63,1006.03,72.1,normal,none
AWS-004,Kolkata Alipore,2026-08-09 11:30:00,32.69,1006.03,74.6,normal,none
AWS-004,Kolkata Alipore,2026-08-09 11:40:00,32.9,1005.56,73.1,normal,none
AWS-004,Kolkata Alipore,2026-08-09 11:50:00,32.83,1006.11,73.6,normal,none
AWS-004,Kolkata Alipore,2026-08-09 12:00:00,32.13,1005.64,72.9,normal,none
AWS-004,Kolkata Alipore,2026-08-09 12:10:00,32.71,1006.1,74.3,normal,none
AWS-004,Kolkata Alipore,2026-08-09 12:20:00,32.73,1005.95,72.5,normal,none
AWS-004,Kolkata Alipore,2026-08-09 12:30:00,33.22,1005.44,74.2,normal,none
AWS-004,Kolkata Alipore,2026-08-09 12:40:00,33.54,1005.47,71.2,normal,none
AWS-004,Kolkata Alipore,2026-08-09 12:50:00,33.67,1004.96,75.2,normal,none
AWS-004,Kolkata Alipore,2026-08-09 13:00:00,33.07,1005.28,71.5,normal,none
AWS-004,Kolkata Alipore,2026-08-09 13:10:00,33.99,1005.17,73.2,normal,none
AWS-004,Kolkata Alipore,2026-08-09 13:20:00,33.45,1004.78,73.3,normal,none
AWS-004,Kolkata Alipore,2026-08-09 13:30:00,34.01,1005.26,71.2,normal,none
AWS-004,Kolkata Alipore,2026-08-09 13:40:00,33.84,1005.13,70.9,normal,none
AWS-004,Kolkata Alipore,2026-08-09 13:50:00,33.54,1004.78,70.9,normal,none
AWS-004,Kolkata Alipore,2026-08-09 14:00:00,34.2,1004.74,70.6,normal,none
AWS-004,Kolkata Alipore,2026-08-09 14:10:00,34.15,1004.68,71.6,normal,none
AWS-004,Kolkata Alipore,2026-08-09 14:20:00,33.57,1004.52,71.3,normal,none
AWS-004,Kolkata Alipore,2026-08-09 14:30:00,33.37,1004.37,72.1,normal,none
AWS-004,Kolkata Alipore,2026-08-09 14:40:00,33.85,1004.69,69.8,normal,none
AWS-004,Kolkata Alipore,2026-08-09 14:50:00,34.19,1004.52,70.7,normal,none
AWS-004,Kolkata Alipore,2026-08-09 15:00:00,32.96,1003.99,71.4,normal,none
AWS-004,Kolkata Alipore,2026-08-09 15:10:00,33.4,1003.89,72.6,normal,none
AWS-004,Kolkata Alipore,2026-08-09 15:20:00,34.07,1004.36,70.4,normal,none
AWS-004,Kolkata Alipore,2026-08-09 15:30:00,33.47,1003.84,71.0,normal,none
AWS-004,Kolkata Alipore,2026-08-09 15:40:00,33.75,1003.89,70.4,normal,none
AWS-004,Kolkata Alipore,2026-08-09 15:50:00,33.33,1004.11,70.9,normal,none
AWS-004,Kolkata Alipore,2026-08-09 16:00:00,33.2,1003.5,72.3,normal,none
AWS-004,Kolkata Alipore,2026-08-09 16:10:00,32.78,1003.5,71.3,normal,none
AWS-004,Kolkata Alipore,2026-08-09 16:20:00,33.03,1004.0,71.1,normal,none
AWS-004,Kolkata Alipore,2026-08-09 16:30:00,33.18,1003.89,71.9,normal,none
AWS-004,Kolkata Alipore,2026-08-09 16:40:00,32.71,1003.22,72.9,normal,none
AWS-004,Kolkata Alipore,2026-08-09 16:50:00,32.51,1003.47,72.4,normal,none
AWS-004,Kolkata Alipore,2026-08-09 17:00:00,32.72,1003.19,71.0,normal,none
AWS-004,Kolkata Alipore,2026-08-09 17:10:00,32.56,1003.09,74.0,normal,none
AWS-004,Kolkata Alipore,2026-08-09 17:20:00,32.37,1003.04,73.2,normal,none
AWS-004,Kolkata Alipore,2026-08-09 17:30:00,32.23,1003.0,73.6,normal,none
AWS-004,Kolkata Alipore,2026-08-09 17:40:00,32.02,1002.68,75.2,normal,none
AWS-004,Kolkata Alipore,2026-08-09 17:50:00,30.94,1002.76,77.2,normal,none
AWS-004,Kolkata Alipore,2026-08-09 18:00:00,31.02,1002.71,75.6,normal,none
AWS-004,Kolkata Alipore,2026-08-09 18:10:00,31.73,1002.97,74.1,normal,none
AWS-004,Kolkata Alipore,2026-08-09 18:20:00,31.3,1002.64,76.5,normal,none
AWS-004,Kolkata Alipore,2026-08-09 18:30:00,31.05,1002.43,76.5,normal,none
AWS-004,Kolkata Alipore,2026-08-09 18:40:00,30.77,1002.43,77.3,normal,none
AWS-004,Kolkata Alipore,2026-08-09 18:50:00,29.79,1002.4,77.2,normal,none
AWS-004,Kolkata Alipore,2026-08-09 19:00:00,30.37,1002.21,80.1,normal,none
AWS-004,Kolkata Alipore,2026-08-09 19:10:00,29.6,1002.14,79.6,normal,none
AWS-004,Kolkata Alipore,2026-08-09 19:20:00,29.07,1002.05,77.9,normal,none
AWS-004,Kolkata Alipore,2026-08-09 19:30:00,29.58,1002.34,78.5,normal,none
AWS-004,Kolkata Alipore,2026-08-09 19:40:00,29.54,1003.0,81.7,normal,none
AWS-004,Kolkata Alipore,2026-08-09 19:50:00,28.33,1002.8,80.9,normal,none
AWS-004,Kolkata Alipore,2026-08-09 20:00:00,28.96,1002.39,81.5,normal,none
AWS-004,Kolkata Alipore,2026-08-09 20:10:00,28.47,1002.57,80.1,normal,none
AWS-004,Kolkata Alipore,2026-08-09 20:20:00,28.55,1002.35,79.9,normal,none
AWS-004,Kolkata Alipore,2026-08-09 20:30:00,27.78,1002.57,80.5,normal,none
AWS-004,Kolkata Alipore,2026-08-09 20:40:00,27.36,1002.6,79.8,normal,none
AWS-004,Kolkata Alipore,2026-08-09 20:50:00,27.53,1002.05,83.8,normal,none
AWS-004,Kolkata Alipore,2026-08-09 21:00:00,26.89,1001.91,84.6,normal,none
AWS-004,Kolkata Alipore,2026-08-09 21:10:00,27.0,1002.5,84.7,normal,none
AWS-004,Kolkata Alipore,2026-08-09 21:20:00,26.85,1002.07,85.9,normal,none
AWS-004,Kolkata Alipore,2026-08-09 21:30:00,26.7,1002.34,85.3,normal,none
AWS-004,Kolkata Alipore,2026-08-09 21:40:00,26.02,1002.26,86.0,normal,none
AWS-004,Kolkata Alipore,2026-08-09 21:50:00,25.71,1002.16,86.3,normal,none
AWS-004,Kolkata Alipore,2026-08-09 22:00:00,25.54,1002.52,84.9,normal,none
AWS-004,Kolkata Alipore,2026-08-09 22:10:00,25.43,1002.29,85.4,normal,none
AWS-004,Kolkata Alipore,2026-08-09 22:20:00,25.2,1002.18,87.2,normal,none
AWS-004,Kolkata Alipore,2026-08-09 22:30:00,25.96,1002.39,86.1,normal,none
AWS-004,Kolkata Alipore,2026-08-09 22:40:00,24.43,1002.37,90.7,normal,none
AWS-004,Kolkata Alipore,2026-08-09 22:50:00,25.1,1002.36,89.1,normal,none
AWS-004,Kolkata Alipore,2026-08-09 23:00:00,23.37,1001.89,89.0,normal,none
AWS-004,Kolkata Alipore,2026-08-09 23:10:00,23.28,1002.39,88.2,normal,none
AWS-004,Kolkata Alipore,2026-08-09 23:20:00,23.94,1002.63,89.8,normal,none
AWS-004,Kolkata Alipore,2026-08-09 23:30:00,23.57,1002.42,88.1,normal,none
AWS-004,Kolkata Alipore,2026-08-09 23:40:00,23.23,1002.58,88.8,normal,none
AWS-004,Kolkata Alipore,2026-08-09 23:50:00,23.47,1002.44,90.4,normal,none
AWS-004,Kolkata Alipore,2026-08-10 00:00:00,23.31,1002.43,90.9,normal,none
AWS-004,Kolkata Alipore,2026-08-10 00:10:00,23.16,1002.77,90.8,normal,none
AWS-004,Kolkata Alipore,2026-08-10 00:20:00,22.66,1003.05,91.3,normal,none
AWS-004,Kolkata Alipore,2026-08-10 00:30:00,23.01,1003.41,91.6,normal,none
AWS-004,Kolkata Alipore,2026-08-10 00:40:00,22.75,1002.68,91.5,normal,none
AWS-004,Kolkata Alipore,2026-08-10 00:50:00,21.9,1002.89,91.4,normal,none
AWS-004,Kolkata Alipore,2026-08-10 01:00:00,22.74,1003.27,91.1,normal,none
AWS-004,Kolkata Alipore,2026-08-10 01:10:00,22.68,1002.93,91.7,normal,none
AWS-004,Kolkata Alipore,2026-08-10 01:20:00,22.23,1003.29,90.3,normal,none
AWS-004,Kolkata Alipore,2026-08-10 01:30:00,22.21,1003.38,91.7,normal,none
AWS-004,Kolkata Alipore,2026-08-10 01:40:00,23.01,1003.24,89.5,normal,none
AWS-004,Kolkata Alipore,2026-08-10 01:50:00,21.75,1003.56,90.9,normal,none
AWS-004,Kolkata Alipore,2026-08-10 02:00:00,21.95,1003.39,92.4,normal,none
AWS-004,Kolkata Alipore,2026-08-10 02:10:00,22.21,1003.7,91.2,normal,none
AWS-004,Kolkata Alipore,2026-08-10 02:20:00,21.91,1003.76,91.2,normal,none
AWS-004,Kolkata Alipore,2026-08-10 02:30:00,22.12,1003.76,93.2,normal,none
AWS-004,Kolkata Alipore,2026-08-10 02:40:00,21.67,1004.03,93.1,normal,none
AWS-004,Kolkata Alipore,2026-08-10 02:50:00,21.68,1004.0,91.6,normal,none
AWS-004,Kolkata Alipore,2026-08-10 03:00:00,21.99,1003.93,92.5,normal,none
AWS-004,Kolkata Alipore,2026-08-10 03:10:00,21.98,1003.56,94.4,normal,none
AWS-004,Kolkata Alipore,2026-08-10 03:20:00,22.15,1004.09,92.9,normal,none
AWS-004,Kolkata Alipore,2026-08-10 03:30:00,22.46,1004.19,92.0,normal,none
AWS-004,Kolkata Alipore,2026-08-10 03:40:00,22.25,1004.71,91.6,normal,none
AWS-004,Kolkata Alipore,2026-08-10 03:50:00,21.48,1004.45,90.7,normal,none
AWS-004,Kolkata Alipore,2026-08-10 04:00:00,22.28,1004.54,89.6,normal,none
AWS-004,Kolkata Alipore,2026-08-10 04:10:00,22.75,1004.2,91.3,normal,none
AWS-004,Kolkata Alipore,2026-08-10 04:20:00,22.7,1004.77,91.3,normal,none
AWS-004,Kolkata Alipore,2026-08-10 04:30:00,22.74,1004.46,92.2,normal,none
AWS-004,Kolkata Alipore,2026-08-10 04:40:00,23.11,1004.91,90.4,normal,none
AWS-004,Kolkata Alipore,2026-08-10 04:50:00,23.09,1004.91,90.8,normal,none
AWS-004,Kolkata Alipore,2026-08-10 05:00:00,23.13,1004.66,91.0,normal,none
AWS-004,Kolkata Alipore,2026-08-10 05:10:00,24.27,1004.97,91.2,normal,none
AWS-004,Kolkata Alipore,2026-08-10 05:20:00,24.01,1005.19,90.2,normal,none
AWS-004,Kolkata Alipore,2026-08-10 05:30:00,23.66,1005.24,90.6,normal,none
AWS-004,Kolkata Alipore,2026-08-10 05:40:00,23.98,1005.25,87.8,normal,none
AWS-004,Kolkata Alipore,2026-08-10 05:50:00,24.75,1004.94,88.1,normal,none
AWS-004,Kolkata Alipore,2026-08-10 06:00:00,23.75,1005.44,88.6,normal,none
AWS-004,Kolkata Alipore,2026-08-10 06:10:00,25.01,1005.24,87.7,normal,none
AWS-004,Kolkata Alipore,2026-08-10 06:20:00,24.97,1005.28,87.7,normal,none
AWS-004,Kolkata Alipore,2026-08-10 06:30:00,24.98,1005.44,85.8,normal,none
AWS-004,Kolkata Alipore,2026-08-10 06:40:00,25.09,1005.69,85.7,normal,none
AWS-004,Kolkata Alipore,2026-08-10 06:50:00,25.57,1005.71,83.9,normal,none
AWS-004,Kolkata Alipore,2026-08-10 07:00:00,26.18,1005.54,85.5,normal,none
AWS-004,Kolkata Alipore,2026-08-10 07:10:00,26.29,1006.06,87.2,normal,none
AWS-004,Kolkata Alipore,2026-08-10 07:20:00,26.5,1005.7,84.2,normal,none
AWS-004,Kolkata Alipore,2026-08-10 07:30:00,26.66,1006.03,83.2,normal,none
AWS-004,Kolkata Alipore,2026-08-10 07:40:00,27.21,1006.02,85.7,normal,none
AWS-004,Kolkata Alipore,2026-08-10 07:50:00,27.37,1006.15,83.9,normal,none
AWS-004,Kolkata Alipore,2026-08-10 08:00:00,28.07,1005.51,82.0,normal,none
AWS-004,Kolkata Alipore,2026-08-10 08:10:00,27.56,1005.7,80.9,normal,none
AWS-004,Kolkata Alipore,2026-08-10 08:20:00,27.82,1006.05,82.8,normal,none
AWS-004,Kolkata Alipore,2026-08-10 08:30:00,28.18,1005.93,82.9,normal,none
AWS-004,Kolkata Alipore,2026-08-10 08:40:00,28.28,1006.35,80.2,normal,none
AWS-004,Kolkata Alipore,2026-08-10 08:50:00,29.18,1005.96,80.6,normal,none
AWS-004,Kolkata Alipore,2026-08-10 09:00:00,29.36,1005.7,78.9,normal,none
AWS-004,Kolkata Alipore,2026-08-10 09:10:00,29.35,1006.07,79.9,normal,none
AWS-004,Kolkata Alipore,2026-08-10 09:20:00,29.81,1005.97,80.7,normal,none
AWS-004,Kolkata Alipore,2026-08-10 09:30:00,30.24,1006.43,77.8,normal,none
AWS-004,Kolkata Alipore,2026-08-10 09:40:00,30.19,1006.05,77.8,normal,none
AWS-004,Kolkata Alipore,2026-08-10 09:50:00,30.24,1006.47,77.0,normal,none
AWS-004,Kolkata Alipore,2026-08-10 10:00:00,31.55,1005.35,75.6,normal,none
AWS-004,Kolkata Alipore,2026-08-10 10:10:00,30.99,1006.16,75.6,normal,none
AWS-004,Kolkata Alipore,2026-08-10 10:20:00,31.17,1006.23,76.0,normal,none
AWS-004,Kolkata Alipore,2026-08-10 10:30:00,31.29,1005.68,74.6,normal,none
AWS-004,Kolkata Alipore,2026-08-10 10:40:00,31.05,1005.86,75.1,normal,none
AWS-004,Kolkata Alipore,2026-08-10 10:50:00,31.57,1006.12,74.5,normal,none
AWS-004,Kolkata Alipore,2026-08-10 11:00:00,31.87,1006.08,75.3,normal,none
AWS-004,Kolkata Alipore,2026-08-10 11:10:00,32.63,1005.88,73.5,normal,none
AWS-004,Kolkata Alipore,2026-08-10 11:20:00,32.25,1006.04,74.4,normal,none
AWS-004,Kolkata Alipore,2026-08-10 11:30:00,32.95,1005.9,74.7,normal,none
AWS-004,Kolkata Alipore,2026-08-10 11:40:00,33.06,1005.9,72.6,normal,none
AWS-004,Kolkata Alipore,2026-08-10 11:50:00,33.63,1005.75,73.7,normal,none
AWS-004,Kolkata Alipore,2026-08-10 12:00:00,33.29,1006.34,71.4,normal,none
AWS-004,Kolkata Alipore,2026-08-10 12:10:00,33.37,1005.64,73.6,normal,none
AWS-004,Kolkata Alipore,2026-08-10 12:20:00,33.8,1005.53,73.2,normal,none
AWS-004,Kolkata Alipore,2026-08-10 12:30:00,34.01,1005.19,72.3,normal,none
AWS-004,Kolkata Alipore,2026-08-10 12:40:00,34.3,1005.37,70.1,normal,none
AWS-004,Kolkata Alipore,2026-08-10 12:50:00,34.02,1005.48,70.8,normal,none
AWS-004,Kolkata Alipore,2026-08-10 13:00:00,33.74,1005.42,71.7,normal,none
AWS-004,Kolkata Alipore,2026-08-10 13:10:00,33.66,1005.49,70.9,normal,none
AWS-004,Kolkata Alipore,2026-08-10 13:20:00,33.6,1005.1,69.9,normal,none
AWS-004,Kolkata Alipore,2026-08-10 13:30:00,34.37,1005.16,69.8,normal,none
AWS-004,Kolkata Alipore,2026-08-10 13:40:00,33.95,1005.32,69.0,normal,none
AWS-004,Kolkata Alipore,2026-08-10 13:50:00,34.51,1005.58,71.4,normal,none
AWS-004,Kolkata Alipore,2026-08-10 14:00:00,34.87,1005.28,69.8,normal,none
AWS-004,Kolkata Alipore,2026-08-10 14:10:00,35.05,1004.86,70.5,normal,none
AWS-004,Kolkata Alipore,2026-08-10 14:20:00,35.2,1004.73,68.5,normal,none
AWS-004,Kolkata Alipore,2026-08-10 14:30:00,34.96,1004.83,69.9,normal,none
AWS-004,Kolkata Alipore,2026-08-10 14:40:00,34.54,1005.08,68.3,normal,none
AWS-004,Kolkata Alipore,2026-08-10 14:50:00,34.84,1004.44,68.5,normal,none
AWS-004,Kolkata Alipore,2026-08-10 15:00:00,34.16,1004.53,67.7,normal,none
AWS-004,Kolkata Alipore,2026-08-10 15:10:00,34.84,1004.86,69.1,normal,none
AWS-004,Kolkata Alipore,2026-08-10 15:20:00,34.69,1004.39,70.0,normal,none
AWS-004,Kolkata Alipore,2026-08-10 15:30:00,34.81,1004.18,70.6,normal,none
AWS-004,Kolkata Alipore,2026-08-10 15:40:00,34.3,1004.26,68.5,normal,none
AWS-004,Kolkata Alipore,2026-08-10 15:50:00,34.52,1004.54,73.3,normal,none
AWS-004,Kolkata Alipore,2026-08-10 16:00:00,34.43,1004.52,72.3,normal,none
AWS-004,Kolkata Alipore,2026-08-10 16:10:00,35.23,1004.61,68.7,normal,none
AWS-004,Kolkata Alipore,2026-08-10 16:20:00,34.55,1004.35,70.2,normal,none
AWS-004,Kolkata Alipore,2026-08-10 16:30:00,34.12,1004.08,69.5,normal,none
AWS-004,Kolkata Alipore,2026-08-10 16:40:00,33.97,1004.04,70.6,normal,none
AWS-004,Kolkata Alipore,2026-08-10 16:50:00,33.72,1004.36,73.3,normal,none
AWS-004,Kolkata Alipore,2026-08-10 17:00:00,33.87,1003.65,71.9,normal,none
AWS-004,Kolkata Alipore,2026-08-10 17:10:00,33.46,1003.97,75.9,normal,none
AWS-004,Kolkata Alipore,2026-08-10 17:20:00,33.87,1003.62,73.7,normal,none
AWS-004,Kolkata Alipore,2026-08-10 17:30:00,33.67,1003.89,74.6,normal,none
AWS-004,Kolkata Alipore,2026-08-10 17:40:00,33.35,1003.88,73.1,normal,none
AWS-004,Kolkata Alipore,2026-08-10 17:50:00,33.16,1003.79,72.2,normal,none
AWS-004,Kolkata Alipore,2026-08-10 18:00:00,32.48,1004.08,72.8,normal,none
AWS-004,Kolkata Alipore,2026-08-10 18:10:00,33.26,1003.64,75.8,normal,none
AWS-004,Kolkata Alipore,2026-08-10 18:20:00,32.25,1003.79,75.0,normal,none
AWS-004,Kolkata Alipore,2026-08-10 18:30:00,32.63,1003.27,74.5,normal,none
AWS-004,Kolkata Alipore,2026-08-10 18:40:00,32.34,1004.09,74.5,normal,none
AWS-004,Kolkata Alipore,2026-08-10 18:50:00,32.06,1003.8,73.2,normal,none
AWS-004,Kolkata Alipore,2026-08-10 19:00:00,31.1,1003.63,75.2,normal,none
AWS-004,Kolkata Alipore,2026-08-10 19:10:00,31.01,1003.28,75.7,normal,none
AWS-004,Kolkata Alipore,2026-08-10 19:20:00,31.22,1003.75,76.7,normal,none
AWS-004,Kolkata Alipore,2026-08-10 19:30:00,30.18,1003.69,78.3,normal,none
AWS-004,Kolkata Alipore,2026-08-10 19:40:00,30.52,1003.05,76.6,normal,none
AWS-004,Kolkata Alipore,2026-08-10 19:50:00,30.68,1003.71,77.5,normal,none
AWS-004,Kolkata Alipore,2026-08-10 20:00:00,30.87,1003.35,81.8,normal,none
AWS-004,Kolkata Alipore,2026-08-10 20:10:00,29.08,1003.44,78.1,normal,none
AWS-004,Kolkata Alipore,2026-08-10 20:20:00,30.25,1003.4,78.4,normal,none
AWS-004,Kolkata Alipore,2026-08-10 20:30:00,29.15,1003.58,78.2,normal,none
AWS-004,Kolkata Alipore,2026-08-10 20:40:00,28.7,1003.9,80.0,normal,none
AWS-004,Kolkata Alipore,2026-08-10 20:50:00,29.42,1003.29,78.1,normal,none
AWS-004,Kolkata Alipore,2026-08-10 21:00:00,28.33,1003.64,79.1,normal,none
AWS-004,Kolkata Alipore,2026-08-10 21:10:00,28.59,1003.66,82.0,normal,none
AWS-004,Kolkata Alipore,2026-08-10 21:20:00,28.02,1003.76,84.1,normal,none
AWS-004,Kolkata Alipore,2026-08-10 21:30:00,27.88,1003.59,81.0,normal,none
AWS-004,Kolkata Alipore,2026-08-10 21:40:00,27.74,1003.46,84.6,normal,none
AWS-004,Kolkata Alipore,2026-08-10 21:50:00,27.57,1003.76,83.6,normal,none
AWS-004,Kolkata Alipore,2026-08-10 22:00:00,26.5,1004.08,84.2,normal,none
AWS-004,Kolkata Alipore,2026-08-10 22:10:00,27.65,1003.46,85.3,normal,none
AWS-004,Kolkata Alipore,2026-08-10 22:20:00,27.43,1004.34,84.9,normal,none
AWS-004,Kolkata Alipore,2026-08-10 22:30:00,26.72,1003.85,84.2,normal,none
AWS-004,Kolkata Alipore,2026-08-10 22:40:00,26.68,1003.94,83.9,normal,none
AWS-004,Kolkata Alipore,2026-08-10 22:50:00,26.64,1003.94,83.5,normal,none
AWS-004,Kolkata Alipore,2026-08-10 23:00:00,25.13,1004.29,86.9,normal,none
AWS-004,Kolkata Alipore,2026-08-10 23:10:00,26.39,1004.03,86.4,normal,none
AWS-004,Kolkata Alipore,2026-08-10 23:20:00,25.02,1004.44,87.1,normal,none
AWS-004,Kolkata Alipore,2026-08-10 23:30:00,25.32,1004.32,87.3,normal,none
AWS-004,Kolkata Alipore,2026-08-10 23:40:00,25.15,1004.26,85.4,normal,none
AWS-004,Kolkata Alipore,2026-08-10 23:50:00,25.16,1004.66,89.3,normal,none
AWS-004,Kolkata Alipore,2026-08-11 00:00:00,25.87,1004.53,88.1,normal,none
AWS-004,Kolkata Alipore,2026-08-11 00:10:00,24.32,1004.76,88.0,normal,none
AWS-004,Kolkata Alipore,2026-08-11 00:20:00,24.84,1004.56,88.6,normal,none
AWS-004,Kolkata Alipore,2026-08-11 00:30:00,24.69,1004.78,88.4,normal,none
AWS-004,Kolkata Alipore,2026-08-11 00:40:00,23.92,1004.62,89.6,normal,none
AWS-004,Kolkata Alipore,2026-08-11 00:50:00,24.77,1004.76,92.1,normal,none
AWS-004,Kolkata Alipore,2026-08-11 01:00:00,24.7,1004.95,88.1,normal,none
AWS-004,Kolkata Alipore,2026-08-11 01:10:00,24.35,1005.0,88.1,normal,none
AWS-004,Kolkata Alipore,2026-08-11 01:20:00,24.46,1005.27,89.5,normal,none
AWS-004,Kolkata Alipore,2026-08-11 01:30:00,24.27,1005.06,88.3,normal,none
AWS-004,Kolkata Alipore,2026-08-11 01:40:00,23.67,1005.33,90.3,normal,none
AWS-004,Kolkata Alipore,2026-08-11 01:50:00,24.21,1005.39,89.2,normal,none
AWS-004,Kolkata Alipore,2026-08-11 02:00:00,23.72,1005.27,89.0,normal,none
AWS-004,Kolkata Alipore,2026-08-11 02:10:00,23.54,1005.45,89.4,normal,none
AWS-004,Kolkata Alipore,2026-08-11 02:20:00,24.28,1005.66,89.0,normal,none
AWS-004,Kolkata Alipore,2026-08-11 02:30:00,23.87,1005.79,88.2,normal,none
AWS-004,Kolkata Alipore,2026-08-11 02:40:00,24.49,1006.23,88.9,normal,none
AWS-004,Kolkata Alipore,2026-08-11 02:50:00,24.36,1006.3,90.9,normal,none
AWS-004,Kolkata Alipore,2026-08-11 03:00:00,25.13,1005.89,90.8,normal,none
AWS-004,Kolkata Alipore,2026-08-11 03:10:00,24.3,1006.5,87.4,normal,none
AWS-004,Kolkata Alipore,2026-08-11 03:20:00,24.57,1006.36,88.6,normal,none
AWS-004,Kolkata Alipore,2026-08-11 03:30:00,23.7,1006.23,87.4,normal,none
AWS-004,Kolkata Alipore,2026-08-11 03:40:00,24.75,1006.51,87.5,normal,none
AWS-004,Kolkata Alipore,2026-08-11 03:50:00,24.83,1006.93,86.0,normal,none
AWS-004,Kolkata Alipore,2026-08-11 04:00:00,24.3,1006.94,89.2,normal,none
AWS-004,Kolkata Alipore,2026-08-11 04:10:00,25.18,1007.38,86.9,normal,none
AWS-004,Kolkata Alipore,2026-08-11 04:20:00,24.35,1007.06,89.6,normal,none
AWS-004,Kolkata Alipore,2026-08-11 04:30:00,24.88,1007.11,87.3,normal,none
AWS-004,Kolkata Alipore,2026-08-11 04:40:00,25.39,1007.15,87.4,normal,none
AWS-004,Kolkata Alipore,2026-08-11 04:50:00,25.58,1007.53,86.2,normal,none
AWS-004,Kolkata Alipore,2026-08-11 05:00:00,25.39,1006.96,87.2,normal,none
AWS-004,Kolkata Alipore,2026-08-11 05:10:00,26.21,1007.4,86.8,normal,none
AWS-004,Kolkata Alipore,2026-08-11 05:20:00,26.06,1007.75,86.0,normal,none
AWS-004,Kolkata Alipore,2026-08-11 05:30:00,26.56,1007.9,83.3,normal,none
AWS-004,Kolkata Alipore,2026-08-11 05:40:00,26.19,1007.62,85.6,normal,none
AWS-004,Kolkata Alipore,2026-08-11 05:50:00,25.98,1007.56,85.4,normal,none
AWS-004,Kolkata Alipore,2026-08-11 06:00:00,26.35,1007.93,84.4,normal,none
AWS-004,Kolkata Alipore,2026-08-11 06:10:00,27.11,1007.48,85.4,normal,none
AWS-004,Kolkata Alipore,2026-08-11 06:20:00,26.66,1007.89,82.5,normal,none
AWS-004,Kolkata Alipore,2026-08-11 06:30:00,27.37,1007.93,83.0,normal,none
AWS-004,Kolkata Alipore,2026-08-11 06:40:00,27.65,1008.27,82.6,normal,none
AWS-004,Kolkata Alipore,2026-08-11 06:50:00,28.11,1008.47,83.0,normal,none
AWS-004,Kolkata Alipore,2026-08-11 07:00:00,27.4,1007.9,81.5,normal,none
AWS-004,Kolkata Alipore,2026-08-11 07:10:00,28.33,1008.15,80.3,normal,none
AWS-004,Kolkata Alipore,2026-08-11 07:20:00,28.68,1008.15,81.6,normal,none
AWS-004,Kolkata Alipore,2026-08-11 07:30:00,28.78,1008.56,78.8,normal,none
AWS-004,Kolkata Alipore,2026-08-11 07:40:00,29.38,1007.91,79.9,normal,none
AWS-004,Kolkata Alipore,2026-08-11 07:50:00,29.59,1008.47,78.2,normal,none
AWS-004,Kolkata Alipore,2026-08-11 08:00:00,29.8,1009.07,78.1,normal,none
AWS-004,Kolkata Alipore,2026-08-11 08:10:00,29.83,1008.4,78.5,normal,none
AWS-004,Kolkata Alipore,2026-08-11 08:20:00,29.78,1008.91,78.3,normal,none
AWS-004,Kolkata Alipore,2026-08-11 08:30:00,30.32,1008.68,77.6,normal,none
AWS-004,Kolkata Alipore,2026-08-11 08:40:00,31.02,1008.53,76.3,normal,none
AWS-004,Kolkata Alipore,2026-08-11 08:50:00,31.24,1008.74,76.8,normal,none
AWS-004,Kolkata Alipore,2026-08-11 09:00:00,31.43,1008.71,79.1,normal,none
AWS-004,Kolkata Alipore,2026-08-11 09:10:00,31.53,1008.79,76.4,normal,none
AWS-004,Kolkata Alipore,2026-08-11 09:20:00,32.65,1008.99,75.9,normal,none
AWS-004,Kolkata Alipore,2026-08-11 09:30:00,32.18,1008.6,73.4,normal,none
AWS-004,Kolkata Alipore,2026-08-11 09:40:00,32.64,1008.77,76.2,normal,none
AWS-004,Kolkata Alipore,2026-08-11 09:50:00,32.88,1008.94,76.3,normal,none
AWS-004,Kolkata Alipore,2026-08-11 10:00:00,33.46,1009.15,74.1,normal,none
AWS-004,Kolkata Alipore,2026-08-11 10:10:00,33.05,1009.0,73.9,normal,none
AWS-004,Kolkata Alipore,2026-08-11 10:20:00,33.7,1008.93,75.3,normal,none
AWS-004,Kolkata Alipore,2026-08-11 10:30:00,34.15,1008.93,71.2,normal,none
AWS-004,Kolkata Alipore,2026-08-11 10:40:00,33.81,1009.42,72.0,normal,none
AWS-004,Kolkata Alipore,2026-08-11 10:50:00,33.75,1008.73,71.0,normal,none
AWS-004,Kolkata Alipore,2026-08-11 11:00:00,35.27,1008.89,70.5,normal,none
AWS-004,Kolkata Alipore,2026-08-11 11:10:00,34.82,1009.04,70.6,normal,none
AWS-004,Kolkata Alipore,2026-08-11 11:20:00,35.25,1008.52,67.7,normal,none
AWS-004,Kolkata Alipore,2026-08-11 11:30:00,34.94,1009.01,70.2,normal,none
AWS-004,Kolkata Alipore,2026-08-11 11:40:00,35.14,1009.13,69.1,normal,none
AWS-004,Kolkata Alipore,2026-08-11 11:50:00,35.36,1008.6,68.5,normal,none
AWS-004,Kolkata Alipore,2026-08-11 12:00:00,35.7,1008.74,70.1,normal,none
AWS-004,Kolkata Alipore,2026-08-11 12:10:00,35.14,1008.46,68.8,normal,none
AWS-004,Kolkata Alipore,2026-08-11 12:20:00,36.19,1008.5,68.1,normal,none
AWS-004,Kolkata Alipore,2026-08-11 12:30:00,36.63,1008.38,68.6,normal,none
AWS-004,Kolkata Alipore,2026-08-11 12:40:00,36.73,1008.74,70.7,normal,none
AWS-004,Kolkata Alipore,2026-08-11 12:50:00,37.23,1008.71,66.6,normal,none
AWS-004,Kolkata Alipore,2026-08-11 13:00:00,36.48,1008.59,67.4,normal,none
AWS-004,Kolkata Alipore,2026-08-11 13:10:00,36.27,1008.76,67.7,normal,none
AWS-004,Kolkata Alipore,2026-08-11 13:20:00,36.36,1008.72,68.5,normal,none
AWS-004,Kolkata Alipore,2026-08-11 13:30:00,37.68,1008.63,67.6,normal,none
AWS-004,Kolkata Alipore,2026-08-11 13:40:00,36.74,1008.36,67.7,normal,none
AWS-004,Kolkata Alipore,2026-08-11 13:50:00,36.44,1008.32,66.4,normal,none
AWS-004,Kolkata Alipore,2026-08-11 14:00:00,37.71,1008.05,65.2,normal,none
AWS-004,Kolkata Alipore,2026-08-11 14:10:00,37.01,1008.4,67.1,normal,none
AWS-004,Kolkata Alipore,2026-08-11 14:20:00,37.2,1008.04,67.3,normal,none
AWS-004,Kolkata Alipore,2026-08-11 14:30:00,36.82,1007.88,65.8,normal,none
AWS-004,Kolkata Alipore,2026-08-11 14:40:00,36.17,1008.24,64.7,normal,none
AWS-004,Kolkata Alipore,2026-08-11 14:50:00,37.56,1007.92,67.6,normal,none
AWS-004,Kolkata Alipore,2026-08-11 15:00:00,36.96,1008.09,65.4,normal,none
AWS-004,Kolkata Alipore,2026-08-11 15:10:00,37.38,1007.99,65.8,normal,none
AWS-004,Kolkata Alipore,2026-08-11 15:20:00,37.15,1007.75,67.6,normal,none
AWS-004,Kolkata Alipore,2026-08-11 15:30:00,36.89,1008.05,67.3,normal,none
AWS-004,Kolkata Alipore,2026-08-11 15:40:00,37.3,1007.95,67.8,normal,none
AWS-004,Kolkata Alipore,2026-08-11 15:50:00,37.13,1007.74,64.5,normal,none
AWS-004,Kolkata Alipore,2026-08-11 16:00:00,36.85,1008.18,65.1,normal,none
AWS-004,Kolkata Alipore,2026-08-11 16:10:00,36.68,1007.51,66.2,normal,none
AWS-004,Kolkata Alipore,2026-08-11 16:20:00,36.43,1007.79,65.7,normal,none
AWS-004,Kolkata Alipore,2026-08-11 16:30:00,36.32,1007.46,66.8,normal,none
AWS-004,Kolkata Alipore,2026-08-11 16:40:00,37.08,1007.57,65.6,normal,none
AWS-004,Kolkata Alipore,2026-08-11 16:50:00,36.39,1007.76,68.1,normal,none
AWS-004,Kolkata Alipore,2026-08-11 17:00:00,36.44,1007.38,66.4,normal,none
AWS-004,Kolkata Alipore,2026-08-11 17:10:00,36.27,1007.38,70.9,normal,none
AWS-004,Kolkata Alipore,2026-08-11 17:20:00,35.49,1007.84,68.8,normal,none
AWS-004,Kolkata Alipore,2026-08-11 17:30:00,36.37,1007.06,67.8,normal,none
AWS-004,Kolkata Alipore,2026-08-11 17:40:00,35.87,1006.72,67.8,normal,none
AWS-004,Kolkata Alipore,2026-08-11 17:50:00,35.6,1007.43,68.9,normal,none
AWS-004,Kolkata Alipore,2026-08-11 18:00:00,35.3,1006.97,71.2,normal,none
AWS-004,Kolkata Alipore,2026-08-11 18:10:00,35.0,1006.91,71.7,normal,none
AWS-004,Kolkata Alipore,2026-08-11 18:20:00,34.83,1007.12,70.6,normal,none
AWS-004,Kolkata Alipore,2026-08-11 18:30:00,34.65,1007.13,71.2,normal,none
AWS-004,Kolkata Alipore,2026-08-11 18:40:00,34.45,1007.14,69.8,normal,none
AWS-004,Kolkata Alipore,2026-08-11 18:50:00,33.28,1007.26,73.2,normal,none
AWS-004,Kolkata Alipore,2026-08-11 19:00:00,34.18,1006.72,74.0,normal,none
AWS-004,Kolkata Alipore,2026-08-11 19:10:00,33.48,1007.28,74.4,normal,none
AWS-004,Kolkata Alipore,2026-08-11 19:20:00,33.1,1006.87,73.9,normal,none
AWS-004,Kolkata Alipore,2026-08-11 19:30:00,32.59,1007.24,75.1,normal,none
AWS-004,Kolkata Alipore,2026-08-11 19:40:00,32.56,1007.25,73.3,normal,none
AWS-004,Kolkata Alipore,2026-08-11 19:50:00,32.49,1006.77,72.9,normal,none
AWS-004,Kolkata Alipore,2026-08-11 20:00:00,32.53,1006.87,75.0,normal,none
AWS-004,Kolkata Alipore,2026-08-11 20:10:00,32.52,1006.84,73.6,normal,none
AWS-004,Kolkata Alipore,2026-08-11 20:20:00,31.69,1006.9,77.9,normal,none
AWS-004,Kolkata Alipore,2026-08-11 20:30:00,31.41,1006.61,78.3,normal,none
AWS-004,Kolkata Alipore,2026-08-11 20:40:00,31.67,1006.63,75.9,normal,none
AWS-004,Kolkata Alipore,2026-08-11 20:50:00,31.43,1007.22,76.8,normal,none
AWS-004,Kolkata Alipore,2026-08-11 21:00:00,30.15,1006.99,75.9,normal,none
AWS-004,Kolkata Alipore,2026-08-11 21:10:00,30.19,1006.96,77.7,normal,none
AWS-004,Kolkata Alipore,2026-08-11 21:20:00,30.0,1007.24,78.5,normal,none
AWS-004,Kolkata Alipore,2026-08-11 21:30:00,30.32,1006.99,79.6,normal,none
AWS-004,Kolkata Alipore,2026-08-11 21:40:00,29.75,1007.28,79.0,normal,none
AWS-004,Kolkata Alipore,2026-08-11 21:50:00,30.03,1007.28,78.2,normal,none
AWS-004,Kolkata Alipore,2026-08-11 22:00:00,29.05,1007.05,80.8,normal,none
AWS-004,Kolkata Alipore,2026-08-11 22:10:00,29.34,1006.88,81.4,normal,none
AWS-004,Kolkata Alipore,2026-08-11 22:20:00,28.77,1007.42,81.3,normal,none
AWS-004,Kolkata Alipore,2026-08-11 22:30:00,28.15,1007.43,84.2,normal,none
AWS-004,Kolkata Alipore,2026-08-11 22:40:00,27.88,1007.72,81.9,normal,none
AWS-004,Kolkata Alipore,2026-08-11 22:50:00,28.37,1007.75,82.2,normal,none
AWS-004,Kolkata Alipore,2026-08-11 23:00:00,27.34,1007.74,83.2,normal,none
AWS-004,Kolkata Alipore,2026-08-11 23:10:00,27.87,1007.75,82.3,normal,none
AWS-004,Kolkata Alipore,2026-08-11 23:20:00,27.65,1007.91,83.7,normal,none
AWS-004,Kolkata Alipore,2026-08-11 23:30:00,27.82,1008.0,83.4,normal,none
AWS-004,Kolkata Alipore,2026-08-11 23:40:00,27.44,1008.02,84.1,normal,none
AWS-004,Kolkata Alipore,2026-08-11 23:50:00,27.1,1007.94,85.9,normal,none
AWS-004,Kolkata Alipore,2026-08-12 00:00:00,26.51,1007.94,84.3,normal,none
AWS-004,Kolkata Alipore,2026-08-12 00:10:00,26.88,1008.08,84.7,normal,none
AWS-004,Kolkata Alipore,2026-08-12 00:20:00,27.17,1008.22,86.4,normal,none
AWS-004,Kolkata Alipore,2026-08-12 00:30:00,26.53,1008.2,85.5,normal,none
AWS-004,Kolkata Alipore,2026-08-12 00:40:00,26.66,1008.52,85.2,normal,none
AWS-004,Kolkata Alipore,2026-08-12 00:50:00,25.84,1007.91,84.9,normal,none
AWS-004,Kolkata Alipore,2026-08-12 01:00:00,26.23,1008.67,87.5,normal,none
AWS-004,Kolkata Alipore,2026-08-12 01:10:00,26.37,1008.91,87.8,normal,none
AWS-004,Kolkata Alipore,2026-08-12 01:20:00,25.57,1008.62,87.4,normal,none
AWS-004,Kolkata Alipore,2026-08-12 01:30:00,25.58,1008.53,86.5,normal,none
AWS-004,Kolkata Alipore,2026-08-12 01:40:00,26.25,1008.94,85.3,normal,none
AWS-004,Kolkata Alipore,2026-08-12 01:50:00,26.22,1008.99,85.7,normal,none
AWS-004,Kolkata Alipore,2026-08-12 02:00:00,25.66,1009.14,86.3,normal,none
AWS-004,Kolkata Alipore,2026-08-12 02:10:00,25.67,1009.11,87.4,normal,none
AWS-004,Kolkata Alipore,2026-08-12 02:20:00,25.7,1008.9,86.1,normal,none
AWS-004,Kolkata Alipore,2026-08-12 02:30:00,25.65,1009.54,85.7,normal,none
AWS-004,Kolkata Alipore,2026-08-12 02:40:00,25.26,1009.84,87.7,normal,none
AWS-004,Kolkata Alipore,2026-08-12 02:50:00,25.61,1009.68,86.0,normal,none
AWS-004,Kolkata Alipore,2026-08-12 03:00:00,26.12,1009.67,87.9,normal,none
AWS-004,Kolkata Alipore,2026-08-12 03:10:00,25.75,1009.83,87.3,normal,none
AWS-004,Kolkata Alipore,2026-08-12 03:20:00,25.58,1009.49,85.4,normal,none
AWS-004,Kolkata Alipore,2026-08-12 03:30:00,26.46,1009.99,86.1,normal,none
AWS-004,Kolkata Alipore,2026-08-12 03:40:00,26.02,1009.91,86.4,normal,none
AWS-004,Kolkata Alipore,2026-08-12 03:50:00,25.85,1010.09,88.5,normal,none
AWS-004,Kolkata Alipore,2026-08-12 04:00:00,26.11,1010.99,86.6,normal,none
AWS-004,Kolkata Alipore,2026-08-12 04:10:00,27.06,1010.29,85.4,normal,none
AWS-004,Kolkata Alipore,2026-08-12 04:20:00,26.26,1010.44,86.1,normal,none
AWS-004,Kolkata Alipore,2026-08-12 04:30:00,26.63,1010.4,84.9,normal,none
AWS-004,Kolkata Alipore,2026-08-12 04:40:00,27.18,1010.62,85.6,normal,none
AWS-004,Kolkata Alipore,2026-08-12 04:50:00,26.6,1010.55,84.0,normal,none
AWS-004,Kolkata Alipore,2026-08-12 05:00:00,27.12,1010.85,85.7,normal,none
AWS-004,Kolkata Alipore,2026-08-12 05:10:00,26.97,1011.1,83.8,normal,none
AWS-004,Kolkata Alipore,2026-08-12 05:20:00,27.38,1010.87,85.1,normal,none
AWS-004,Kolkata Alipore,2026-08-12 05:30:00,27.49,1011.06,85.5,normal,none
AWS-004,Kolkata Alipore,2026-08-12 05:40:00,27.68,1010.87,83.6,normal,none
AWS-004,Kolkata Alipore,2026-08-12 05:50:00,28.37,1011.23,84.0,normal,none
AWS-004,Kolkata Alipore,2026-08-12 06:00:00,28.94,1010.9,82.0,normal,none
AWS-004,Kolkata Alipore,2026-08-12 06:10:00,28.34,1011.39,80.1,normal,none
AWS-004,Kolkata Alipore,2026-08-12 06:20:00,28.64,1011.42,80.5,normal,none
AWS-004,Kolkata Alipore,2026-08-12 06:30:00,28.79,1011.41,80.7,normal,none
AWS-004,Kolkata Alipore,2026-08-12 06:40:00,29.37,1011.59,80.2,normal,none
AWS-004,Kolkata Alipore,2026-08-12 06:50:00,29.4,1011.7,80.6,normal,none
AWS-004,Kolkata Alipore,2026-08-12 07:00:00,29.85,1011.47,79.0,normal,none
AWS-004,Kolkata Alipore,2026-08-12 07:10:00,29.59,1011.57,77.9,normal,none
AWS-004,Kolkata Alipore,2026-08-12 07:20:00,30.01,1011.93,80.0,normal,none
AWS-004,Kolkata Alipore,2026-08-12 07:30:00,29.99,1011.81,80.4,normal,none
AWS-004,Kolkata Alipore,2026-08-12 07:40:00,30.37,1011.81,77.6,normal,none
AWS-004,Kolkata Alipore,2026-08-12 07:50:00,31.07,1012.05,76.9,normal,none
AWS-004,Kolkata Alipore,2026-08-12 08:00:00,30.91,1011.97,75.9,normal,none
AWS-004,Kolkata Alipore,2026-08-12 08:10:00,31.58,1012.52,76.7,normal,none
AWS-004,Kolkata Alipore,2026-08-12 08:20:00,31.82,1011.68,77.2,normal,none
AWS-004,Kolkata Alipore,2026-08-12 08:30:00,31.17,1012.4,73.8,normal,none
AWS-004,Kolkata Alipore,2026-08-12 08:40:00,32.5,1011.95,76.8,normal,none
AWS-004,Kolkata Alipore,2026-08-12 08:50:00,32.24,1012.38,74.9,normal,none
AWS-004,Kolkata Alipore,2026-08-12 09:00:00,32.87,1012.72,76.5,normal,none
AWS-004,Kolkata Alipore,2026-08-12 09:10:00,32.85,1012.24,74.4,normal,none
AWS-004,Kolkata Alipore,2026-08-12 09:20:00,33.13,1011.53,73.8,normal,none
AWS-004,Kolkata Alipore,2026-08-12 09:30:00,33.58,1012.14,76.1,normal,none
AWS-004,Kolkata Alipore,2026-08-12 09:40:00,33.13,1012.19,71.4,normal,none
AWS-004,Kolkata Alipore,2026-08-12 09:50:00,33.6,1012.15,71.8,normal,none
AWS-004,Kolkata Alipore,2026-08-12 10:00:00,34.13,1012.02,71.7,normal,none
AWS-004,Kolkata Alipore,2026-08-12 10:10:00,33.88,1012.44,71.0,normal,none
AWS-004,Kolkata Alipore,2026-08-12 10:20:00,35.0,1011.9,72.5,normal,none
AWS-004,Kolkata Alipore,2026-08-12 10:30:00,34.31,1011.91,70.4,normal,none
AWS-004,Kolkata Alipore,2026-08-12 10:40:00,35.17,1012.04,68.5,normal,none
AWS-004,Kolkata Alipore,2026-08-12 10:50:00,35.54,1012.14,70.1,normal,none
AWS-004,Kolkata Alipore,2026-08-12 11:00:00,35.12,1011.92,71.1,normal,none
AWS-004,Kolkata Alipore,2026-08-12 11:10:00,35.74,1012.21,67.2,normal,none
AWS-004,Kolkata Alipore,2026-08-12 11:20:00,35.34,1012.0,67.1,normal,none
AWS-004,Kolkata Alipore,2026-08-12 11:30:00,35.67,1011.73,70.3,normal,none
AWS-004,Kolkata Alipore,2026-08-12 11:40:00,36.39,1012.26,71.0,normal,none
AWS-004,Kolkata Alipore,2026-08-12 11:50:00,36.03,1012.25,68.1,normal,none
AWS-004,Kolkata Alipore,2026-08-12 12:00:00,37.12,1011.82,66.1,normal,none
AWS-004,Kolkata Alipore,2026-08-12 12:10:00,36.08,1011.64,67.5,normal,none
AWS-004,Kolkata Alipore,2026-08-12 12:20:00,36.43,1011.47,67.0,normal,none
AWS-004,Kolkata Alipore,2026-08-12 12:30:00,37.17,1011.55,66.9,normal,none
AWS-004,Kolkata Alipore,2026-08-12 12:40:00,36.68,1011.38,66.4,normal,none
AWS-004,Kolkata Alipore,2026-08-12 12:50:00,36.69,1011.7,66.5,normal,none
AWS-004,Kolkata Alipore,2026-08-12 13:00:00,37.25,1011.59,66.2,normal,none
AWS-004,Kolkata Alipore,2026-08-12 13:10:00,37.85,1011.54,67.9,normal,none
AWS-004,Kolkata Alipore,2026-08-12 13:20:00,37.42,1011.58,66.5,normal,none
AWS-004,Kolkata Alipore,2026-08-12 13:30:00,37.6,1011.4,65.6,normal,none
AWS-004,Kolkata Alipore,2026-08-12 13:40:00,36.59,1011.36,66.4,normal,none
AWS-004,Kolkata Alipore,2026-08-12 13:50:00,38.36,1011.86,64.7,normal,none
AWS-004,Kolkata Alipore,2026-08-12 14:00:00,38.09,1011.38,67.0,normal,none
AWS-004,Kolkata Alipore,2026-08-12 14:10:00,37.96,1010.95,65.7,normal,none
AWS-004,Kolkata Alipore,2026-08-12 14:20:00,37.9,1011.1,65.9,normal,none
AWS-004,Kolkata Alipore,2026-08-12 14:30:00,38.25,1011.23,67.4,normal,none
AWS-004,Kolkata Alipore,2026-08-12 14:40:00,37.58,1011.09,65.8,normal,none
AWS-004,Kolkata Alipore,2026-08-12 14:50:00,37.71,1010.87,67.0,normal,none
AWS-004,Kolkata Alipore,2026-08-12 15:00:00,37.19,1010.36,65.0,normal,none
AWS-004,Kolkata Alipore,2026-08-12 15:10:00,38.23,1010.47,65.5,normal,none
AWS-004,Kolkata Alipore,2026-08-12 15:20:00,37.9,1010.35,66.6,normal,none
AWS-004,Kolkata Alipore,2026-08-12 15:30:00,37.15,1010.13,66.6,normal,none
AWS-004,Kolkata Alipore,2026-08-12 15:40:00,36.3,1010.27,66.2,normal,none
AWS-004,Kolkata Alipore,2026-08-12 15:50:00,36.66,1010.28,66.7,normal,none
AWS-004,Kolkata Alipore,2026-08-12 16:00:00,36.84,1010.37,67.6,normal,none
AWS-004,Kolkata Alipore,2026-08-12 16:10:00,37.44,1010.33,66.1,normal,none
AWS-004,Kolkata Alipore,2026-08-12 16:20:00,37.08,1009.75,65.3,normal,none
AWS-004,Kolkata Alipore,2026-08-12 16:30:00,36.54,1010.19,67.1,normal,none
AWS-004,Kolkata Alipore,2026-08-12 16:40:00,36.67,1010.03,65.6,normal,none
AWS-004,Kolkata Alipore,2026-08-12 16:50:00,36.02,1010.11,66.6,normal,none
AWS-004,Kolkata Alipore,2026-08-12 17:00:00,36.37,1010.11,66.2,normal,none
AWS-004,Kolkata Alipore,2026-08-12 17:10:00,36.08,1009.92,71.2,normal,none
AWS-004,Kolkata Alipore,2026-08-12 17:20:00,35.7,1009.93,66.8,normal,none
AWS-004,Kolkata Alipore,2026-08-12 17:30:00,35.46,1010.29,67.4,normal,none
AWS-004,Kolkata Alipore,2026-08-12 17:40:00,35.43,1009.47,68.6,normal,none
AWS-004,Kolkata Alipore,2026-08-12 17:50:00,34.95,1010.03,68.1,normal,none
AWS-004,Kolkata Alipore,2026-08-12 18:00:00,35.31,1009.57,70.0,normal,none
AWS-004,Kolkata Alipore,2026-08-12 18:10:00,34.79,1009.47,70.8,normal,none
AWS-004,Kolkata Alipore,2026-08-12 18:20:00,33.94,1010.12,71.0,normal,none
AWS-004,Kolkata Alipore,2026-08-12 18:30:00,34.18,1009.54,69.8,normal,none
AWS-004,Kolkata Alipore,2026-08-12 18:40:00,34.27,1009.79,70.8,normal,none
AWS-004,Kolkata Alipore,2026-08-12 18:50:00,33.55,1009.62,72.3,normal,none
AWS-004,Kolkata Alipore,2026-08-12 19:00:00,34.11,1009.54,73.1,normal,none
AWS-004,Kolkata Alipore,2026-08-12 19:10:00,33.18,1009.16,73.2,normal,none
AWS-004,Kolkata Alipore,2026-08-12 19:20:00,33.08,1009.34,74.7,normal,none
AWS-004,Kolkata Alipore,2026-08-12 19:30:00,33.11,1009.61,75.4,normal,none
AWS-004,Kolkata Alipore,2026-08-12 19:40:00,32.3,1009.26,73.0,normal,none
AWS-004,Kolkata Alipore,2026-08-12 19:50:00,32.57,1008.95,74.5,normal,none
AWS-004,Kolkata Alipore,2026-08-12 20:00:00,31.95,1009.4,78.1,normal,none
AWS-004,Kolkata Alipore,2026-08-12 20:10:00,31.69,1009.15,78.2,normal,none
AWS-004,Kolkata Alipore,2026-08-12 20:20:00,31.12,1008.95,76.7,normal,none
AWS-004,Kolkata Alipore,2026-08-12 20:30:00,30.83,1009.41,76.6,normal,none
AWS-004,Kolkata Alipore,2026-08-12 20:40:00,31.3,1009.33,77.4,normal,none
AWS-004,Kolkata Alipore,2026-08-12 20:50:00,30.91,1009.41,78.7,normal,none
AWS-004,Kolkata Alipore,2026-08-12 21:00:00,30.33,1009.58,79.4,normal,none
AWS-004,Kolkata Alipore,2026-08-12 21:10:00,30.58,1009.09,78.0,normal,none
AWS-004,Kolkata Alipore,2026-08-12 21:20:00,29.82,1009.37,78.7,normal,none
AWS-004,Kolkata Alipore,2026-08-12 21:30:00,29.94,1009.06,77.4,normal,none
AWS-004,Kolkata Alipore,2026-08-12 21:40:00,29.09,1009.26,79.8,normal,none
AWS-004,Kolkata Alipore,2026-08-12 21:50:00,29.02,1009.07,81.3,normal,none
AWS-004,Kolkata Alipore,2026-08-12 22:00:00,28.99,1009.34,81.3,normal,none
AWS-004,Kolkata Alipore,2026-08-12 22:10:00,28.49,1009.35,81.0,normal,none
AWS-004,Kolkata Alipore,2026-08-12 22:20:00,28.29,1009.3,82.4,normal,none
AWS-004,Kolkata Alipore,2026-08-12 22:30:00,28.02,1008.89,83.4,normal,none
AWS-004,Kolkata Alipore,2026-08-12 22:40:00,27.44,1008.76,83.6,normal,none
AWS-004,Kolkata Alipore,2026-08-12 22:50:00,27.91,1009.1,84.1,normal,none
AWS-004,Kolkata Alipore,2026-08-12 23:00:00,27.83,1009.6,84.4,normal,none
AWS-004,Kolkata Alipore,2026-08-12 23:10:00,27.27,1009.32,84.9,normal,none
AWS-004,Kolkata Alipore,2026-08-12 23:20:00,26.85,1009.68,86.1,normal,none
AWS-004,Kolkata Alipore,2026-08-12 23:30:00,27.07,1009.99,86.9,normal,none
AWS-004,Kolkata Alipore,2026-08-12 23:40:00,26.25,1009.41,85.0,normal,none
AWS-004,Kolkata Alipore,2026-08-12 23:50:00,26.23,1009.36,84.7,normal,none
AWS-004,Kolkata Alipore,2026-08-13 00:00:00,25.99,1009.23,84.9,normal,none
AWS-004,Kolkata Alipore,2026-08-13 00:10:00,26.18,1009.77,84.3,normal,none
AWS-004,Kolkata Alipore,2026-08-13 00:20:00,26.33,1009.74,86.2,normal,none
AWS-004,Kolkata Alipore,2026-08-13 00:30:00,25.43,1010.01,83.3,normal,none
AWS-004,Kolkata Alipore,2026-08-13 00:40:00,25.44,1009.5,88.0,normal,none
AWS-004,Kolkata Alipore,2026-08-13 00:50:00,25.76,1010.0,86.0,normal,none
AWS-004,Kolkata Alipore,2026-08-13 01:00:00,25.64,1010.05,87.9,normal,none
AWS-004,Kolkata Alipore,2026-08-13 01:10:00,26.01,1009.94,85.9,normal,none
AWS-004,Kolkata Alipore,2026-08-13 01:20:00,24.02,1010.06,88.5,normal,none
AWS-004,Kolkata Alipore,2026-08-13 01:30:00,24.41,1010.16,88.6,normal,none
AWS-004,Kolkata Alipore,2026-08-13 01:40:00,25.06,1010.32,89.2,normal,none
AWS-004,Kolkata Alipore,2026-08-13 01:50:00,25.15,1010.32,87.3,normal,none
AWS-004,Kolkata Alipore,2026-08-13 02:00:00,24.55,1010.33,90.6,normal,none
AWS-004,Kolkata Alipore,2026-08-13 02:10:00,24.93,1010.45,87.6,normal,none
AWS-004,Kolkata Alipore,2026-08-13 02:20:00,24.42,1010.85,88.5,normal,none
AWS-004,Kolkata Alipore,2026-08-13 02:30:00,24.81,1010.66,89.3,normal,none
AWS-004,Kolkata Alipore,2026-08-13 02:40:00,24.57,1011.01,89.0,normal,none
AWS-004,Kolkata Alipore,2026-08-13 02:50:00,24.77,1011.04,90.1,normal,none
AWS-004,Kolkata Alipore,2026-08-13 03:00:00,23.78,1010.71,89.7,normal,none
AWS-004,Kolkata Alipore,2026-08-13 03:10:00,24.95,1011.02,86.9,normal,none
AWS-004,Kolkata Alipore,2026-08-13 03:20:00,24.27,1011.09,86.2,normal,none
AWS-004,Kolkata Alipore,2026-08-13 03:30:00,24.57,1011.38,88.9,normal,none
AWS-004,Kolkata Alipore,2026-08-13 03:40:00,24.8,1010.82,86.9,normal,none
AWS-004,Kolkata Alipore,2026-08-13 03:50:00,24.93,1011.7,88.4,normal,none
AWS-004,Kolkata Alipore,2026-08-13 04:00:00,25.57,1011.1,87.0,normal,none
AWS-004,Kolkata Alipore,2026-08-13 04:10:00,25.65,1011.62,86.6,normal,none
AWS-004,Kolkata Alipore,2026-08-13 04:20:00,24.65,1011.1,88.1,normal,none
AWS-004,Kolkata Alipore,2026-08-13 04:30:00,25.34,1011.78,84.1,normal,none
AWS-004,Kolkata Alipore,2026-08-13 04:40:00,25.74,1011.41,88.0,normal,none
AWS-004,Kolkata Alipore,2026-08-13 04:50:00,25.78,1011.75,86.9,normal,none
AWS-004,Kolkata Alipore,2026-08-13 05:00:00,25.82,1011.47,88.4,normal,none
AWS-004,Kolkata Alipore,2026-08-13 05:10:00,26.41,1012.09,88.1,normal,none
AWS-004,Kolkata Alipore,2026-08-13 05:20:00,26.47,1011.75,87.2,normal,none
AWS-004,Kolkata Alipore,2026-08-13 05:30:00,26.09,1011.88,85.0,normal,none
AWS-004,Kolkata Alipore,2026-08-13 05:40:00,26.44,1012.01,86.3,normal,none
AWS-004,Kolkata Alipore,2026-08-13 05:50:00,26.76,1011.59,83.8,normal,none
AWS-004,Kolkata Alipore,2026-08-13 06:00:00,26.86,1011.94,87.2,normal,none
AWS-004,Kolkata Alipore,2026-08-13 06:10:00,26.75,1012.22,83.7,normal,none
AWS-004,Kolkata Alipore,2026-08-13 06:20:00,26.62,1012.07,85.2,normal,none
AWS-004,Kolkata Alipore,2026-08-13 06:30:00,27.77,1012.1,85.1,normal,none
AWS-004,Kolkata Alipore,2026-08-13 06:40:00,27.56,1012.06,81.6,normal,none
AWS-004,Kolkata Alipore,2026-08-13 06:50:00,27.49,1012.55,81.7,normal,none
AWS-004,Kolkata Alipore,2026-08-13 07:00:00,28.44,1012.39,82.8,normal,none
AWS-004,Kolkata Alipore,2026-08-13 07:10:00,28.39,1012.25,82.1,normal,none
AWS-004,Kolkata Alipore,2026-08-13 07:20:00,27.98,1012.6,81.3,normal,none
AWS-004,Kolkata Alipore,2026-08-13 07:30:00,28.69,1012.59,79.0,normal,none
AWS-004,Kolkata Alipore,2026-08-13 07:40:00,28.82,1012.39,80.7,normal,none
AWS-004,Kolkata Alipore,2026-08-13 07:50:00,29.49,1012.66,81.2,normal,none
AWS-004,Kolkata Alipore,2026-08-13 08:00:00,29.21,1012.86,81.3,normal,none
AWS-004,Kolkata Alipore,2026-08-13 08:10:00,29.4,1012.76,79.0,normal,none
AWS-004,Kolkata Alipore,2026-08-13 08:20:00,30.69,1012.72,79.0,normal,none
AWS-004,Kolkata Alipore,2026-08-13 08:30:00,30.21,1012.47,79.0,normal,none
AWS-004,Kolkata Alipore,2026-08-13 08:40:00,30.01,1012.46,78.6,normal,none
AWS-004,Kolkata Alipore,2026-08-13 08:50:00,30.32,1012.52,78.1,normal,none
AWS-004,Kolkata Alipore,2026-08-13 09:00:00,31.51,1012.65,76.0,normal,none
AWS-004,Kolkata Alipore,2026-08-13 09:10:00,31.53,1012.41,75.6,normal,none
AWS-004,Kolkata Alipore,2026-08-13 09:20:00,31.18,1012.2,77.1,normal,none
AWS-004,Kolkata Alipore,2026-08-13 09:30:00,31.97,1012.84,77.4,normal,none
AWS-004,Kolkata Alipore,2026-08-13 09:40:00,31.3,1012.06,73.9,normal,none
AWS-004,Kolkata Alipore,2026-08-13 09:50:00,32.05,1012.78,74.6,normal,none
AWS-004,Kolkata Alipore,2026-08-13 10:00:00,31.66,1012.85,76.1,normal,none
AWS-004,Kolkata Alipore,2026-08-13 10:10:00,32.97,1012.94,74.9,normal,none
AWS-004,Kolkata Alipore,2026-08-13 10:20:00,32.96,1011.87,73.0,normal,none
AWS-004,Kolkata Alipore,2026-08-13 10:30:00,33.0,1012.28,73.8,normal,none
AWS-004,Kolkata Alipore,2026-08-13 10:40:00,32.82,1012.35,71.2,normal,none
AWS-004,Kolkata Alipore,2026-08-13 10:50:00,33.71,1012.1,72.6,normal,none
AWS-004,Kolkata Alipore,2026-08-13 11:00:00,33.91,1012.57,73.9,normal,none
AWS-004,Kolkata Alipore,2026-08-13 11:10:00,34.17,1011.84,71.3,normal,none
AWS-004,Kolkata Alipore,2026-08-13 11:20:00,33.94,1011.92,72.0,normal,none
AWS-004,Kolkata Alipore,2026-08-13 11:30:00,33.98,1011.97,70.9,normal,none
AWS-004,Kolkata Alipore,2026-08-13 11:40:00,34.24,1011.54,74.3,normal,none
AWS-004,Kolkata Alipore,2026-08-13 11:50:00,33.97,1012.22,69.4,normal,none
AWS-004,Kolkata Alipore,2026-08-13 12:00:00,34.27,1011.68,69.9,normal,none
AWS-004,Kolkata Alipore,2026-08-13 12:10:00,34.52,1011.85,67.6,normal,none
AWS-004,Kolkata Alipore,2026-08-13 12:20:00,34.7,1011.55,68.7,normal,none
AWS-004,Kolkata Alipore,2026-08-13 12:30:00,34.81,1011.86,67.6,normal,none
AWS-004,Kolkata Alipore,2026-08-13 12:40:00,34.88,1011.47,69.8,normal,none
AWS-004,Kolkata Alipore,2026-08-13 12:50:00,35.89,1011.12,70.9,normal,none
AWS-004,Kolkata Alipore,2026-08-13 13:00:00,35.61,1011.29,68.3,normal,none
AWS-004,Kolkata Alipore,2026-08-13 13:10:00,35.18,1011.45,70.6,normal,none
AWS-004,Kolkata Alipore,2026-08-13 13:20:00,35.32,1011.2,69.7,normal,none
AWS-004,Kolkata Alipore,2026-08-13 13:30:00,35.28,1011.21,68.6,normal,none
AWS-004,Kolkata Alipore,2026-08-13 13:40:00,35.63,1010.97,69.6,normal,none
AWS-004,Kolkata Alipore,2026-08-13 13:50:00,35.54,1011.16,68.3,normal,none
AWS-004,Kolkata Alipore,2026-08-13 14:00:00,34.66,1010.79,68.8,normal,none
AWS-004,Kolkata Alipore,2026-08-13 14:10:00,34.82,1010.32,69.5,normal,none
AWS-004,Kolkata Alipore,2026-08-13 14:20:00,36.15,1010.83,68.1,normal,none
AWS-004,Kolkata Alipore,2026-08-13 14:30:00,35.28,1010.7,66.6,normal,none
AWS-004,Kolkata Alipore,2026-08-13 14:40:00,35.63,1010.65,69.6,normal,none
AWS-004,Kolkata Alipore,2026-08-13 14:50:00,35.18,1010.52,71.5,normal,none
AWS-004,Kolkata Alipore,2026-08-13 15:00:00,35.7,1010.33,69.3,normal,none
AWS-004,Kolkata Alipore,2026-08-13 15:10:00,35.59,1010.1,67.3,normal,none
AWS-004,Kolkata Alipore,2026-08-13 15:20:00,35.28,1010.19,68.4,normal,none
AWS-004,Kolkata Alipore,2026-08-13 15:30:00,35.11,1009.94,69.4,normal,none
AWS-004,Kolkata Alipore,2026-08-13 15:40:00,35.13,1010.21,70.1,normal,none
AWS-004,Kolkata Alipore,2026-08-13 15:50:00,34.5,1009.6,68.9,normal,none
AWS-004,Kolkata Alipore,2026-08-13 16:00:00,35.0,1009.81,68.9,normal,none
AWS-004,Kolkata Alipore,2026-08-13 16:10:00,34.47,1009.38,70.9,normal,none
AWS-004,Kolkata Alipore,2026-08-13 16:20:00,34.87,1009.47,72.5,normal,none
AWS-004,Kolkata Alipore,2026-08-13 16:30:00,34.43,1008.93,70.4,normal,none
AWS-004,Kolkata Alipore,2026-08-13 16:40:00,34.06,1009.34,73.9,normal,none
AWS-004,Kolkata Alipore,2026-08-13 16:50:00,33.75,1009.17,70.9,normal,none
AWS-004,Kolkata Alipore,2026-08-13 17:00:00,33.76,1009.27,71.3,normal,none
AWS-004,Kolkata Alipore,2026-08-13 17:10:00,34.7,1009.39,74.9,normal,none
AWS-004,Kolkata Alipore,2026-08-13 17:20:00,33.94,1008.62,71.1,normal,none
AWS-004,Kolkata Alipore,2026-08-13 17:30:00,33.47,1009.21,71.0,normal,none
AWS-004,Kolkata Alipore,2026-08-13 17:40:00,33.42,1008.91,73.6,normal,none
AWS-004,Kolkata Alipore,2026-08-13 17:50:00,33.3,1009.24,73.3,normal,none
AWS-004,Kolkata Alipore,2026-08-13 18:00:00,32.9,1008.38,72.5,normal,none
AWS-004,Kolkata Alipore,2026-08-13 18:10:00,32.92,1008.98,73.1,normal,none
AWS-004,Kolkata Alipore,2026-08-13 18:20:00,32.2,1008.29,75.7,normal,none
AWS-004,Kolkata Alipore,2026-08-13 18:30:00,31.87,1008.78,74.3,normal,none
AWS-004,Kolkata Alipore,2026-08-13 18:40:00,32.17,1008.73,73.8,normal,none
AWS-004,Kolkata Alipore,2026-08-13 18:50:00,31.6,1008.78,73.8,normal,none
AWS-004,Kolkata Alipore,2026-08-13 19:00:00,31.29,1008.63,76.0,normal,none
AWS-004,Kolkata Alipore,2026-08-13 19:10:00,31.21,1008.06,76.4,normal,none
AWS-004,Kolkata Alipore,2026-08-13 19:20:00,30.93,1008.52,73.5,normal,none
AWS-004,Kolkata Alipore,2026-08-13 19:30:00,29.96,1008.07,77.9,normal,none
AWS-004,Kolkata Alipore,2026-08-13 19:40:00,29.66,1008.02,77.2,normal,none
AWS-004,Kolkata Alipore,2026-08-13 19:50:00,30.5,1008.29,79.0,normal,none
AWS-004,Kolkata Alipore,2026-08-13 20:00:00,30.09,1007.87,77.0,normal,none
AWS-004,Kolkata Alipore,2026-08-13 20:10:00,29.54,1007.63,80.1,normal,none
AWS-004,Kolkata Alipore,2026-08-13 20:20:00,28.78,1007.92,81.3,normal,none
AWS-004,Kolkata Alipore,2026-08-13 20:30:00,29.09,1007.49,80.2,normal,none
AWS-004,Kolkata Alipore,2026-08-13 20:40:00,29.22,1008.0,82.6,normal,none
AWS-004,Kolkata Alipore,2026-08-13 20:50:00,28.31,1007.31,82.1,normal,none
AWS-004,Kolkata Alipore,2026-08-13 21:00:00,28.43,1008.12,82.2,normal,none
AWS-004,Kolkata Alipore,2026-08-13 21:10:00,27.96,1008.08,84.4,normal,none
AWS-004,Kolkata Alipore,2026-08-13 21:20:00,27.69,1007.87,83.2,normal,none
AWS-004,Kolkata Alipore,2026-08-13 21:30:00,27.53,1007.84,84.9,normal,none
AWS-004,Kolkata Alipore,2026-08-13 21:40:00,27.43,1007.17,84.1,normal,none
AWS-004,Kolkata Alipore,2026-08-13 21:50:00,26.27,1007.89,82.5,normal,none
AWS-004,Kolkata Alipore,2026-08-13 22:00:00,26.37,1007.63,87.3,normal,none
AWS-004,Kolkata Alipore,2026-08-13 22:10:00,25.35,1008.12,85.7,normal,none
AWS-004,Kolkata Alipore,2026-08-13 22:20:00,26.07,1007.67,88.3,normal,none
AWS-004,Kolkata Alipore,2026-08-13 22:30:00,26.06,1007.93,86.3,normal,none
AWS-004,Kolkata Alipore,2026-08-13 22:40:00,25.53,1007.63,87.8,normal,none
AWS-004,Kolkata Alipore,2026-08-13 22:50:00,25.52,1007.73,85.8,normal,none
AWS-004,Kolkata Alipore,2026-08-13 23:00:00,24.37,1007.46,86.7,normal,none
AWS-004,Kolkata Alipore,2026-08-13 23:10:00,24.74,1007.77,86.8,normal,none
AWS-004,Kolkata Alipore,2026-08-13 23:20:00,24.19,1007.89,87.4,normal,none
AWS-004,Kolkata Alipore,2026-08-13 23:30:00,23.93,1007.62,88.1,normal,none
AWS-004,Kolkata Alipore,2026-08-13 23:40:00,24.55,1007.9,86.8,normal,none
AWS-004,Kolkata Alipore,2026-08-13 23:50:00,24.0,1008.3,88.8,normal,none
AWS-004,Kolkata Alipore,2026-08-14 00:00:00,23.87,1008.27,88.8,normal,none
AWS-004,Kolkata Alipore,2026-08-14 00:10:00,23.45,1008.08,87.9,normal,none
AWS-004,Kolkata Alipore,2026-08-14 00:20:00,23.7,1007.58,88.5,normal,none
AWS-004,Kolkata Alipore,2026-08-14 00:30:00,22.78,1007.67,90.7,normal,none
AWS-004,Kolkata Alipore,2026-08-14 00:40:00,22.62,1008.19,90.0,normal,none
AWS-004,Kolkata Alipore,2026-08-14 00:50:00,22.96,1008.09,89.7,normal,none
AWS-004,Kolkata Alipore,2026-08-14 01:00:00,23.41,1008.46,90.1,normal,none
AWS-004,Kolkata Alipore,2026-08-14 01:10:00,22.4,1008.33,92.1,normal,none
AWS-004,Kolkata Alipore,2026-08-14 01:20:00,22.52,1008.72,92.0,normal,none
AWS-004,Kolkata Alipore,2026-08-14 01:30:00,22.04,1008.19,88.6,normal,none
AWS-004,Kolkata Alipore,2026-08-14 01:40:00,22.58,1008.32,90.0,normal,none
AWS-004,Kolkata Alipore,2026-08-14 01:50:00,22.52,1008.66,92.7,normal,none
AWS-004,Kolkata Alipore,2026-08-14 02:00:00,23.0,1008.95,89.3,normal,none
AWS-004,Kolkata Alipore,2026-08-14 02:10:00,22.45,1008.83,93.2,normal,none
AWS-004,Kolkata Alipore,2026-08-14 02:20:00,21.55,1008.6,91.6,normal,none
AWS-004,Kolkata Alipore,2026-08-14 02:30:00,22.35,1008.5,90.7,normal,none
AWS-004,Kolkata Alipore,2026-08-14 02:40:00,23.26,1008.46,92.5,normal,none
AWS-004,Kolkata Alipore,2026-08-14 02:50:00,22.27,1008.72,91.8,normal,none
AWS-004,Kolkata Alipore,2026-08-14 03:00:00,22.3,1008.64,88.6,normal,none
AWS-004,Kolkata Alipore,2026-08-14 03:10:00,22.1,1008.85,93.4,normal,none
AWS-004,Kolkata Alipore,2026-08-14 03:20:00,22.06,1009.02,91.8,normal,none
AWS-004,Kolkata Alipore,2026-08-14 03:30:00,22.9,1008.99,92.6,normal,none
AWS-004,Kolkata Alipore,2026-08-14 03:40:00,23.14,1009.36,88.8,normal,none
AWS-004,Kolkata Alipore,2026-08-14 03:50:00,22.52,1009.06,90.9,normal,none
AWS-004,Kolkata Alipore,2026-08-14 04:00:00,22.56,1008.65,90.2,normal,none
AWS-004,Kolkata Alipore,2026-08-14 04:10:00,23.2,1008.51,91.0,normal,none
AWS-004,Kolkata Alipore,2026-08-14 04:20:00,23.19,1009.57,89.9,normal,none
AWS-004,Kolkata Alipore,2026-08-14 04:30:00,23.39,1009.56,90.7,normal,none
AWS-004,Kolkata Alipore,2026-08-14 04:40:00,23.25,1009.23,90.7,normal,none
AWS-004,Kolkata Alipore,2026-08-14 04:50:00,23.78,1009.5,90.8,normal,none
AWS-004,Kolkata Alipore,2026-08-14 05:00:00,23.63,1009.51,90.5,normal,none
AWS-004,Kolkata Alipore,2026-08-14 05:10:00,24.05,1009.84,89.3,normal,none
AWS-004,Kolkata Alipore,2026-08-14 05:20:00,24.01,1009.79,88.5,normal,none
AWS-004,Kolkata Alipore,2026-08-14 05:30:00,23.88,1009.06,90.0,normal,none
AWS-004,Kolkata Alipore,2026-08-14 05:40:00,24.08,1009.74,88.5,normal,none
AWS-004,Kolkata Alipore,2026-08-14 05:50:00,24.56,1009.62,89.1,normal,none
AWS-004,Kolkata Alipore,2026-08-14 06:00:00,25.07,1009.89,88.1,normal,none
AWS-004,Kolkata Alipore,2026-08-14 06:10:00,24.66,1009.87,87.9,normal,none
AWS-004,Kolkata Alipore,2026-08-14 06:20:00,25.33,1009.21,86.8,normal,none
AWS-004,Kolkata Alipore,2026-08-14 06:30:00,25.1,1009.81,85.8,normal,none
AWS-004,Kolkata Alipore,2026-08-14 06:40:00,25.69,1009.72,86.8,normal,none
AWS-004,Kolkata Alipore,2026-08-14 06:50:00,25.69,1009.71,85.4,normal,none
AWS-004,Kolkata Alipore,2026-08-14 07:00:00,24.97,1009.88,84.6,normal,none
AWS-004,Kolkata Alipore,2026-08-14 07:10:00,25.72,1009.97,87.0,normal,none
AWS-004,Kolkata Alipore,2026-08-14 07:20:00,26.37,1009.86,83.8,normal,none
AWS-004,Kolkata Alipore,2026-08-14 07:30:00,26.67,1009.86,84.6,normal,none
AWS-004,Kolkata Alipore,2026-08-14 07:40:00,27.66,1009.86,87.3,normal,none
AWS-004,Kolkata Alipore,2026-08-14 07:50:00,26.77,1009.53,81.9,normal,none
AWS-004,Kolkata Alipore,2026-08-14 08:00:00,28.18,1009.71,82.7,normal,none
AWS-004,Kolkata Alipore,2026-08-14 08:10:00,27.84,1009.53,81.6,normal,none
AWS-004,Kolkata Alipore,2026-08-14 08:20:00,28.07,1009.78,82.5,normal,none
AWS-004,Kolkata Alipore,2026-08-14 08:30:00,28.31,1009.75,80.1,normal,none
AWS-004,Kolkata Alipore,2026-08-14 08:40:00,28.25,1010.19,81.1,normal,none
AWS-004,Kolkata Alipore,2026-08-14 08:50:00,28.93,1009.7,81.6,normal,none
AWS-004,Kolkata Alipore,2026-08-14 09:00:00,29.16,1009.66,79.9,normal,none
AWS-004,Kolkata Alipore,2026-08-14 09:10:00,29.31,1009.64,79.5,normal,none
AWS-004,Kolkata Alipore,2026-08-14 09:20:00,28.54,1009.41,79.0,normal,none
AWS-004,Kolkata Alipore,2026-08-14 09:30:00,29.62,1010.05,79.2,normal,none
AWS-004,Kolkata Alipore,2026-08-14 09:40:00,29.9,1009.63,79.4,normal,none
AWS-004,Kolkata Alipore,2026-08-14 09:50:00,29.98,1009.69,76.9,normal,none
AWS-004,Kolkata Alipore,2026-08-14 10:00:00,30.77,1009.57,76.2,normal,none
AWS-004,Kolkata Alipore,2026-08-14 10:10:00,30.76,1009.54,75.9,normal,none
AWS-004,Kolkata Alipore,2026-08-14 10:20:00,30.99,1009.27,78.9,normal,none
AWS-004,Kolkata Alipore,2026-08-14 10:30:00,31.55,1009.28,75.0,normal,none
AWS-004,Kolkata Alipore,2026-08-14 10:40:00,30.56,1009.69,73.8,normal,none
AWS-004,Kolkata Alipore,2026-08-14 10:50:00,30.91,1008.98,75.4,normal,none
AWS-004,Kolkata Alipore,2026-08-14 11:00:00,31.41,1009.23,73.5,normal,none
AWS-004,Kolkata Alipore,2026-08-14 11:10:00,31.62,1009.04,77.0,normal,none
AWS-004,Kolkata Alipore,2026-08-14 11:20:00,32.23,1009.11,70.6,normal,none
AWS-004,Kolkata Alipore,2026-08-14 11:30:00,32.51,1009.26,72.6,normal,none
AWS-004,Kolkata Alipore,2026-08-14 11:40:00,32.91,1009.29,73.9,normal,none
AWS-004,Kolkata Alipore,2026-08-14 11:50:00,32.82,1008.47,72.7,normal,none
AWS-004,Kolkata Alipore,2026-08-14 12:00:00,32.34,1008.09,73.4,normal,none
AWS-004,Kolkata Alipore,2026-08-14 12:10:00,33.25,1008.44,72.4,normal,none
AWS-004,Kolkata Alipore,2026-08-14 12:20:00,33.13,1008.75,71.4,normal,none
AWS-004,Kolkata Alipore,2026-08-14 12:30:00,32.85,1008.58,72.8,normal,none
AWS-004,Kolkata Alipore,2026-08-14 12:40:00,33.35,1008.39,74.6,normal,none
AWS-004,Kolkata Alipore,2026-08-14 12:50:00,33.72,1008.47,72.9,normal,none
AWS-004,Kolkata Alipore,2026-08-14 13:00:00,33.15,1008.44,70.0,normal,none
AWS-004,Kolkata Alipore,2026-08-14 13:10:00,33.64,1008.48,72.5,normal,none
AWS-004,Kolkata Alipore,2026-08-14 13:20:00,33.26,1008.12,72.5,normal,none
AWS-004,Kolkata Alipore,2026-08-14 13:30:00,33.26,1007.6,71.8,normal,none
AWS-004,Kolkata Alipore,2026-08-14 13:40:00,33.68,1007.54,70.5,normal,none
AWS-004,Kolkata Alipore,2026-08-14 13:50:00,32.99,1007.8,70.5,normal,none
AWS-004,Kolkata Alipore,2026-08-14 14:00:00,34.6,1007.42,68.6,normal,none
AWS-004,Kolkata Alipore,2026-08-14 14:10:00,34.17,1007.87,73.4,normal,none
AWS-004,Kolkata Alipore,2026-08-14 14:20:00,34.21,1007.52,71.6,normal,none
AWS-004,Kolkata Alipore,2026-08-14 14:30:00,33.83,1006.96,69.5,normal,none
AWS-004,Kolkata Alipore,2026-08-14 14:40:00,34.34,1007.16,69.5,normal,none
AWS-004,Kolkata Alipore,2026-08-14 14:50:00,34.51,1007.53,72.5,normal,none
AWS-004,Kolkata Alipore,2026-08-14 15:00:00,33.37,1006.82,70.5,normal,none
AWS-004,Kolkata Alipore,2026-08-14 15:10:00,34.23,1006.8,69.9,normal,none
AWS-004,Kolkata Alipore,2026-08-14 15:20:00,33.6,1006.89,72.4,normal,none
AWS-004,Kolkata Alipore,2026-08-14 15:30:00,33.35,1006.52,71.1,normal,none
AWS-004,Kolkata Alipore,2026-08-14 15:40:00,33.79,1006.34,71.7,normal,none
AWS-004,Kolkata Alipore,2026-08-14 15:50:00,33.18,1006.91,71.7,normal,none
AWS-004,Kolkata Alipore,2026-08-14 16:00:00,33.7,1006.09,73.9,normal,none
AWS-004,Kolkata Alipore,2026-08-14 16:10:00,33.35,1006.53,73.3,normal,none
AWS-004,Kolkata Alipore,2026-08-14 16:20:00,33.01,1006.34,73.3,normal,none
AWS-004,Kolkata Alipore,2026-08-14 16:30:00,33.06,1006.31,73.0,normal,none
AWS-004,Kolkata Alipore,2026-08-14 16:40:00,33.04,1005.9,72.5,normal,none
AWS-004,Kolkata Alipore,2026-08-14 16:50:00,32.05,1006.13,72.7,normal,none
AWS-004,Kolkata Alipore,2026-08-14 17:00:00,31.97,1005.75,73.4,normal,none
AWS-004,Kolkata Alipore,2026-08-14 17:10:00,32.86,1005.26,76.1,normal,none
AWS-004,Kolkata Alipore,2026-08-14 17:20:00,31.75,1005.46,73.9,normal,none
AWS-004,Kolkata Alipore,2026-08-14 17:30:00,32.3,1005.3,73.0,normal,none
AWS-004,Kolkata Alipore,2026-08-14 17:40:00,32.01,1005.11,75.4,normal,none
AWS-004,Kolkata Alipore,2026-08-14 17:50:00,31.6,1005.34,73.4,normal,none
AWS-004,Kolkata Alipore,2026-08-14 18:00:00,31.69,1004.89,75.6,normal,none
AWS-004,Kolkata Alipore,2026-08-14 18:10:00,30.88,1005.34,74.5,normal,none
AWS-004,Kolkata Alipore,2026-08-14 18:20:00,31.64,1005.5,78.9,normal,none
AWS-004,Kolkata Alipore,2026-08-14 18:30:00,31.26,1005.32,76.8,normal,none
AWS-004,Kolkata Alipore,2026-08-14 18:40:00,30.69,1004.7,79.4,normal,none
AWS-004,Kolkata Alipore,2026-08-14 18:50:00,29.98,1004.79,79.9,normal,none
AWS-004,Kolkata Alipore,2026-08-14 19:00:00,30.0,1005.14,78.5,normal,none
AWS-004,Kolkata Alipore,2026-08-14 19:10:00,29.99,1004.87,80.0,normal,none
AWS-004,Kolkata Alipore,2026-08-14 19:20:00,29.38,1005.14,78.7,normal,none
AWS-004,Kolkata Alipore,2026-08-14 19:30:00,28.94,1004.67,79.2,normal,none
AWS-004,Kolkata Alipore,2026-08-14 19:40:00,29.38,1004.4,79.3,normal,none
AWS-004,Kolkata Alipore,2026-08-14 19:50:00,28.98,1004.52,80.4,normal,none
AWS-004,Kolkata Alipore,2026-08-14 20:00:00,28.69,1004.75,81.5,normal,none
AWS-004,Kolkata Alipore,2026-08-14 20:10:00,28.36,1004.74,80.9,normal,none
AWS-004,Kolkata Alipore,2026-08-14 20:20:00,27.71,1004.55,81.7,normal,none
AWS-004,Kolkata Alipore,2026-08-14 20:30:00,28.02,1004.11,81.6,normal,none
AWS-004,Kolkata Alipore,2026-08-14 20:40:00,27.58,1004.9,81.1,normal,none
AWS-004,Kolkata Alipore,2026-08-14 20:50:00,27.24,1004.76,83.9,normal,none
AWS-004,Kolkata Alipore,2026-08-14 21:00:00,27.31,1004.59,85.3,normal,none
AWS-004,Kolkata Alipore,2026-08-14 21:10:00,26.74,1003.93,83.9,normal,none
AWS-004,Kolkata Alipore,2026-08-14 21:20:00,26.64,1004.47,84.4,normal,none
AWS-004,Kolkata Alipore,2026-08-14 21:30:00,25.85,1003.82,83.8,normal,none
AWS-004,Kolkata Alipore,2026-08-14 21:40:00,26.37,1004.33,84.7,normal,none
AWS-004,Kolkata Alipore,2026-08-14 21:50:00,25.87,1004.35,86.0,normal,none
AWS-004,Kolkata Alipore,2026-08-14 22:00:00,25.94,1004.28,84.7,normal,none
AWS-004,Kolkata Alipore,2026-08-14 22:10:00,24.63,1004.45,86.5,normal,none
AWS-004,Kolkata Alipore,2026-08-14 22:20:00,24.93,1004.44,85.9,normal,none
AWS-004,Kolkata Alipore,2026-08-14 22:30:00,24.71,1004.57,85.1,normal,none
AWS-004,Kolkata Alipore,2026-08-14 22:40:00,25.14,1004.35,88.0,normal,none
AWS-004,Kolkata Alipore,2026-08-14 22:50:00,24.45,1004.29,87.8,normal,none
AWS-004,Kolkata Alipore,2026-08-14 23:00:00,24.47,1004.55,89.3,normal,none
AWS-004,Kolkata Alipore,2026-08-14 23:10:00,24.46,1004.19,91.2,normal,none
AWS-004,Kolkata Alipore,2026-08-14 23:20:00,23.89,1004.28,87.9,normal,none
AWS-004,Kolkata Alipore,2026-08-14 23:30:00,23.36,1004.51,89.2,normal,none
AWS-004,Kolkata Alipore,2026-08-14 23:40:00,23.19,1004.35,90.3,normal,none
AWS-004,Kolkata Alipore,2026-08-14 23:50:00,23.37,1004.41,92.6,normal,none
AWS-004,Kolkata Alipore,2026-08-15 00:00:00,23.22,1004.26,92.4,normal,none
AWS-004,Kolkata Alipore,2026-08-15 00:10:00,23.33,1004.6,90.8,normal,none
AWS-004,Kolkata Alipore,2026-08-15 00:20:00,22.63,1004.52,93.2,normal,none
AWS-004,Kolkata Alipore,2026-08-15 00:30:00,22.69,1004.5,91.3,normal,none
AWS-004,Kolkata Alipore,2026-08-15 00:40:00,21.97,1004.4,91.5,normal,none
AWS-004,Kolkata Alipore,2026-08-15 00:50:00,22.53,1004.59,89.9,normal,none
AWS-004,Kolkata Alipore,2026-08-15 01:00:00,22.58,1004.58,89.1,normal,none
AWS-004,Kolkata Alipore,2026-08-15 01:10:00,22.59,1004.85,92.9,normal,none
AWS-004,Kolkata Alipore,2026-08-15 01:20:00,21.87,1004.88,92.5,normal,none
AWS-004,Kolkata Alipore,2026-08-15 01:30:00,21.76,1004.95,94.1,normal,none
AWS-004,Kolkata Alipore,2026-08-15 01:40:00,21.86,1005.49,93.0,normal,none
AWS-004,Kolkata Alipore,2026-08-15 01:50:00,22.24,1004.96,91.8,normal,none
AWS-004,Kolkata Alipore,2026-08-15 02:00:00,22.5,1005.51,91.0,normal,none
AWS-004,Kolkata Alipore,2026-08-15 02:10:00,22.14,1005.08,93.9,normal,none
AWS-004,Kolkata Alipore,2026-08-15 02:20:00,22.77,1005.23,91.5,normal,none
AWS-004,Kolkata Alipore,2026-08-15 02:30:00,21.53,1005.29,95.3,normal,none
AWS-004,Kolkata Alipore,2026-08-15 02:40:00,22.25,1005.34,92.4,normal,none
AWS-004,Kolkata Alipore,2026-08-15 02:50:00,21.66,1005.52,92.0,normal,none
AWS-004,Kolkata Alipore,2026-08-15 03:00:00,21.54,1005.47,92.8,normal,none
AWS-004,Kolkata Alipore,2026-08-15 03:10:00,21.85,1005.57,91.5,normal,none
AWS-004,Kolkata Alipore,2026-08-15 03:20:00,21.7,1005.66,91.3,normal,none
AWS-004,Kolkata Alipore,2026-08-15 03:30:00,22.25,1005.82,91.6,normal,none
AWS-004,Kolkata Alipore,2026-08-15 03:40:00,21.78,1005.67,90.8,normal,none
AWS-004,Kolkata Alipore,2026-08-15 03:50:00,22.9,1005.69,90.4,normal,none
AWS-004,Kolkata Alipore,2026-08-15 04:00:00,22.41,1005.56,92.5,normal,none
AWS-004,Kolkata Alipore,2026-08-15 04:10:00,22.5,1005.08,93.3,normal,none
AWS-004,Kolkata Alipore,2026-08-15 04:20:00,22.66,1005.66,90.9,normal,none
AWS-004,Kolkata Alipore,2026-08-15 04:30:00,22.6,1005.8,89.9,normal,none
AWS-004,Kolkata Alipore,2026-08-15 04:40:00,22.76,1005.73,88.9,normal,none
AWS-004,Kolkata Alipore,2026-08-15 04:50:00,23.42,1005.76,90.3,normal,none
AWS-004,Kolkata Alipore,2026-08-15 05:00:00,23.42,1006.23,89.4,normal,none
AWS-004,Kolkata Alipore,2026-08-15 05:10:00,23.24,1006.26,88.9,normal,none
AWS-004,Kolkata Alipore,2026-08-15 05:20:00,23.06,1005.87,90.1,normal,none
AWS-004,Kolkata Alipore,2026-08-15 05:30:00,23.88,1006.2,90.4,normal,none
AWS-004,Kolkata Alipore,2026-08-15 05:40:00,24.62,1006.16,91.5,normal,none
AWS-004,Kolkata Alipore,2026-08-15 05:50:00,24.09,1006.36,87.1,normal,none
AWS-004,Kolkata Alipore,2026-08-15 06:00:00,24.54,1006.22,87.5,normal,none
AWS-004,Kolkata Alipore,2026-08-15 06:10:00,24.66,1006.09,89.9,normal,none
AWS-004,Kolkata Alipore,2026-08-15 06:20:00,24.38,1006.39,88.7,normal,none
AWS-004,Kolkata Alipore,2026-08-15 06:30:00,24.97,1006.26,86.1,normal,none
AWS-004,Kolkata Alipore,2026-08-15 06:40:00,25.28,1006.39,87.3,normal,none
AWS-004,Kolkata Alipore,2026-08-15 06:50:00,25.96,1006.38,86.6,normal,none
AWS-004,Kolkata Alipore,2026-08-15 07:00:00,26.01,1006.19,85.8,normal,none
AWS-004,Kolkata Alipore,2026-08-15 07:10:00,26.29,1006.3,85.3,normal,none
AWS-004,Kolkata Alipore,2026-08-15 07:20:00,26.81,1006.88,83.2,normal,none
AWS-004,Kolkata Alipore,2026-08-15 07:30:00,26.28,1006.28,84.6,normal,none
AWS-004,Kolkata Alipore,2026-08-15 07:40:00,27.44,1006.95,83.1,normal,none
AWS-004,Kolkata Alipore,2026-08-15 07:50:00,27.37,1006.5,83.0,normal,none
AWS-004,Kolkata Alipore,2026-08-15 08:00:00,27.65,1006.6,82.3,normal,none
AWS-004,Kolkata Alipore,2026-08-15 08:10:00,28.31,1006.11,81.8,normal,none
AWS-004,Kolkata Alipore,2026-08-15 08:20:00,27.47,1005.85,81.8,normal,none
AWS-004,Kolkata Alipore,2026-08-15 08:30:00,28.16,1006.31,79.2,normal,none
AWS-004,Kolkata Alipore,2026-08-15 08:40:00,28.45,1006.63,80.6,normal,none
AWS-004,Kolkata Alipore,2026-08-15 08:50:00,29.07,1006.75,79.5,normal,none
AWS-004,Kolkata Alipore,2026-08-15 09:00:00,30.05,1006.49,80.3,normal,none
AWS-004,Kolkata Alipore,2026-08-15 09:10:00,29.51,1006.37,78.4,normal,none
AWS-004,Kolkata Alipore,2026-08-15 09:20:00,29.71,1006.08,78.2,normal,none
AWS-004,Kolkata Alipore,2026-08-15 09:30:00,29.31,1006.3,78.8,normal,none
AWS-004,Kolkata Alipore,2026-08-15 09:40:00,29.81,1006.35,76.8,normal,none
AWS-004,Kolkata Alipore,2026-08-15 09:50:00,30.48,1006.43,76.3,normal,none
AWS-004,Kolkata Alipore,2026-08-15 10:00:00,30.73,1005.83,74.9,normal,none
AWS-004,Kolkata Alipore,2026-08-15 10:10:00,31.03,1006.09,77.5,normal,none
AWS-004,Kolkata Alipore,2026-08-15 10:20:00,31.06,1006.4,74.7,normal,none
AWS-004,Kolkata Alipore,2026-08-15 10:30:00,31.9,1005.99,75.5,normal,none
AWS-004,Kolkata Alipore,2026-08-15 10:40:00,31.69,1006.0,74.7,normal,none
AWS-004,Kolkata Alipore,2026-08-15 10:50:00,32.66,1005.93,73.7,normal,none
AWS-004,Kolkata Alipore,2026-08-15 11:00:00,32.29,1006.07,75.6,normal,none
AWS-004,Kolkata Alipore,2026-08-15 11:10:00,31.94,1006.39,72.8,normal,none
AWS-004,Kolkata Alipore,2026-08-15 11:20:00,32.79,1006.12,73.3,normal,none
AWS-004,Kolkata Alipore,2026-08-15 11:30:00,32.97,1005.94,74.4,normal,none
AWS-004,Kolkata Alipore,2026-08-15 11:40:00,33.2,1005.67,71.3,normal,none
AWS-004,Kolkata Alipore,2026-08-15 11:50:00,33.3,1006.05,73.1,normal,none
AWS-004,Kolkata Alipore,2026-08-15 12:00:00,33.62,1006.45,73.7,normal,none
AWS-004,Kolkata Alipore,2026-08-15 12:10:00,33.28,1005.58,70.7,normal,none
AWS-004,Kolkata Alipore,2026-08-15 12:20:00,33.32,1005.88,70.7,normal,none
AWS-004,Kolkata Alipore,2026-08-15 12:30:00,33.88,1005.46,70.3,normal,none
AWS-004,Kolkata Alipore,2026-08-15 12:40:00,34.13,1005.39,69.7,normal,none
AWS-004,Kolkata Alipore,2026-08-15 12:50:00,34.37,1005.16,70.0,normal,none
AWS-004,Kolkata Alipore,2026-08-15 13:00:00,33.91,1005.2,69.2,normal,none
AWS-004,Kolkata Alipore,2026-08-15 13:10:00,34.65,1004.78,68.5,normal,none
AWS-004,Kolkata Alipore,2026-08-15 13:20:00,34.52,1004.86,68.7,normal,none
AWS-004,Kolkata Alipore,2026-08-15 13:30:00,34.71,1004.67,71.0,normal,none
AWS-004,Kolkata Alipore,2026-08-15 13:40:00,34.29,1005.07,73.4,normal,none
AWS-004,Kolkata Alipore,2026-08-15 13:50:00,34.27,1004.83,68.8,normal,none
AWS-004,Kolkata Alipore,2026-08-15 14:00:00,34.14,1004.67,69.8,normal,none
AWS-004,Kolkata Alipore,2026-08-15 14:10:00,35.43,1004.73,69.4,normal,none
AWS-004,Kolkata Alipore,2026-08-15 14:20:00,34.9,1004.77,68.5,normal,none
AWS-004,Kolkata Alipore,2026-08-15 14:30:00,34.45,1004.37,70.9,normal,none
AWS-004,Kolkata Alipore,2026-08-15 14:40:00,34.86,1004.63,70.0,normal,none
AWS-004,Kolkata Alipore,2026-08-15 14:50:00,35.1,1004.31,69.1,normal,none
AWS-004,Kolkata Alipore,2026-08-15 15:00:00,34.91,1004.44,67.6,normal,none
AWS-004,Kolkata Alipore,2026-08-15 15:10:00,34.67,1003.7,71.9,normal,none
AWS-004,Kolkata Alipore,2026-08-15 15:20:00,34.55,1003.97,70.3,normal,none
AWS-004,Kolkata Alipore,2026-08-15 15:30:00,34.44,1004.2,68.7,normal,none
AWS-004,Kolkata Alipore,2026-08-15 15:40:00,34.43,1003.95,70.9,normal,none
AWS-004,Kolkata Alipore,2026-08-15 15:50:00,34.28,1003.36,70.6,normal,none
AWS-004,Kolkata Alipore,2026-08-15 16:00:00,34.39,1003.64,71.8,normal,none
AWS-004,Kolkata Alipore,2026-08-15 16:10:00,34.45,1004.17,70.9,normal,none
AWS-004,Kolkata Alipore,2026-08-15 16:20:00,34.25,1002.96,69.7,normal,none
AWS-004,Kolkata Alipore,2026-08-15 16:30:00,33.9,1003.44,71.7,normal,none
AWS-004,Kolkata Alipore,2026-08-15 16:40:00,34.07,1003.39,69.6,normal,none
AWS-004,Kolkata Alipore,2026-08-15 16:50:00,34.15,1003.09,71.3,normal,none
AWS-004,Kolkata Alipore,2026-08-15 17:00:00,34.01,1003.33,69.4,normal,none
AWS-004,Kolkata Alipore,2026-08-15 17:10:00,33.92,1003.19,72.4,normal,none
AWS-004,Kolkata Alipore,2026-08-15 17:20:00,33.36,1002.55,69.7,normal,none
AWS-004,Kolkata Alipore,2026-08-15 17:30:00,32.88,1002.93,72.0,normal,none
AWS-004,Kolkata Alipore,2026-08-15 17:40:00,33.38,1003.05,73.2,normal,none
AWS-004,Kolkata Alipore,2026-08-15 17:50:00,33.3,1003.14,72.3,normal,none
AWS-004,Kolkata Alipore,2026-08-15 18:00:00,33.29,1002.88,74.0,normal,none
AWS-004,Kolkata Alipore,2026-08-15 18:10:00,32.66,1002.81,73.6,normal,none
AWS-004,Kolkata Alipore,2026-08-15 18:20:00,32.97,1002.56,74.7,normal,none
AWS-004,Kolkata Alipore,2026-08-15 18:30:00,32.29,1003.25,75.5,normal,none
AWS-004,Kolkata Alipore,2026-08-15 18:40:00,31.84,1002.79,74.7,normal,none
AWS-004,Kolkata Alipore,2026-08-15 18:50:00,31.56,1002.81,74.0,normal,none
AWS-004,Kolkata Alipore,2026-08-15 19:00:00,30.79,1002.57,74.9,normal,none
AWS-004,Kolkata Alipore,2026-08-15 19:10:00,31.61,1002.34,77.2,normal,none
AWS-004,Kolkata Alipore,2026-08-15 19:20:00,30.43,1002.31,76.2,normal,none
AWS-004,Kolkata Alipore,2026-08-15 19:30:00,31.12,1002.52,78.1,normal,none
AWS-004,Kolkata Alipore,2026-08-15 19:40:00,29.89,1002.45,77.6,normal,none
AWS-004,Kolkata Alipore,2026-08-15 19:50:00,31.16,1002.66,78.7,normal,none
AWS-004,Kolkata Alipore,2026-08-15 20:00:00,29.91,1002.63,77.5,normal,none
AWS-004,Kolkata Alipore,2026-08-15 20:10:00,30.26,1002.27,78.6,normal,none
AWS-004,Kolkata Alipore,2026-08-15 20:20:00,29.69,1002.59,78.6,normal,none
AWS-004,Kolkata Alipore,2026-08-15 20:30:00,29.62,1002.17,81.7,normal,none
AWS-004,Kolkata Alipore,2026-08-15 20:40:00,28.82,1002.59,79.7,normal,none
AWS-004,Kolkata Alipore,2026-08-15 20:50:00,30.13,1002.22,78.6,normal,none
AWS-004,Kolkata Alipore,2026-08-15 21:00:00,29.3,1002.38,82.2,normal,none
AWS-004,Kolkata Alipore,2026-08-15 21:10:00,29.04,1002.18,82.0,normal,none
AWS-004,Kolkata Alipore,2026-08-15 21:20:00,28.3,1002.22,83.7,normal,none
AWS-004,Kolkata Alipore,2026-08-15 21:30:00,27.74,1002.42,81.9,normal,none
AWS-004,Kolkata Alipore,2026-08-15 21:40:00,27.71,1002.12,80.3,normal,none
AWS-004,Kolkata Alipore,2026-08-15 21:50:00,27.51,1002.33,84.8,normal,none
AWS-004,Kolkata Alipore,2026-08-15 22:00:00,27.35,1002.43,84.2,normal,none
AWS-004,Kolkata Alipore,2026-08-15 22:10:00,26.48,1002.04,84.0,normal,none
AWS-004,Kolkata Alipore,2026-08-15 22:20:00,26.56,1002.75,85.5,normal,none
AWS-004,Kolkata Alipore,2026-08-15 22:30:00,26.48,1002.6,83.5,normal,none
AWS-004,Kolkata Alipore,2026-08-15 22:40:00,26.52,1002.21,85.2,normal,none
AWS-004,Kolkata Alipore,2026-08-15 22:50:00,25.95,1002.48,85.1,normal,none
AWS-004,Kolkata Alipore,2026-08-15 23:00:00,26.26,1002.59,83.0,normal,none
AWS-004,Kolkata Alipore,2026-08-15 23:10:00,25.77,1002.2,87.7,normal,none
AWS-004,Kolkata Alipore,2026-08-15 23:20:00,25.74,1002.63,87.3,normal,none
AWS-004,Kolkata Alipore,2026-08-15 23:30:00,24.54,1003.11,84.9,normal,none
AWS-004,Kolkata Alipore,2026-08-15 23:40:00,24.98,1002.43,85.4,normal,none
AWS-004,Kolkata Alipore,2026-08-15 23:50:00,24.73,1002.67,89.4,normal,none
